town_id,locality_id,n_addresses,pct_DIRECT_VISIT,pct_VISIT_WITH_HINT,pct_VERIFY_FIRST,pct_CANNOT_GEOCODE,median_radius_90,n_visits,not_traceable_rate
OUT,ALL,237,0.0,0.0,0.0,100.0,,0,
OUT,UNKNOWN,237,0.0,0.0,0.0,100.0,,0,
T1,ALL,942,46.1,36.7,17.2,0.0,133.0,1906,0.256
T1,T1-L01,69,33.3,47.8,18.8,0.0,140.0,113,0.239
T1,T1-L02,57,43.9,36.8,19.3,0.0,133.0,74,0.149
T1,T1-L03,62,50.0,32.3,17.7,0.0,108.0,120,0.292
T1,T1-L04,124,58.9,25.8,15.3,0.0,45.0,325,0.169
T1,T1-L05,38,21.1,57.9,21.1,0.0,292.0,33,0.455
T1,T1-L06,47,40.4,36.2,23.4,0.0,215.0,51,0.392
T1,T1-L07,51,43.1,33.3,23.5,0.0,133.0,52,0.173
T1,T1-L08,72,50.0,37.5,12.5,0.0,86.0,146,0.253
T1,T1-L09,40,35.0,52.5,12.5,0.0,255.0,38,0.316
T1,T1-L10,24,8.3,54.2,37.5,0.0,329.0,6,0.5
T1,T1-L11,190,65.3,25.8,8.9,0.0,38.0,647,0.189
T1,T1-L12,50,22.0,52.0,26.0,0.0,329.0,39,0.231
T1,UNKNOWN,118,39.0,40.7,20.3,0.0,396.0,262,0.504
T2,ALL,952,41.2,49.6,9.2,0.0,226.0,1825,0.22
T2,T2-L01,65,47.7,44.6,7.7,0.0,201.0,128,0.234
T2,T2-L02,79,39.2,51.9,8.9,0.0,232.0,118,0.161
T2,T2-L03,54,29.6,57.4,13.0,0.0,266.0,66,0.076
T2,T2-L04,36,11.1,75.0,13.9,0.0,329.0,16,0.625
T2,T2-L05,54,25.9,61.1,13.0,0.0,276.0,60,0.217
T2,T2-L06,85,40.0,55.3,4.7,0.0,226.0,151,0.225
T2,T2-L07,46,15.2,60.9,23.9,0.0,302.0,38,0.553
T2,T2-L08,128,46.1,43.8,10.2,0.0,196.0,304,0.207
T2,T2-L09,56,41.1,50.0,8.9,0.0,230.0,99,0.253
T2,T2-L10,87,43.7,48.3,8.0,0.0,215.0,188,0.191
T2,T2-L11,147,68.0,29.9,2.0,0.0,38.0,467,0.133
T2,T2-L12,32,12.5,81.2,6.2,0.0,329.0,13,0.154
T2,UNKNOWN,83,37.3,48.2,14.5,0.0,396.0,177,0.463
T3,ALL,986,39.0,54.2,6.8,0.0,175.0,1616,0.274
T3,T3-L01,65,29.2,61.5,9.2,0.0,194.0,62,0.339
T3,T3-L02,69,31.9,65.2,2.9,0.0,175.0,68,0.235
T3,T3-L03,75,34.7,61.3,4.0,0.0,180.0,80,0.3
T3,T3-L04,37,5.4,73.0,21.6,0.0,329.0,8,0.375
T3,T3-L05,101,53.5,37.6,8.9,0.0,60.0,265,0.257
T3,T3-L06,106,57.5,42.5,0.0,0.0,63.0,265,0.196
T3,T3-L07,91,44.0,49.5,6.6,0.0,149.0,162,0.123
T3,T3-L08,122,45.1,54.1,0.8,0.0,149.0,200,0.22
T3,T3-L09,26,15.4,65.4,19.2,0.0,329.0,10,0.1
T3,T3-L10,98,39.8,55.1,5.1,0.0,175.0,196,0.332
T3,T3-L11,81,46.9,51.9,1.2,0.0,149.0,141,0.248
T3,T3-L12,34,11.8,61.8,26.5,0.0,329.0,21,0.571
T3,UNKNOWN,81,25.9,59.3,14.8,0.0,396.0,138,0.587
