visit_id,address_id,town_id,visit_date,last_hit,checkin_dist_m,search_dist_m,baseline_dist_m,daybefore_action,daybefore_dist_m,daybefore_r90,within_r90,pin_would_lead
VS000001,AD000840,T1,2026-04-01,2026-06-01,1934.4,1787.6,1977.2,VISIT_WITH_HINT,3062.5,396.0,False,False
VS000004,AD000785,T1,2026-04-01,2026-06-22,1066.0,17.0,1035.6,VISIT_WITH_HINT,1411.6,396.0,False,False
VS000008,AD002771,T1,2026-04-01,2026-06-08,862.2,443.5,832.9,VISIT_WITH_HINT,1349.9,396.0,False,False
VS000013,AD001267,T1,2026-04-01,2026-04-11,472.5,452.4,509.3,VISIT_WITH_HINT,279.9,329.0,True,True
VS000021,AD002537,T1,2026-04-01,2026-06-23,1141.2,711.6,965.7,VISIT_WITH_HINT,274.8,396.0,True,True
VS000026,AD000539,T2,2026-04-01,2026-06-22,1434.5,1283.2,1342.0,VISIT_WITH_HINT,242.9,396.0,True,True
VS000029,AD002973,T2,2026-04-01,2026-06-22,928.1,345.2,1091.0,VISIT_WITH_HINT,1555.7,396.0,False,False
VS000043,AD003015,T2,2026-04-01,2026-06-25,430.3,119.0,405.3,VISIT_WITH_HINT,180.1,329.0,True,False
VS000044,AD003007,T2,2026-04-01,2026-04-23,290.3,110.0,163.2,VISIT_WITH_HINT,133.4,329.0,True,False
VS000047,AD002669,T2,2026-04-01,2026-05-15,2690.0,465.7,2717.3,VERIFY_FIRST,2501.5,2278.0,False,False
VS000057,AD001534,T3,2026-04-01,2026-06-29,1758.3,456.6,1645.4,VERIFY_FIRST,1562.3,2278.0,True,False
VS000058,AD000617,T3,2026-04-01,2026-06-23,408.3,282.0,464.6,VISIT_WITH_HINT,193.8,329.0,True,False
VS000059,AD001333,T3,2026-04-01,2026-05-02,334.9,237.3,337.1,VISIT_WITH_HINT,216.7,329.0,True,False
VS000075,AD001649,T1,2026-04-02,2026-06-05,517.8,238.2,620.3,VERIFY_FIRST,564.2,569.0,True,False
VS000077,AD002332,T1,2026-04-02,2026-06-26,1436.1,806.0,1525.5,VISIT_WITH_HINT,2685.4,396.0,False,False
VS000080,AD003004,T1,2026-04-02,2026-06-15,385.8,123.2,322.8,VERIFY_FIRST,390.4,569.0,True,False
VS000098,AD001638,T1,2026-04-02,2026-06-09,274.2,229.9,327.2,VERIFY_FIRST,312.7,569.0,True,False
VS000099,AD002665,T2,2026-04-02,2026-06-04,164.2,77.5,192.1,VISIT_WITH_HINT,130.8,329.0,True,False
VS000108,AD000792,T2,2026-04-02,2026-06-15,1479.7,44.4,1378.9,VERIFY_FIRST,1294.5,569.0,False,False
VS000109,AD001767,T2,2026-04-02,2026-04-14,61.1,26.6,49.5,VISIT_WITH_HINT,140.2,329.0,True,False
VS000110,AD002339,T2,2026-04-02,2026-06-09,217.2,91.2,482.3,VERIFY_FIRST,351.6,569.0,True,False
VS000112,AD003065,T2,2026-04-02,2026-06-25,358.7,247.9,437.6,VERIFY_FIRST,360.9,569.0,True,False
VS000114,AD000686,T2,2026-04-02,2026-05-12,447.8,311.8,406.1,VISIT_WITH_HINT,172.2,329.0,True,False
VS000125,AD002614,T3,2026-04-02,2026-06-22,244.3,10.9,382.8,VISIT_WITH_HINT,7.7,175.0,True,False
VS000130,AD002253,T3,2026-04-02,2026-06-08,490.6,301.6,375.7,VISIT_WITH_HINT,337.8,329.0,False,False
VS000131,AD000094,T3,2026-04-02,2026-06-29,213.2,33.8,71.4,VISIT_WITH_HINT,102.4,329.0,True,False
VS000132,AD000023,T3,2026-04-02,2026-06-29,446.6,328.0,380.4,VISIT_WITH_HINT,66.4,194.0,True,True
VS000135,AD001896,T3,2026-04-02,2026-04-13,3975.2,3972.1,132.8,VISIT_WITH_HINT,186.0,333.0,True,True
VS000137,AD002471,T3,2026-04-02,2026-04-23,550.8,509.6,608.7,VERIFY_FIRST,515.6,569.0,True,False
VS000139,AD001170,T3,2026-04-02,2026-06-10,347.2,139.7,166.8,VERIFY_FIRST,276.6,569.0,True,False
VS000140,AD000397,T3,2026-04-02,2026-05-16,358.0,233.0,256.5,VERIFY_FIRST,164.8,569.0,True,False
VS000142,AD002102,T3,2026-04-02,2026-06-24,293.9,258.5,327.6,VISIT_WITH_HINT,264.6,329.0,True,False
VS000143,AD001480,T3,2026-04-02,2026-06-19,695.0,641.0,805.1,VISIT_WITH_HINT,497.3,329.0,False,False
VS000148,AD001256,T1,2026-04-03,2026-06-25,791.0,534.5,542.8,VERIFY_FIRST,563.2,569.0,True,False
VS000159,AD002180,T1,2026-04-03,2026-05-05,276.7,212.1,247.0,VISIT_WITH_HINT,39.1,140.0,True,True
VS000160,AD001808,T1,2026-04-03,2026-05-23,61.1,61.1,161.7,VERIFY_FIRST,241.4,569.0,True,False
VS000166,AD001479,T1,2026-04-03,2026-06-15,672.8,505.9,507.8,VERIFY_FIRST,469.8,569.0,True,False
VS000167,AD001383,T1,2026-04-03,2026-04-15,989.3,490.1,929.2,VERIFY_FIRST,1176.5,2278.0,True,False
VS000168,AD001273,T1,2026-04-03,2026-06-11,194.5,146.4,449.1,VISIT_WITH_HINT,172.8,329.0,True,False
VS000171,AD000963,T1,2026-04-03,2026-06-01,338.1,79.2,286.5,VISIT_WITH_HINT,1818.6,396.0,False,False
VS000178,AD000495,T2,2026-04-03,2026-04-20,558.9,421.4,417.4,VERIFY_FIRST,352.0,569.0,True,False
VS000184,AD002794,T2,2026-04-03,2026-06-15,533.5,245.4,319.1,VISIT_WITH_HINT,52.8,296.0,True,False
VS000188,AD000841,T2,2026-04-03,2026-05-15,503.2,272.7,284.2,VISIT_WITH_HINT,163.0,285.0,True,False
VS000189,AD002244,T2,2026-04-03,2026-06-18,1106.3,360.8,1114.2,VISIT_WITH_HINT,1116.6,329.0,False,False
VS000190,AD000032,T2,2026-04-03,2026-06-15,303.3,143.1,371.6,VERIFY_FIRST,333.8,569.0,True,False
VS000192,AD000642,T2,2026-04-03,2026-05-06,1081.4,558.2,613.3,VERIFY_FIRST,544.6,569.0,True,False
VS000193,AD000386,T2,2026-04-03,2026-06-20,464.0,103.6,295.2,VISIT_WITH_HINT,101.4,329.0,True,False
VS000195,AD001577,T2,2026-04-03,2026-06-20,505.1,230.8,634.9,VERIFY_FIRST,512.6,569.0,True,False
VS000196,AD002531,T2,2026-04-03,2026-06-09,980.2,153.3,1072.9,VERIFY_FIRST,1078.8,569.0,False,False
VS000200,AD002932,T3,2026-04-03,2026-06-25,447.3,390.7,386.2,VISIT_WITH_HINT,77.7,329.0,True,True
VS000205,AD000576,T3,2026-04-03,2026-06-25,155.0,22.8,145.4,VISIT_WITH_HINT,123.2,329.0,True,False
VS000206,AD001715,T3,2026-04-03,2026-06-20,3081.4,233.0,2668.0,VERIFY_FIRST,2560.3,2278.0,False,False
VS000212,AD000869,T3,2026-04-03,2026-06-26,228.6,227.5,319.7,VISIT_WITH_HINT,170.8,329.0,True,False
VS000223,AD001468,T1,2026-04-04,2026-05-06,556.6,218.1,219.0,VERIFY_FIRST,356.8,569.0,True,False
VS000229,AD001047,T1,2026-04-04,2026-05-04,363.9,135.0,183.8,VISIT_WITH_HINT,181.2,255.0,True,False
VS000233,AD002457,T1,2026-04-04,2026-04-27,485.5,420.7,542.5,VERIFY_FIRST,471.6,569.0,True,False
VS000234,AD000363,T1,2026-04-04,2026-06-05,1976.5,517.2,1686.0,VISIT_WITH_HINT,1988.4,329.0,False,False
VS000236,AD002624,T1,2026-04-04,2026-06-25,448.3,371.8,723.9,VISIT_WITH_HINT,454.9,329.0,False,False
VS000237,AD002103,T1,2026-04-04,2026-06-29,810.9,514.5,532.0,VERIFY_FIRST,512.9,569.0,True,False
VS000239,AD001087,T1,2026-04-04,2026-06-25,1402.6,86.6,1310.4,VISIT_WITH_HINT,2503.3,396.0,False,False
VS000240,AD000286,T1,2026-04-04,2026-06-23,487.1,349.5,396.2,VERIFY_FIRST,370.2,569.0,True,False
VS000243,AD000049,T2,2026-04-04,2026-06-25,362.8,90.8,349.1,VISIT_WITH_HINT,273.5,329.0,True,False
VS000244,AD002936,T2,2026-04-04,2026-06-29,165.0,165.0,326.1,VERIFY_FIRST,275.5,569.0,True,False
VS000247,AD002728,T2,2026-04-04,2026-05-15,955.7,284.4,624.3,VISIT_WITH_HINT,189.0,296.0,True,False
VS000248,AD000268,T2,2026-04-04,2026-04-28,602.1,346.3,397.2,VERIFY_FIRST,330.2,569.0,True,False
VS000249,AD002176,T2,2026-04-04,2026-05-15,577.6,222.2,439.3,VERIFY_FIRST,391.4,569.0,True,False
VS000254,AD001493,T2,2026-04-04,2026-06-27,219.1,219.1,429.0,VERIFY_FIRST,262.8,569.0,True,False
VS000260,AD001127,T2,2026-04-04,2026-06-17,466.7,209.1,222.1,VERIFY_FIRST,280.5,569.0,True,False
VS000264,AD002749,T2,2026-04-04,2026-05-28,650.6,580.6,638.3,VISIT_WITH_HINT,409.1,329.0,False,False
VS000267,AD002224,T2,2026-04-04,2026-06-01,476.4,351.7,519.8,VISIT_WITH_HINT,967.3,396.0,False,False
VS000272,AD001128,T3,2026-04-04,2026-06-15,744.6,424.8,544.6,VISIT_WITH_HINT,389.0,234.0,False,False
VS000278,AD001620,T3,2026-04-04,2026-06-27,483.3,374.1,483.6,VERIFY_FIRST,445.0,569.0,True,False
VS000280,AD001162,T3,2026-04-04,2026-04-24,287.6,269.6,374.0,VERIFY_FIRST,331.9,569.0,True,False
VS000283,AD002720,T3,2026-04-04,2026-06-06,953.6,400.9,560.0,VISIT_WITH_HINT,332.4,329.0,False,False
VS000289,AD002890,T3,2026-04-04,2026-06-15,1795.5,1723.8,1819.0,VISIT_WITH_HINT,381.7,396.0,True,True
VS000292,AD002737,T3,2026-04-04,2026-06-01,144.0,42.4,189.2,VISIT_WITH_HINT,262.6,329.0,True,False
VS000298,AD001063,T1,2026-04-06,2026-04-16,452.7,406.2,587.1,VISIT_WITH_HINT,435.5,329.0,False,False
VS000300,AD002462,T1,2026-04-06,2026-04-16,406.6,380.3,477.7,VISIT_WITH_HINT,149.3,329.0,True,True
VS000302,AD001775,T1,2026-04-06,2026-06-29,324.8,244.4,298.1,VISIT_WITH_HINT,128.6,329.0,True,False
VS000303,AD000867,T1,2026-04-06,2026-06-09,93.7,46.2,298.8,VERIFY_FIRST,357.8,569.0,True,False
VS000305,AD000066,T1,2026-04-06,2026-05-30,274.8,260.9,381.1,VERIFY_FIRST,213.4,569.0,True,False
VS000315,AD000895,T1,2026-04-06,2026-04-22,358.6,180.7,229.5,VISIT_WITH_HINT,196.4,255.0,True,False
VS000316,AD001322,T1,2026-04-06,2026-05-06,1819.0,883.5,1816.4,VERIFY_FIRST,1588.2,2278.0,True,False
VS000333,AD001929,T2,2026-04-06,2026-04-17,437.8,89.1,269.4,VISIT_WITH_HINT,199.9,239.0,True,False
VS000336,AD002796,T2,2026-04-06,2026-04-27,3363.3,2971.8,3004.6,VERIFY_FIRST,3047.3,2278.0,False,False
VS000351,AD002997,T3,2026-04-06,2026-06-13,284.6,219.6,430.4,VERIFY_FIRST,363.9,569.0,True,False
VS000354,AD000153,T3,2026-04-06,2026-06-29,385.8,284.9,371.6,VISIT_WITH_HINT,125.6,257.0,True,True
VS000355,AD001064,T3,2026-04-06,2026-06-29,1371.6,321.6,1135.1,VERIFY_FIRST,1151.2,569.0,False,False
VS000356,AD001384,T3,2026-04-06,2026-04-27,260.6,259.7,383.1,VISIT_WITH_HINT,34.7,175.0,True,True
VS000358,AD000170,T3,2026-04-06,2026-05-30,1722.0,356.2,1827.7,VERIFY_FIRST,1800.4,569.0,False,False
VS000361,AD000098,T3,2026-04-06,2026-06-20,172.4,143.9,378.7,VISIT_WITH_HINT,255.0,329.0,True,False
VS000362,AD002504,T3,2026-04-06,2026-06-08,186.0,157.8,182.2,VISIT_WITH_HINT,50.3,257.0,True,False
VS000376,AD001753,T1,2026-04-07,2026-06-18,229.9,68.0,85.6,VISIT_WITH_HINT,46.1,215.0,True,False
VS000377,AD002802,T1,2026-04-07,2026-06-08,362.1,219.3,248.7,VISIT_WITH_HINT,93.7,329.0,True,False
VS000378,AD001900,T1,2026-04-07,2026-06-29,1926.9,431.9,1828.9,VISIT_WITH_HINT,1901.5,329.0,False,False
VS000382,AD003026,T1,2026-04-07,2026-06-29,463.3,384.8,401.9,VISIT_WITH_HINT,312.9,329.0,True,True
VS000384,AD000389,T1,2026-04-07,2026-06-22,1555.7,664.0,1896.6,VISIT_WITH_HINT,2501.7,396.0,False,False
VS000385,AD001815,T1,2026-04-07,2026-06-29,55.9,20.4,364.7,VISIT_WITH_HINT,305.0,329.0,True,False
VS000386,AD001154,T1,2026-04-07,2026-06-09,800.0,673.2,846.0,VERIFY_FIRST,752.0,569.0,False,False
VS000391,AD000649,T1,2026-04-07,2026-05-23,397.7,156.9,190.9,VISIT_WITH_HINT,211.8,255.0,True,False
VS000396,AD001318,T2,2026-04-07,2026-06-24,72.6,24.4,144.8,VISIT_WITH_HINT,102.3,215.0,True,False
VS000402,AD000975,T2,2026-04-07,2026-05-29,280.1,121.0,152.9,VISIT_WITH_HINT,484.9,329.0,False,False
VS000418,AD000099,T3,2026-04-07,2026-06-20,370.7,43.2,532.8,VISIT_WITH_HINT,285.0,329.0,True,False
VS000421,AD000915,T3,2026-04-07,2026-06-20,886.6,169.1,1070.9,VERIFY_FIRST,1117.9,569.0,False,False
VS000425,AD000191,T3,2026-04-07,2026-04-25,398.8,171.2,272.1,VERIFY_FIRST,255.1,569.0,True,False
VS000432,AD002506,T3,2026-04-07,2026-05-01,83.2,82.7,78.9,VISIT_WITH_HINT,141.8,329.0,True,False
VS000435,AD002157,T3,2026-04-07,2026-06-09,333.3,309.9,334.5,VISIT_WITH_HINT,117.2,194.0,True,True
VS000436,AD000239,T3,2026-04-07,2026-06-22,170.6,95.9,101.5,VISIT_WITH_HINT,75.5,149.0,True,False
VS000437,AD000779,T1,2026-04-08,2026-06-24,401.3,221.0,309.6,VISIT_WITH_HINT,130.0,329.0,True,False
VS000438,AD000209,T1,2026-04-08,2026-04-18,215.2,143.1,181.7,VISIT_WITH_HINT,216.0,329.0,True,False
VS000447,AD000753,T1,2026-04-08,2026-06-09,475.9,259.7,360.0,VERIFY_FIRST,399.5,569.0,True,False
VS000454,AD000738,T1,2026-04-08,2026-05-18,361.5,216.7,245.6,VISIT_WITH_HINT,102.9,329.0,True,False
VS000455,AD002914,T1,2026-04-08,2026-06-18,2218.3,1023.4,2256.5,VERIFY_FIRST,2263.5,569.0,False,False
VS000461,AD001110,T1,2026-04-08,2026-06-18,538.2,354.0,403.7,VERIFY_FIRST,310.5,569.0,True,False
VS000466,AD001584,T2,2026-04-08,2026-06-03,256.3,129.3,323.3,VISIT_WITH_HINT,214.2,437.0,True,False
VS000467,AD000817,T2,2026-04-08,2026-06-18,244.1,170.9,232.3,VISIT_WITH_HINT,135.3,329.0,True,False
VS000470,AD000182,T2,2026-04-08,2026-05-30,264.1,43.0,206.4,VISIT_WITH_HINT,139.8,296.0,True,False
VS000474,AD001339,T2,2026-04-08,2026-05-26,507.2,220.9,358.7,VISIT_WITH_HINT,224.4,437.0,True,False
VS000478,AD002057,T2,2026-04-08,2026-06-02,1016.7,134.0,1100.9,VISIT_WITH_HINT,1626.2,396.0,False,False
VS000479,AD000674,T2,2026-04-08,2026-04-29,1284.1,1188.9,1253.3,VISIT_WITH_HINT,148.2,396.0,True,True
VS000483,AD000581,T2,2026-04-08,2026-04-18,430.3,309.5,339.2,VERIFY_FIRST,383.2,569.0,True,False
VS000484,AD001851,T2,2026-04-08,2026-06-10,1662.9,64.8,1920.5,VISIT_WITH_HINT,118.8,396.0,True,False
VS000486,AD002675,T3,2026-04-08,2026-05-26,134.6,77.2,185.9,VISIT_WITH_HINT,56.2,329.0,True,False
VS000491,AD000662,T3,2026-04-08,2026-05-26,182.2,182.2,276.4,VISIT_WITH_HINT,154.0,329.0,True,False
VS000493,AD001219,T3,2026-04-08,2026-06-15,1329.7,1314.1,1742.1,VISIT_WITH_HINT,651.4,333.0,False,False
VS000496,AD002712,T3,2026-04-08,2026-06-16,608.0,339.4,575.1,VISIT_WITH_HINT,126.0,237.0,True,True
VS000500,AD001947,T3,2026-04-08,2026-05-14,273.4,79.8,241.2,VISIT_WITH_HINT,343.5,304.0,False,False
VS000504,AD001524,T3,2026-04-08,2026-06-22,692.5,630.2,787.2,VISIT_WITH_HINT,348.1,304.0,False,False
VS000505,AD002603,T3,2026-04-08,2026-06-11,1479.7,360.6,1535.0,VISIT_WITH_HINT,3530.1,396.0,False,False
VS000507,AD002968,T3,2026-04-08,2026-05-27,473.8,239.0,402.2,VISIT_WITH_HINT,180.1,286.0,True,False
VS000511,AD000247,T1,2026-04-09,2026-06-26,1317.1,158.3,1243.3,VISIT_WITH_HINT,321.7,396.0,True,False
VS000512,AD001035,T1,2026-04-09,2026-05-12,789.5,482.0,608.2,VISIT_WITH_HINT,215.5,329.0,True,True
VS000517,AD002161,T1,2026-04-09,2026-05-08,359.9,98.9,353.6,VISIT_WITH_HINT,49.4,329.0,True,False
VS000526,AD002579,T1,2026-04-09,2026-05-22,183.5,42.3,289.6,VERIFY_FIRST,285.6,569.0,True,False
VS000535,AD001720,T2,2026-04-09,2026-05-20,873.3,391.8,552.6,VISIT_WITH_HINT,255.2,285.0,True,True
VS000541,AD002341,T2,2026-04-09,2026-06-23,1549.0,596.3,1654.6,VERIFY_FIRST,1698.0,569.0,False,False
VS000550,AD000194,T2,2026-04-09,2026-06-26,1333.6,1265.5,1479.0,VERIFY_FIRST,1330.5,2278.0,True,False
VS000551,AD002723,T2,2026-04-09,2026-05-13,518.8,425.6,439.2,VISIT_WITH_HINT,334.9,437.0,True,False
VS000553,AD003040,T2,2026-04-09,2026-05-13,314.8,125.3,120.5,VISIT_WITH_HINT,67.9,296.0,True,False
VS000571,AD001734,T3,2026-04-09,2026-06-26,479.4,306.7,396.8,VISIT_WITH_HINT,143.4,175.0,True,True
VS000577,AD000570,T3,2026-04-09,2026-06-22,330.6,122.5,245.4,VISIT_WITH_HINT,519.8,329.0,False,False
VS000581,AD001197,T3,2026-04-09,2026-06-01,950.8,580.6,765.6,VISIT_WITH_HINT,201.5,237.0,True,True
VS000583,AD001622,T3,2026-04-09,2026-05-01,441.1,148.5,451.3,VISIT_WITH_HINT,1105.1,175.0,False,False
VS000588,AD002217,T1,2026-04-10,2026-06-10,430.0,167.7,340.2,VERIFY_FIRST,266.3,569.0,True,False
VS000592,AD000251,T1,2026-04-10,2026-04-25,375.6,108.5,358.6,VERIFY_FIRST,337.9,569.0,True,False
VS000604,AD002925,T1,2026-04-10,2026-06-13,494.3,246.7,346.8,VISIT_WITH_HINT,250.6,329.0,True,False
VS000608,AD001523,T2,2026-04-10,2026-06-11,382.9,308.8,354.0,VISIT_WITH_HINT,123.2,285.0,True,True
VS000610,AD002872,T2,2026-04-10,2026-06-11,589.2,509.8,507.4,VISIT_WITH_HINT,397.7,437.0,True,True
VS000614,AD002540,T2,2026-04-10,2026-06-24,527.2,311.6,361.6,VISIT_WITH_HINT,299.9,329.0,True,False
VS000615,AD002262,T2,2026-04-10,2026-06-29,458.3,431.8,432.1,VISIT_WITH_HINT,45.8,329.0,True,True
VS000617,AD002126,T2,2026-04-10,2026-06-24,346.1,329.7,405.2,VERIFY_FIRST,422.0,569.0,True,False
VS000622,AD000076,T2,2026-04-10,2026-04-22,378.1,202.3,219.4,VERIFY_FIRST,192.9,569.0,True,False
VS000630,AD002988,T3,2026-04-10,2026-05-18,626.1,426.4,619.5,VERIFY_FIRST,534.6,569.0,True,False
VS000649,AD001812,T3,2026-04-10,2026-05-21,440.2,166.2,417.8,VISIT_WITH_HINT,220.6,329.0,True,False
VS000654,AD002771,T1,2026-04-11,2026-06-08,737.8,62.4,832.9,VISIT_WITH_HINT,1349.9,396.0,False,False
VS000656,AD002806,T1,2026-04-11,2026-05-21,489.3,464.3,613.7,DIRECT_VISIT,6.5,43.0,True,True
VS000657,AD001233,T1,2026-04-11,2026-06-15,407.1,387.3,514.5,DIRECT_VISIT,2.4,70.0,True,True
VS000658,AD000785,T1,2026-04-11,2026-06-22,945.9,291.1,1035.6,VISIT_WITH_HINT,1411.6,396.0,False,False
VS000669,AD002537,T1,2026-04-11,2026-06-23,809.1,762.4,965.7,VISIT_WITH_HINT,274.8,396.0,True,True
VS000670,AD002691,T1,2026-04-11,2026-06-22,1958.5,1435.8,1651.1,DIRECT_VISIT,260.9,57.0,False,False
VS000685,AD001013,T2,2026-04-11,2026-06-22,130.8,110.4,199.2,DIRECT_VISIT,4.3,33.0,True,True
VS000686,AD002576,T2,2026-04-11,2026-06-11,411.4,372.7,545.7,DIRECT_VISIT,1.6,37.0,True,True
VS000695,AD002091,T2,2026-04-11,2026-06-11,186.8,161.2,253.0,VISIT_WITH_HINT,91.4,372.0,True,False
VS000700,AD001079,T3,2026-04-11,2026-06-02,159.4,16.1,10.7,VISIT_WITH_HINT,12.2,127.0,True,False
VS000704,AD001333,T3,2026-04-11,2026-05-02,227.4,221.0,337.1,VISIT_WITH_HINT,216.7,329.0,True,False
VS000708,AD002609,T3,2026-04-11,2026-05-25,2271.7,573.3,2009.5,VERIFY_FIRST,1904.2,2278.0,True,False
VS000713,AD000532,T3,2026-04-11,2026-05-30,482.4,453.9,537.4,VISIT_WITH_HINT,245.1,257.0,True,True
VS000714,AD000451,T3,2026-04-11,2026-05-25,369.7,263.9,381.4,VISIT_WITH_HINT,214.1,333.0,True,False
VS000718,AD002981,T3,2026-04-11,2026-04-22,230.5,120.3,242.7,DIRECT_VISIT,0.0,34.0,True,True
VS000729,AD002332,T1,2026-04-13,2026-06-26,1343.9,847.3,1525.5,VISIT_WITH_HINT,2685.4,396.0,False,False
VS000735,AD000919,T1,2026-04-13,2026-06-04,370.9,75.5,262.6,VISIT_WITH_HINT,170.9,329.0,True,False
VS000736,AD001509,T1,2026-04-13,2026-06-29,771.4,585.9,577.5,DIRECT_VISIT,0.8,31.0,True,True
VS000753,AD000841,T2,2026-04-13,2026-05-15,189.5,63.6,284.2,VISIT_WITH_HINT,163.0,285.0,True,False
VS000757,AD003007,T2,2026-04-13,2026-04-23,318.3,159.2,163.2,VISIT_WITH_HINT,133.4,329.0,True,False
VS000758,AD002669,T2,2026-04-13,2026-05-15,2890.0,292.1,2717.3,VERIFY_FIRST,2501.5,3348.0,True,False
VS000764,AD000792,T2,2026-04-13,2026-06-15,1297.2,140.9,1378.9,VERIFY_FIRST,1294.5,837.0,False,False
VS000766,AD000686,T2,2026-04-13,2026-05-12,147.5,72.3,406.1,VISIT_WITH_HINT,155.8,285.0,True,False
VS000771,AD000613,T2,2026-04-13,2026-05-16,176.4,1.8,331.6,DIRECT_VISIT,0.4,53.0,True,False
VS000772,AD000365,T2,2026-04-13,2026-06-06,620.3,487.9,689.0,VISIT_WITH_HINT,1616.4,396.0,False,False
VS000773,AD002043,T2,2026-04-13,2026-04-24,617.8,569.2,582.8,VERIFY_FIRST,538.1,569.0,True,False
VS000784,AD000094,T3,2026-04-13,2026-06-29,200.1,9.3,71.4,VISIT_WITH_HINT,102.4,329.0,True,False
VS000791,AD001170,T3,2026-04-13,2026-06-10,229.7,154.4,166.8,VISIT_WITH_HINT,163.7,304.0,True,False
VS000798,AD002380,T3,2026-04-13,2026-06-24,220.7,80.2,97.9,VISIT_WITH_HINT,78.7,204.0,True,False
VS000802,AD000138,T1,2026-04-14,2026-06-29,129.7,53.7,152.6,DIRECT_VISIT,1.8,48.0,True,True
VS000805,AD001462,T1,2026-04-14,2026-05-25,488.1,305.2,426.7,DIRECT_VISIT,2.4,33.0,True,True
VS000807,AD001630,T1,2026-04-14,2026-06-27,170.8,90.7,206.8,VISIT_WITH_HINT,141.1,255.0,True,False
VS000809,AD002179,T1,2026-04-14,2026-06-05,89.3,11.4,120.3,VISIT_WITH_HINT,1646.6,396.0,False,False
VS000812,AD002061,T1,2026-04-14,2026-06-25,140.6,10.9,143.8,DIRECT_VISIT,18.8,36.0,True,False
VS000818,AD000363,T1,2026-04-14,2026-06-05,1569.8,803.1,1686.0,VISIT_WITH_HINT,1988.4,329.0,False,False
VS000819,AD002108,T1,2026-04-14,2026-04-24,635.2,443.3,490.5,DIRECT_VISIT,13.4,20.0,True,True
VS000829,AD001149,T2,2026-04-14,2026-06-22,435.2,410.8,528.2,VISIT_WITH_HINT,349.5,378.0,True,True
VS000831,AD002224,T2,2026-04-14,2026-06-01,283.9,238.5,519.8,VISIT_WITH_HINT,967.3,396.0,False,False
VS000832,AD002339,T2,2026-04-14,2026-06-09,494.4,439.2,482.3,VERIFY_FIRST,256.3,642.0,True,False
VS000850,AD001715,T3,2026-04-14,2026-06-20,2560.8,412.9,2668.0,VERIFY_FIRST,2560.3,3348.0,True,False
VS000851,AD000607,T3,2026-04-14,2026-06-25,552.7,447.8,494.8,DIRECT_VISIT,10.0,48.0,True,True
VS000856,AD001121,T3,2026-04-14,2026-05-19,299.4,76.6,112.4,VISIT_WITH_HINT,66.8,182.0,True,False
VS000861,AD001422,T3,2026-04-14,2026-06-18,387.7,333.6,361.3,DIRECT_VISIT,7.9,47.0,True,True
VS000862,AD001620,T3,2026-04-14,2026-06-27,595.1,472.2,483.6,VISIT_WITH_HINT,318.3,333.0,True,True
VS000867,AD002722,T3,2026-04-14,2026-06-25,2804.9,690.6,2629.2,VISIT_WITH_HINT,2077.5,396.0,False,False
VS000868,AD001162,T3,2026-04-14,2026-04-24,583.4,367.1,374.0,VISIT_WITH_HINT,346.2,333.0,False,False
VS000869,AD001516,T1,2026-04-15,2026-06-27,1508.7,1475.8,1788.5,DIRECT_VISIT,2.3,21.0,True,True
VS000870,AD000037,T1,2026-04-15,2026-04-25,1174.0,1170.6,1384.9,DIRECT_VISIT,8.1,62.0,True,True
VS000871,AD002624,T1,2026-04-15,2026-06-25,764.5,708.6,723.9,VISIT_WITH_HINT,454.9,329.0,False,False
VS000872,AD000936,T1,2026-04-15,2026-06-25,464.1,225.8,367.4,DIRECT_VISIT,0.6,36.0,True,True
VS000883,AD000169,T1,2026-04-15,2026-05-29,664.6,637.5,666.9,VERIFY_FIRST,606.7,569.0,False,False
VS000891,AD002687,T1,2026-04-15,2026-05-06,330.3,119.4,314.9,VISIT_WITH_HINT,115.3,329.0,True,False
VS000894,AD002953,T2,2026-04-15,2026-06-16,1734.6,1624.2,1653.0,DIRECT_VISIT,152.5,39.0,False,False
VS000901,AD002906,T2,2026-04-15,2026-05-29,180.4,96.2,224.8,VISIT_WITH_HINT,212.3,403.0,True,False
VS000902,AD000105,T2,2026-04-15,2026-06-20,562.3,558.4,583.2,VERIFY_FIRST,512.9,569.0,True,False
VS000903,AD001003,T2,2026-04-15,2026-05-09,48.3,13.9,196.2,VERIFY_FIRST,217.7,569.0,True,False
VS000906,AD002719,T2,2026-04-15,2026-05-29,429.0,52.6,50.2,VERIFY_FIRST,87.6,569.0,True,False
VS000911,AD001136,T2,2026-04-15,2026-06-20,618.3,448.4,560.7,VISIT_WITH_HINT,242.6,296.0,True,True
VS000918,AD001890,T3,2026-04-15,2026-05-30,112.3,47.2,101.8,VISIT_WITH_HINT,139.3,333.0,True,False
VS000932,AD000398,T3,2026-04-15,2026-04-25,261.5,170.8,264.5,VISIT_WITH_HINT,78.9,293.0,True,False
VS000937,AD000471,T3,2026-04-15,2026-04-25,105.9,84.2,88.6,VISIT_WITH_HINT,159.9,257.0,True,False
VS000942,AD001775,T1,2026-04-16,2026-06-29,200.2,156.8,298.1,VISIT_WITH_HINT,128.6,329.0,True,False
VS000946,AD000867,T1,2026-04-16,2026-06-09,257.9,119.8,298.8,VERIFY_FIRST,357.8,569.0,True,False
VS000952,AD002979,T1,2026-04-16,2026-04-27,1362.4,902.9,1296.0,DIRECT_VISIT,11.4,38.0,True,True
VS000955,AD000836,T1,2026-04-16,2026-05-30,467.3,369.1,404.6,DIRECT_VISIT,0.0,33.0,True,True
VS000957,AD000488,T1,2026-04-16,2026-06-16,1373.0,754.3,1352.0,VISIT_WITH_HINT,211.3,396.0,True,True
VS000959,AD001676,T1,2026-04-16,2026-06-03,1931.0,1820.2,1886.1,DIRECT_VISIT,199.5,39.0,False,False
VS000960,AD002215,T1,2026-04-16,2026-05-09,567.7,240.6,288.6,VERIFY_FIRST,278.6,569.0,True,False
VS000971,AD002796,T2,2026-04-16,2026-04-27,2986.8,986.9,3004.6,VERIFY_FIRST,3047.3,3348.0,True,False
VS000972,AD003050,T2,2026-04-16,2026-06-29,254.9,191.9,201.1,DIRECT_VISIT,33.8,44.0,True,True
VS000975,AD000711,T2,2026-04-16,2026-06-12,412.7,280.5,296.5,DIRECT_VISIT,3.9,57.0,True,True
VS000985,AD001528,T2,2026-04-16,2026-06-22,287.9,235.1,383.7,VISIT_WITH_HINT,185.7,285.0,True,False
VS000987,AD000921,T2,2026-04-16,2026-05-02,210.8,203.2,318.8,VISIT_WITH_HINT,245.1,378.0,True,False
VS000988,AD000846,T2,2026-04-16,2026-06-26,1552.1,1170.4,1279.0,DIRECT_VISIT,0.0,41.0,True,True
VS000992,AD000379,T2,2026-04-16,2026-06-26,499.1,484.0,651.8,DIRECT_VISIT,4.4,39.0,True,True
VS000995,AD001776,T3,2026-04-16,2026-05-20,1577.1,228.7,1358.7,VISIT_WITH_HINT,1367.9,286.0,False,False
VS000998,AD002333,T3,2026-04-16,2026-06-08,600.0,513.6,624.1,DIRECT_VISIT,4.9,39.0,True,True
VS001000,AD000170,T3,2026-04-16,2026-05-30,1968.2,791.1,1827.7,VERIFY_FIRST,1800.4,569.0,False,False
VS001003,AD000098,T3,2026-04-16,2026-06-20,308.5,308.5,378.7,VISIT_WITH_HINT,92.6,243.0,True,True
VS001004,AD002504,T3,2026-04-16,2026-06-08,191.8,68.0,182.2,VISIT_WITH_HINT,30.4,237.0,True,False
VS001015,AD002044,T3,2026-04-16,2026-06-13,36.3,36.0,150.9,VISIT_WITH_HINT,126.5,329.0,True,False
VS001016,AD002321,T3,2026-04-16,2026-06-24,542.1,402.7,555.1,VISIT_WITH_HINT,260.6,237.0,False,False
VS001025,AD000649,T1,2026-04-17,2026-05-23,276.4,183.9,190.9,VISIT_WITH_HINT,211.8,255.0,True,False
VS001027,AD003026,T1,2026-04-17,2026-06-29,175.7,163.7,401.9,VISIT_WITH_HINT,312.9,329.0,True,False
VS001031,AD002457,T1,2026-04-17,2026-04-27,469.5,394.8,542.5,VISIT_WITH_HINT,232.3,140.0,False,False
VS001032,AD000832,T1,2026-04-17,2026-05-12,718.5,652.0,691.4,VERIFY_FIRST,622.8,569.0,False,False
VS001036,AD000389,T1,2026-04-17,2026-06-22,2177.0,111.6,1896.6,VISIT_WITH_HINT,2501.7,396.0,False,False
VS001040,AD001789,T1,2026-04-17,2026-06-13,187.6,186.0,262.0,VERIFY_FIRST,228.8,569.0,True,False
VS001044,AD001239,T1,2026-04-17,2026-06-24,597.6,405.9,419.0,VISIT_WITH_HINT,180.1,329.0,True,True
VS001046,AD000975,T2,2026-04-17,2026-05-29,257.4,100.6,152.9,VISIT_WITH_HINT,484.9,329.0,False,False
VS001050,AD000579,T2,2026-04-17,2026-06-20,457.1,344.6,655.2,DIRECT_VISIT,3.2,19.0,True,True
VS001060,AD002945,T2,2026-04-17,2026-05-16,780.8,119.2,635.7,VISIT_WITH_HINT,448.7,329.0,False,False
VS001061,AD001318,T2,2026-04-17,2026-06-24,164.8,97.2,144.8,VISIT_WITH_HINT,102.3,215.0,True,False
VS001068,AD000722,T3,2026-04-17,2026-06-18,151.8,131.6,358.2,DIRECT_VISIT,2.2,32.0,True,True
VS001069,AD002737,T3,2026-04-17,2026-06-01,314.9,133.2,189.2,VISIT_WITH_HINT,262.6,329.0,True,False
VS001072,AD002735,T3,2026-04-17,2026-05-26,380.2,268.6,313.4,VISIT_WITH_HINT,125.9,194.0,True,True
VS001074,AD000228,T3,2026-04-17,2026-06-26,513.8,500.3,626.9,VISIT_WITH_HINT,536.7,329.0,False,False
VS001082,AD000587,T3,2026-04-17,2026-05-30,462.9,272.2,438.1,VISIT_WITH_HINT,164.9,175.0,True,True
VS001086,AD000647,T3,2026-04-17,2026-04-28,664.4,490.0,494.3,VISIT_WITH_HINT,191.4,333.0,True,True
VS001096,AD000668,T1,2026-04-18,2026-06-24,156.6,8.6,108.2,DIRECT_VISIT,0.0,35.0,True,False
VS001101,AD001800,T1,2026-04-18,2026-04-28,168.6,91.4,98.7,DIRECT_VISIT,98.9,36.0,False,False
VS001108,AD000641,T1,2026-04-18,2026-05-02,284.7,254.7,335.1,VISIT_WITH_HINT,264.3,329.0,True,False
VS001109,AD001354,T1,2026-04-18,2026-06-08,221.5,202.6,263.9,VERIFY_FIRST,235.7,569.0,True,False
VS001118,AD000917,T2,2026-04-18,2026-05-28,385.8,132.6,432.1,VISIT_WITH_HINT,279.4,437.0,True,False
VS001125,AD000182,T2,2026-04-18,2026-05-30,330.8,183.2,206.4,VISIT_WITH_HINT,136.6,276.0,True,False
VS001127,AD000336,T2,2026-04-18,2026-06-22,355.4,334.4,340.0,DIRECT_VISIT,0.6,36.0,True,True
VS001128,AD000275,T2,2026-04-18,2026-05-08,3864.7,590.9,3252.2,VERIFY_FIRST,3034.9,2278.0,False,False
VS001129,AD000756,T2,2026-04-18,2026-05-27,299.7,34.9,128.5,DIRECT_VISIT,3.1,34.0,True,True
VS001136,AD002458,T2,2026-04-18,2026-05-16,318.6,260.2,367.3,DIRECT_VISIT,1351.3,34.0,False,False
VS001137,AD000674,T2,2026-04-18,2026-04-29,1287.7,141.5,1253.3,VISIT_WITH_HINT,148.2,396.0,True,False
VS001138,AD000953,T2,2026-04-18,2026-06-20,352.9,314.6,369.4,VISIT_WITH_HINT,354.2,296.0,False,False
VS001146,AD001219,T3,2026-04-18,2026-06-15,1845.3,491.7,1742.1,VISIT_WITH_HINT,651.4,333.0,False,False
VS001159,AD000654,T3,2026-04-18,2026-05-16,1645.7,585.6,1347.2,VISIT_WITH_HINT,242.9,396.0,True,True
VS001160,AD000662,T3,2026-04-18,2026-05-26,304.4,151.1,276.4,VISIT_WITH_HINT,154.0,329.0,True,False
VS001162,AD001262,T3,2026-04-18,2026-05-01,274.5,57.7,187.3,VISIT_WITH_HINT,240.8,194.0,False,False
VS001184,AD001867,T1,2026-04-20,2026-05-21,72.7,14.4,133.9,DIRECT_VISIT,291.4,48.0,False,False
VS001187,AD000111,T1,2026-04-20,2026-04-30,320.2,180.8,271.3,VISIT_WITH_HINT,205.8,329.0,True,False
VS001189,AD002744,T1,2026-04-20,2026-06-26,301.4,246.7,563.8,VERIFY_FIRST,468.3,569.0,True,False
VS001199,AD001133,T2,2026-04-20,2026-06-12,266.5,160.1,162.3,DIRECT_VISIT,4.0,35.0,True,True
VS001208,AD000460,T2,2026-04-20,2026-06-29,119.9,18.6,251.6,DIRECT_VISIT,0.2,52.0,True,False
VS001209,AD003045,T2,2026-04-20,2026-06-29,116.7,115.7,324.5,DIRECT_VISIT,2.5,42.0,True,True
VS001210,AD001944,T2,2026-04-20,2026-06-02,753.8,746.4,907.0,DIRECT_VISIT,1.0,54.0,True,True
VS001213,AD002034,T2,2026-04-20,2026-06-18,1954.4,627.3,1602.9,VISIT_WITH_HINT,201.1,396.0,True,True
VS001217,AD001330,T3,2026-04-20,2026-06-29,1453.8,1205.6,1489.5,VERIFY_FIRST,1472.4,569.0,False,False
VS001227,AD002635,T3,2026-04-20,2026-06-13,199.5,6.4,433.5,DIRECT_VISIT,2.7,60.0,True,False
VS001230,AD002988,T3,2026-04-20,2026-05-18,831.6,82.7,619.5,VISIT_WITH_HINT,194.5,286.0,True,False
VS001245,AD002016,T1,2026-04-21,2026-05-16,245.1,158.3,166.1,DIRECT_VISIT,5.1,39.0,True,True
VS001247,AD000569,T1,2026-04-21,2026-06-23,251.6,245.2,312.5,DIRECT_VISIT,0.8,30.0,True,True
VS001248,AD002691,T1,2026-04-21,2026-06-22,1710.4,528.8,1651.1,DIRECT_VISIT,260.9,57.0,False,False
VS001250,AD002537,T1,2026-04-21,2026-06-23,751.8,703.7,965.7,VISIT_WITH_HINT,274.8,396.0,True,True
VS001258,AD001836,T1,2026-04-21,2026-06-27,288.6,284.1,535.3,VERIFY_FIRST,445.5,569.0,True,False
VS001260,AD002983,T1,2026-04-21,2026-06-09,1106.0,661.5,1080.2,VISIT_WITH_HINT,424.7,396.0,False,False
VS001267,AD000538,T2,2026-04-21,2026-06-01,1523.9,1521.9,551.9,DIRECT_VISIT,2.5,36.0,True,True
VS001269,AD003074,T2,2026-04-21,2026-05-11,1130.9,85.8,816.4,DIRECT_VISIT,18.3,32.0,True,True
VS001270,AD002973,T2,2026-04-21,2026-06-22,991.7,844.1,1091.0,DIRECT_VISIT,1.5,55.0,True,True
VS001271,AD002576,T2,2026-04-21,2026-06-11,359.7,322.0,545.7,DIRECT_VISIT,1.6,36.0,True,True
VS001272,AD001013,T2,2026-04-21,2026-06-22,107.0,94.4,199.2,DIRECT_VISIT,4.3,33.0,True,True
VS001292,AD001333,T3,2026-04-21,2026-05-02,522.7,282.0,337.1,VISIT_WITH_HINT,216.7,483.0,True,False
VS001295,AD002546,T3,2026-04-21,2026-06-03,349.9,349.9,491.6,VISIT_WITH_HINT,636.5,175.0,False,False
VS001300,AD001197,T3,2026-04-21,2026-06-01,860.4,465.1,765.6,VISIT_WITH_HINT,135.9,237.0,True,True
VS001308,AD000348,T3,2026-04-21,2026-06-20,366.6,240.6,273.2,VISIT_WITH_HINT,39.9,175.0,True,True
VS001317,AD001579,T1,2026-04-22,2026-06-01,223.4,39.2,41.1,VISIT_WITH_HINT,105.1,126.0,True,False
VS001318,AD002247,T1,2026-04-22,2026-06-23,1381.6,542.1,1334.3,VERIFY_FIRST,1197.6,569.0,False,False
VS001323,AD002530,T1,2026-04-22,2026-05-28,1656.5,659.2,1644.2,VISIT_WITH_HINT,2540.9,396.0,False,False
VS001326,AD002914,T1,2026-04-22,2026-06-18,2151.9,1037.8,2256.5,VERIFY_FIRST,2263.5,569.0,False,False
VS001332,AD001322,T1,2026-04-22,2026-05-06,1669.7,375.8,1816.4,VERIFY_FIRST,1588.2,3348.0,True,False
VS001339,AD000292,T1,2026-04-22,2026-05-27,269.4,20.0,160.5,VISIT_WITH_HINT,102.2,329.0,True,False
VS001340,AD000194,T2,2026-04-22,2026-06-26,1655.4,1448.3,1479.0,VERIFY_FIRST,1330.5,3348.0,True,False
VS001341,AD002723,T2,2026-04-22,2026-05-13,601.2,427.0,439.2,VISIT_WITH_HINT,339.4,437.0,True,False
VS001353,AD002872,T2,2026-04-22,2026-06-11,671.1,500.5,507.4,VISIT_WITH_HINT,341.1,403.0,True,True
VS001364,AD001436,T3,2026-04-22,2026-06-23,294.8,164.0,300.6,DIRECT_VISIT,8.6,36.0,True,True
VS001365,AD002756,T3,2026-04-22,2026-06-26,985.0,97.7,797.0,DIRECT_VISIT,12.8,50.0,True,True
VS001366,AD001220,T3,2026-04-22,2026-06-18,472.7,211.9,466.5,DIRECT_VISIT,26.7,35.0,True,True
VS001377,AD002676,T3,2026-04-22,2026-06-22,27.4,14.3,186.2,DIRECT_VISIT,4.4,27.0,True,False
VS001381,AD001176,T3,2026-04-22,2026-06-11,170.6,6.4,67.8,VISIT_WITH_HINT,49.3,161.0,True,False
VS001387,AD001054,T3,2026-04-22,2026-05-06,353.3,246.0,374.0,VERIFY_FIRST,454.8,569.0,True,False
VS001391,AD001236,T1,2026-04-23,2026-05-25,550.5,456.3,457.4,DIRECT_VISIT,4.3,42.0,True,True
VS001393,AD001649,T1,2026-04-23,2026-06-05,664.0,535.2,620.3,DIRECT_VISIT,7.0,60.0,True,True
VS001394,AD000287,T1,2026-04-23,2026-05-22,398.6,262.6,378.5,DIRECT_VISIT,158.1,93.0,False,False
VS001400,AD000919,T1,2026-04-23,2026-06-04,237.6,147.7,262.6,VISIT_WITH_HINT,170.9,329.0,True,False
VS001406,AD001596,T1,2026-04-23,2026-05-26,197.5,124.1,184.4,DIRECT_VISIT,1.9,45.0,True,True
VS001408,AD002171,T1,2026-04-23,2026-06-18,536.8,444.3,573.5,VERIFY_FIRST,504.9,569.0,True,False
VS001409,AD002090,T1,2026-04-23,2026-06-23,389.1,354.3,475.4,VERIFY_FIRST,507.8,569.0,True,False
VS001410,AD002922,T1,2026-04-23,2026-05-20,440.0,271.7,301.6,VISIT_WITH_HINT,22.1,140.0,True,True
VS001413,AD002821,T2,2026-04-23,2026-06-15,147.3,95.6,213.0,DIRECT_VISIT,8.4,34.0,True,True
VS001417,AD001833,T2,2026-04-23,2026-06-25,388.7,355.1,416.9,DIRECT_VISIT,2.0,24.0,True,True
VS001425,AD000792,T2,2026-04-23,2026-06-15,1409.0,0.3,1378.9,VERIFY_FIRST,1294.5,1230.0,False,False
VS001463,AD001047,T1,2026-04-24,2026-05-04,316.1,193.2,183.8,VISIT_WITH_HINT,187.0,126.0,False,False
VS001464,AD000129,T1,2026-04-24,2026-06-15,701.4,591.6,632.6,DIRECT_VISIT,0.0,30.0,True,True
VS001479,AD000309,T1,2026-04-24,2026-05-25,338.7,171.7,259.7,DIRECT_VISIT,3.4,30.0,True,True
VS001482,AD001725,T1,2026-04-24,2026-05-07,1599.8,521.0,1510.7,VISIT_WITH_HINT,41.0,396.0,True,True
VS001483,AD002339,T2,2026-04-24,2026-06-09,541.0,490.8,482.3,VERIFY_FIRST,204.0,569.0,True,False
VS001487,AD000986,T2,2026-04-24,2026-05-15,131.8,22.0,16.4,DIRECT_VISIT,5.1,28.0,True,False
VS001502,AD000290,T2,2026-04-24,2026-06-27,474.1,411.9,417.0,DIRECT_VISIT,6.8,27.0,True,True
VS001504,AD002583,T2,2026-04-24,2026-05-26,568.7,227.9,308.8,DIRECT_VISIT,5.5,33.0,True,True
VS001510,AD002932,T3,2026-04-24,2026-06-25,279.9,216.5,386.2,DIRECT_VISIT,246.5,58.0,False,False
VS001513,AD001620,T3,2026-04-24,2026-06-27,641.6,440.4,483.6,VISIT_WITH_HINT,318.3,333.0,True,True
VS001514,AD000576,T3,2026-04-24,2026-06-25,354.1,131.0,145.4,DIRECT_VISIT,6.0,35.0,True,True
VS001515,AD001947,T3,2026-04-24,2026-05-14,530.3,141.0,241.2,VISIT_WITH_HINT,456.1,194.0,False,False
VS001531,AD002722,T3,2026-04-24,2026-06-25,2639.0,680.0,2629.2,VISIT_WITH_HINT,2077.5,396.0,False,False
VS001546,AD002061,T1,2026-04-25,2026-06-25,127.9,69.9,143.8,DIRECT_VISIT,18.8,37.0,True,True
VS001548,AD002624,T1,2026-04-25,2026-06-25,529.9,479.4,723.9,VISIT_WITH_HINT,454.9,329.0,False,False
VS001550,AD002103,T1,2026-04-25,2026-06-29,218.2,13.6,532.0,DIRECT_VISIT,9.1,62.0,True,False
VS001559,AD002792,T1,2026-04-25,2026-06-24,766.1,579.7,578.6,VISIT_WITH_HINT,237.1,329.0,True,True
VS001563,AD000642,T2,2026-04-25,2026-05-06,628.7,491.4,613.3,DIRECT_VISIT,16.9,37.0,True,True
VS001571,AD002489,T2,2026-04-25,2026-05-19,275.5,220.8,385.6,DIRECT_VISIT,5.4,41.0,True,True
VS001573,AD002907,T2,2026-04-25,2026-05-19,373.5,85.4,130.6,VISIT_WITH_HINT,178.2,329.0,True,False
VS001576,AD001493,T2,2026-04-25,2026-06-27,459.7,120.1,429.0,VISIT_WITH_HINT,448.1,437.0,False,False
VS001615,AD000867,T1,2026-04-27,2026-06-09,509.9,182.3,298.8,VERIFY_FIRST,357.8,569.0,True,False
VS001618,AD002414,T1,2026-04-27,2026-06-18,213.9,38.5,46.8,DIRECT_VISIT,3.4,24.0,True,True
VS001622,AD000066,T1,2026-04-27,2026-05-30,383.3,352.5,381.1,DIRECT_VISIT,1.6,33.0,True,True
VS001626,AD001240,T1,2026-04-27,2026-06-26,221.1,19.8,233.0,DIRECT_VISIT,0.6,25.0,True,False
VS001627,AD001444,T1,2026-04-27,2026-06-20,347.2,271.9,307.2,VERIFY_FIRST,316.7,569.0,True,False
VS001639,AD000561,T1,2026-04-27,2026-06-24,3066.3,214.9,2812.8,VISIT_WITH_HINT,1016.5,396.0,False,False
VS001661,AD002784,T2,2026-04-27,2026-05-29,158.8,36.9,53.1,DIRECT_VISIT,106.6,52.0,False,False
VS001665,AD002485,T3,2026-04-27,2026-06-08,1613.4,345.3,1471.0,DIRECT_VISIT,6.1,59.0,True,True
VS001682,AD002044,T3,2026-04-27,2026-06-13,136.2,60.1,150.9,VISIT_WITH_HINT,126.5,329.0,True,False
VS001689,AD002215,T1,2026-04-28,2026-05-09,592.5,262.0,288.6,VERIFY_FIRST,278.6,569.0,True,False
VS001695,AD000286,T1,2026-04-28,2026-06-23,368.0,309.2,396.2,DIRECT_VISIT,1.2,35.0,True,True
VS001702,AD002623,T1,2026-04-28,2026-06-22,1477.3,730.1,1303.5,VERIFY_FIRST,1302.9,2278.0,True,False
VS001710,AD000817,T2,2026-04-28,2026-06-18,179.0,151.4,232.3,DIRECT_VISIT,183.8,48.0,False,False
VS001713,AD002870,T2,2026-04-28,2026-06-19,230.6,186.5,264.1,DIRECT_VISIT,6.4,41.0,True,True
VS001720,AD000918,T2,2026-04-28,2026-06-23,256.9,132.3,199.8,DIRECT_VISIT,2.7,50.0,True,True
VS001721,AD000182,T2,2026-04-28,2026-05-30,213.1,62.2,206.4,VISIT_WITH_HINT,136.4,274.0,True,False
VS001728,AD000531,T2,2026-04-28,2026-06-08,1458.6,1146.8,1200.8,VISIT_WITH_HINT,741.7,396.0,False,False
VS001732,AD000275,T2,2026-04-28,2026-05-08,3621.4,708.6,3252.2,VERIFY_FIRST,3034.9,2278.0,False,False
VS001739,AD000654,T3,2026-04-28,2026-05-16,1359.2,572.2,1347.2,VISIT_WITH_HINT,242.9,396.0,True,True
VS001746,AD000587,T3,2026-04-28,2026-05-30,427.1,405.2,438.1,VISIT_WITH_HINT,164.9,175.0,True,True
VS001751,AD001219,T3,2026-04-28,2026-06-15,2052.2,1068.6,1742.1,VISIT_WITH_HINT,651.4,333.0,False,False
VS001756,AD001473,T3,2026-04-28,2026-06-16,494.0,370.3,400.7,VERIFY_FIRST,371.0,569.0,True,False
VS001763,AD001067,T1,2026-04-29,2026-05-15,1091.9,435.7,1134.6,VERIFY_FIRST,1207.6,2278.0,True,False
VS001773,AD000389,T1,2026-04-29,2026-06-22,2140.9,1381.2,1896.6,VISIT_WITH_HINT,2501.7,396.0,False,False
VS001778,AD001408,T1,2026-04-29,2026-06-24,352.6,340.4,502.0,DIRECT_VISIT,3.3,35.0,True,True
VS001782,AD001794,T2,2026-04-29,2026-06-20,528.1,248.8,304.5,DIRECT_VISIT,0.5,40.0,True,True
VS001783,AD000953,T2,2026-04-29,2026-06-20,383.7,246.9,369.4,VISIT_WITH_HINT,354.2,435.0,True,False
VS001789,AD001318,T2,2026-04-29,2026-06-24,255.5,143.9,144.8,VISIT_WITH_HINT,102.3,215.0,True,False
VS001791,AD002141,T2,2026-04-29,2026-05-20,422.8,261.2,262.5,DIRECT_VISIT,1.4,50.0,True,True
VS001803,AD002655,T3,2026-04-29,2026-06-17,90.5,31.3,111.8,VISIT_WITH_HINT,43.5,149.0,True,False
VS001807,AD000170,T3,2026-04-29,2026-05-30,1883.1,476.3,1827.7,VISIT_WITH_HINT,1659.1,333.0,False,False
VS001809,AD000342,T3,2026-04-29,2026-06-22,678.9,234.1,393.4,VISIT_WITH_HINT,100.6,194.0,True,True
VS001816,AD000228,T3,2026-04-29,2026-06-26,514.2,446.3,626.9,VISIT_WITH_HINT,377.6,243.0,False,False
VS001847,AD000247,T1,2026-04-30,2026-06-26,1231.2,531.5,1243.3,DIRECT_VISIT,14.6,33.0,True,True
VS001853,AD002953,T2,2026-04-30,2026-06-16,1844.8,1648.0,1653.0,DIRECT_VISIT,152.5,39.0,False,False
VS001854,AD001765,T2,2026-04-30,2026-06-12,142.7,86.0,116.7,DIRECT_VISIT,6.6,38.0,True,True
VS001855,AD000768,T2,2026-04-30,2026-06-24,367.6,273.2,302.4,DIRECT_VISIT,0.7,29.0,True,True
VS001864,AD003077,T2,2026-04-30,2026-06-24,366.2,303.7,314.7,VISIT_WITH_HINT,0.0,151.0,True,True
VS001869,AD002568,T2,2026-04-30,2026-06-11,359.1,257.8,436.8,DIRECT_VISIT,15.9,30.0,True,True
VS001871,AD001254,T2,2026-04-30,2026-06-17,276.3,24.5,175.1,DIRECT_VISIT,0.6,27.0,True,False
VS001884,AD001122,T3,2026-04-30,2026-06-25,374.8,169.4,375.8,DIRECT_VISIT,2.9,35.0,True,True
VS001888,AD002603,T3,2026-04-30,2026-06-11,1332.0,621.8,1535.0,VISIT_WITH_HINT,3530.1,396.0,False,False
VS001891,AD001481,T3,2026-04-30,2026-06-13,140.1,5.8,421.5,DIRECT_VISIT,3.2,36.0,True,False
VS001893,AD001272,T3,2026-04-30,2026-05-22,201.9,8.0,440.6,DIRECT_VISIT,1.4,29.0,True,False
VS001897,AD002321,T3,2026-04-30,2026-06-24,702.7,552.1,555.1,VISIT_WITH_HINT,243.5,175.0,False,False
VS001899,AD000840,T1,2026-05-01,2026-06-01,2108.4,810.4,1977.2,VISIT_WITH_HINT,3062.5,396.0,False,False
VS001907,AD002691,T1,2026-05-01,2026-06-22,1682.8,1470.8,1651.1,DIRECT_VISIT,260.9,57.0,False,False
VS001916,AD001945,T1,2026-05-01,2026-06-02,124.6,8.8,368.9,DIRECT_VISIT,147.6,51.0,False,False
VS001917,AD001362,T1,2026-05-01,2026-06-17,1741.2,867.5,1582.7,VISIT_WITH_HINT,2285.7,396.0,False,False
VS001919,AD000649,T1,2026-05-01,2026-05-23,111.8,24.0,190.9,VISIT_WITH_HINT,211.8,255.0,True,False
VS001937,AD001662,T2,2026-05-01,2026-06-23,496.9,387.4,434.3,DIRECT_VISIT,4.7,39.0,True,True
VS001953,AD001197,T3,2026-05-01,2026-06-01,910.0,607.3,765.6,VISIT_WITH_HINT,147.5,234.0,True,True
VS001962,AD000348,T3,2026-05-01,2026-06-20,254.8,214.8,273.2,VISIT_WITH_HINT,39.9,175.0,True,True
VS001963,AD000915,T3,2026-05-01,2026-06-20,942.6,86.5,1070.9,DIRECT_VISIT,51.3,56.0,True,True
VS001964,AD002537,T1,2026-05-02,2026-06-23,664.5,655.0,965.7,VISIT_WITH_HINT,274.8,396.0,True,True
VS001965,AD002247,T1,2026-05-02,2026-06-23,1560.1,622.9,1334.3,VERIFY_FIRST,1197.6,837.0,False,False
VS001967,AD000832,T1,2026-05-02,2026-05-12,513.1,391.9,691.4,VISIT_WITH_HINT,37.5,140.0,True,True
VS001976,AD001579,T1,2026-05-02,2026-06-01,201.4,39.6,41.1,VISIT_WITH_HINT,93.9,126.0,True,False
VS001977,AD001387,T1,2026-05-02,2026-06-22,321.0,203.1,453.7,VERIFY_FIRST,527.7,569.0,True,False
VS001978,AD001354,T1,2026-05-02,2026-06-08,416.2,100.7,263.9,VERIFY_FIRST,235.7,837.0,True,False
VS001986,AD002914,T1,2026-05-02,2026-06-18,2240.0,1007.5,2256.5,VERIFY_FIRST,2263.5,837.0,False,False
VS001997,AD000962,T2,2026-05-02,2026-06-11,1846.1,517.9,1735.3,VERIFY_FIRST,1679.0,569.0,False,False
VS002014,AD001944,T2,2026-05-02,2026-06-02,961.6,805.5,907.0,DIRECT_VISIT,1.0,55.0,True,True
VS002030,AD001036,T3,2026-05-02,2026-06-18,2208.2,532.7,1956.5,DIRECT_VISIT,32.9,43.0,True,True
VS002044,AD000667,T1,2026-05-04,2026-06-04,774.3,603.9,620.9,DIRECT_VISIT,12.9,40.0,True,True
VS002045,AD001746,T1,2026-05-04,2026-06-15,221.2,207.0,308.8,VISIT_WITH_HINT,14.9,131.0,True,True
VS002050,AD000541,T1,2026-05-04,2026-06-26,96.1,15.6,279.2,DIRECT_VISIT,21.3,51.0,True,False
VS002051,AD000524,T1,2026-05-04,2026-06-25,280.8,118.2,150.8,DIRECT_VISIT,3.5,34.0,True,True
VS002058,AD000810,T1,2026-05-04,2026-05-14,730.1,615.6,665.4,DIRECT_VISIT,0.0,29.0,True,True
VS002059,AD000919,T1,2026-05-04,2026-06-04,421.6,234.2,262.6,VISIT_WITH_HINT,170.9,483.0,True,False
VS002068,AD003067,T2,2026-05-04,2026-06-11,428.8,278.2,289.0,DIRECT_VISIT,36.6,33.0,False,False
VS002075,AD003015,T2,2026-05-04,2026-06-25,420.8,114.1,405.3,DIRECT_VISIT,3.9,29.0,True,True
VS002078,AD002669,T2,2026-05-04,2026-05-15,2426.4,67.4,2717.3,DIRECT_VISIT,5.0,40.0,True,True
VS002090,AD002932,T3,2026-05-04,2026-06-25,523.7,257.0,386.2,DIRECT_VISIT,246.5,63.0,False,False
VS002097,AD001792,T3,2026-05-04,2026-06-09,263.2,8.3,71.3,DIRECT_VISIT,2.1,28.0,True,False
VS002103,AD001330,T3,2026-05-04,2026-06-29,1484.1,283.5,1489.5,VERIFY_FIRST,1472.4,569.0,False,False
VS002111,AD002735,T3,2026-05-04,2026-05-26,366.6,140.4,313.4,VISIT_WITH_HINT,125.8,194.0,True,False
VS002119,AD002624,T1,2026-05-05,2026-06-25,772.5,581.2,723.9,VISIT_WITH_HINT,454.9,329.0,False,False
VS002131,AD001087,T1,2026-05-05,2026-06-25,1394.3,1218.1,1310.4,VISIT_WITH_HINT,2503.3,396.0,False,False
VS002136,AD002090,T1,2026-05-05,2026-06-23,490.4,449.0,475.4,VERIFY_FIRST,507.8,837.0,True,False
VS002142,AD002176,T2,2026-05-05,2026-05-15,758.3,204.8,439.3,DIRECT_VISIT,0.0,33.0,True,True
VS002159,AD000147,T2,2026-05-05,2026-06-29,1768.3,109.8,1852.9,VISIT_WITH_HINT,1614.1,403.0,False,False
VS002162,AD001755,T3,2026-05-05,2026-05-25,849.8,717.8,1029.8,DIRECT_VISIT,8.0,34.0,True,True
VS002166,AD001128,T3,2026-05-05,2026-06-15,385.9,220.7,544.6,DIRECT_VISIT,0.7,42.0,True,True
VS002183,AD002402,T3,2026-05-05,2026-05-25,1298.5,559.9,1454.7,DIRECT_VISIT,0.0,42.0,True,True
VS002192,AD000169,T1,2026-05-06,2026-05-29,287.7,282.9,666.9,DIRECT_VISIT,20.9,63.0,True,True
VS002211,AD000146,T1,2026-05-06,2026-05-27,68.3,62.1,220.1,DIRECT_VISIT,0.0,55.0,True,True
VS002221,AD000290,T2,2026-05-06,2026-06-27,667.0,392.0,417.0,DIRECT_VISIT,6.8,27.0,True,True
VS002224,AD000386,T2,2026-05-06,2026-06-20,321.6,210.3,295.2,DIRECT_VISIT,0.6,63.0,True,True
VS002246,AD001886,T3,2026-05-06,2026-05-16,419.4,238.2,355.0,DIRECT_VISIT,4.1,25.0,True,True
VS002247,AD001480,T3,2026-05-06,2026-06-19,941.2,721.6,805.1,DIRECT_VISIT,3.8,44.0,True,True
VS002248,AD002153,T3,2026-05-06,2026-06-23,383.6,105.4,254.5,DIRECT_VISIT,310.4,52.0,False,False
VS002250,AD002988,T3,2026-05-06,2026-05-18,774.9,185.5,619.5,VISIT_WITH_HINT,190.7,283.0,True,False
VS002252,AD002652,T3,2026-05-06,2026-06-17,77.6,33.8,130.3,DIRECT_VISIT,11.9,32.0,True,True
VS002255,AD001621,T3,2026-05-06,2026-06-26,460.3,304.1,459.3,VERIFY_FIRST,418.7,569.0,True,False
VS002256,AD002564,T3,2026-05-06,2026-06-17,286.1,267.8,385.7,VISIT_WITH_HINT,138.1,243.0,True,True
VS002266,AD000735,T1,2026-05-07,2026-06-18,289.2,206.4,274.1,DIRECT_VISIT,6.2,25.0,True,True
VS002267,AD001775,T1,2026-05-07,2026-06-29,395.7,101.4,298.1,DIRECT_VISIT,44.9,47.0,True,True
VS002276,AD002062,T1,2026-05-07,2026-06-26,1533.7,1500.2,1585.2,VERIFY_FIRST,1480.0,569.0,False,False
VS002278,AD001444,T1,2026-05-07,2026-06-20,431.6,296.1,307.2,VERIFY_FIRST,316.7,837.0,True,False
VS002287,AD000975,T2,2026-05-07,2026-05-29,104.5,102.8,152.9,DIRECT_VISIT,282.1,49.0,False,False
VS002295,AD002906,T2,2026-05-07,2026-05-29,96.3,29.8,224.8,VERIFY_FIRST,210.9,592.0,True,False
VS002296,AD000105,T2,2026-05-07,2026-06-20,709.4,513.7,583.2,DIRECT_VISIT,6.0,59.0,True,True
VS002320,AD001605,T3,2026-05-07,2026-06-18,322.3,187.0,185.2,VISIT_WITH_HINT,8.2,231.0,True,False
VS002322,AD002333,T3,2026-05-07,2026-06-08,547.3,359.5,624.1,DIRECT_VISIT,4.9,28.0,True,True
VS002335,AD002997,T3,2026-05-07,2026-06-13,415.1,392.2,430.4,DIRECT_VISIT,2.6,58.0,True,True
VS002336,AD001569,T3,2026-05-07,2026-06-24,2755.6,818.4,2346.2,VERIFY_FIRST,2039.9,2278.0,True,False
VS002343,AD000843,T1,2026-05-08,2026-06-03,1735.8,530.0,1447.9,VERIFY_FIRST,1463.9,2278.0,True,False
VS002350,AD001043,T1,2026-05-08,2026-06-29,117.7,18.0,256.3,VERIFY_FIRST,270.2,569.0,True,False
VS002352,AD002444,T1,2026-05-08,2026-06-29,258.8,46.1,104.1,VISIT_WITH_HINT,224.0,329.0,True,False
VS002354,AD002641,T1,2026-05-08,2026-06-29,458.5,116.1,312.7,DIRECT_VISIT,8.8,22.0,True,True
VS002356,AD001862,T1,2026-05-08,2026-06-29,743.4,702.4,816.6,DIRECT_VISIT,4.1,36.0,True,True
VS002365,AD000817,T2,2026-05-08,2026-06-18,497.1,232.0,232.3,DIRECT_VISIT,183.8,48.0,False,False
VS002366,AD002007,T2,2026-05-08,2026-06-23,488.4,417.4,491.8,DIRECT_VISIT,78.0,52.0,False,False
VS002367,AD000419,T2,2026-05-08,2026-06-01,797.5,539.1,540.1,DIRECT_VISIT,0.0,19.0,True,True
VS002368,AD001857,T2,2026-05-08,2026-06-23,428.2,316.4,357.2,DIRECT_VISIT,2.9,27.0,True,True
VS002371,AD001487,T2,2026-05-08,2026-06-05,336.6,177.8,330.9,VISIT_WITH_HINT,147.9,372.0,True,False
VS002373,AD000531,T2,2026-05-08,2026-06-08,1360.1,1186.1,1200.8,VISIT_WITH_HINT,741.7,396.0,False,False
VS002378,AD000175,T2,2026-05-08,2026-05-19,391.0,230.1,390.3,VISIT_WITH_HINT,298.1,372.0,True,False
VS002386,AD000182,T2,2026-05-08,2026-05-30,273.2,56.1,206.4,VISIT_WITH_HINT,136.4,274.0,True,False
VS002388,AD000902,T2,2026-05-08,2026-06-23,605.2,505.5,507.3,VISIT_WITH_HINT,180.0,329.0,True,True
VS002397,AD001219,T3,2026-05-08,2026-06-15,1455.1,1194.2,1742.1,VISIT_WITH_HINT,651.4,333.0,False,False
VS002424,AD001208,T1,2026-05-09,2026-06-24,597.4,387.7,444.4,VISIT_WITH_HINT,209.2,329.0,True,True
VS002429,AD002744,T1,2026-05-09,2026-06-26,693.7,421.0,563.8,VERIFY_FIRST,468.3,837.0,True,False
VS002433,AD002673,T1,2026-05-09,2026-06-23,197.3,136.5,228.9,DIRECT_VISIT,0.0,30.0,True,True
VS002436,AD002925,T1,2026-05-09,2026-06-13,281.6,212.5,346.8,DIRECT_VISIT,9.1,35.0,True,True
VS002438,AD001231,T1,2026-05-09,2026-06-23,429.2,250.2,328.9,VERIFY_FIRST,272.5,569.0,True,False
VS002441,AD001493,T2,2026-05-09,2026-06-27,628.7,388.5,429.0,VISIT_WITH_HINT,448.1,437.0,False,False
VS002448,AD000365,T2,2026-05-09,2026-06-06,524.2,186.3,689.0,DIRECT_VISIT,1.3,34.0,True,True
VS002456,AD002489,T2,2026-05-09,2026-05-19,591.3,228.3,385.6,DIRECT_VISIT,5.4,41.0,True,True
VS002460,AD002784,T2,2026-05-09,2026-05-29,74.0,6.8,53.1,DIRECT_VISIT,106.6,52.0,False,False
VS002463,AD000982,T3,2026-05-09,2026-06-06,170.4,18.5,70.0,DIRECT_VISIT,0.0,32.0,True,False
VS002471,AD001722,T3,2026-05-09,2026-05-29,144.5,12.1,1333.9,VISIT_WITH_HINT,245.6,141.0,False,False
VS002481,AD001776,T3,2026-05-09,2026-05-20,1509.9,1289.3,1358.7,DIRECT_VISIT,27.9,38.0,True,True
VS002485,AD000489,T3,2026-05-09,2026-05-30,282.5,165.7,257.6,VERIFY_FIRST,230.5,569.0,True,False
VS002492,AD000569,T1,2026-05-11,2026-06-23,237.6,10.6,312.5,DIRECT_VISIT,0.9,31.0,True,False
VS002493,AD001867,T1,2026-05-11,2026-05-21,289.7,113.8,133.9,VISIT_WITH_HINT,291.4,137.0,False,False
VS002499,AD001257,T1,2026-05-11,2026-05-21,599.1,413.6,470.4,DIRECT_VISIT,2.0,35.0,True,True
VS002501,AD000785,T1,2026-05-11,2026-06-22,1088.3,1004.0,1035.6,DIRECT_VISIT,13.0,43.0,True,True
VS002506,AD001186,T1,2026-05-11,2026-06-01,547.8,271.1,408.0,DIRECT_VISIT,1.1,26.0,True,True
VS002513,AD002953,T2,2026-05-11,2026-06-16,1932.3,193.4,1653.0,DIRECT_VISIT,152.5,39.0,False,False
VS002517,AD002772,T2,2026-05-11,2026-06-01,493.7,365.8,384.2,DIRECT_VISIT,0.0,25.0,True,True
VS002520,AD001752,T2,2026-05-11,2026-06-25,301.4,146.6,164.9,DIRECT_VISIT,5.3,20.0,True,True
VS002521,AD002973,T2,2026-05-11,2026-06-22,1230.0,220.1,1091.0,DIRECT_VISIT,20.0,33.0,True,True
VS002530,AD002111,T2,2026-05-11,2026-06-12,1428.2,642.4,1344.2,DIRECT_VISIT,3.0,36.0,True,True
VS002538,AD001122,T3,2026-05-11,2026-06-25,208.3,182.2,375.8,DIRECT_VISIT,2.9,35.0,True,True
VS002539,AD002603,T3,2026-05-11,2026-06-11,1571.5,655.6,1535.0,VISIT_WITH_HINT,3530.1,396.0,False,False
VS002543,AD002614,T3,2026-05-11,2026-06-22,485.5,4.3,382.8,DIRECT_VISIT,2.0,18.0,True,False
VS002547,AD000570,T3,2026-05-11,2026-06-22,222.4,205.4,245.4,DIRECT_VISIT,129.7,50.0,False,False
VS002551,AD000142,T3,2026-05-11,2026-06-22,96.3,54.3,147.0,VISIT_WITH_HINT,0.2,112.0,True,False
VS002557,AD002968,T3,2026-05-11,2026-05-27,469.5,372.9,402.2,DIRECT_VISIT,8.0,48.0,True,True
VS002561,AD002247,T1,2026-05-12,2026-06-23,1581.0,235.9,1334.3,VERIFY_FIRST,1197.6,837.0,False,False
VS002562,AD002623,T1,2026-05-12,2026-06-22,1363.6,1290.4,1303.5,VERIFY_FIRST,1302.9,3348.0,True,False
VS002576,AD001695,T1,2026-05-12,2026-06-13,560.5,346.1,682.9,VERIFY_FIRST,522.1,569.0,True,False
VS002582,AD002751,T2,2026-05-12,2026-06-27,250.4,176.4,194.0,DIRECT_VISIT,0.7,32.0,True,True
VS002585,AD002568,T2,2026-05-12,2026-06-11,389.4,388.5,436.8,DIRECT_VISIT,15.9,30.0,True,True
VS002587,AD001712,T2,2026-05-12,2026-06-27,321.7,197.0,261.2,DIRECT_VISIT,6.2,29.0,True,True
VS002588,AD000962,T2,2026-05-12,2026-06-11,1902.1,654.3,1735.3,VERIFY_FIRST,1679.0,837.0,False,False
VS002589,AD001503,T2,2026-05-12,2026-06-26,225.6,95.0,168.7,DIRECT_VISIT,6.5,26.0,True,True
VS002592,AD002540,T2,2026-05-12,2026-06-24,429.4,273.9,361.6,DIRECT_VISIT,0.0,75.0,True,True
VS002593,AD001683,T2,2026-05-12,2026-06-26,462.1,227.6,240.2,DIRECT_VISIT,4.5,50.0,True,True
VS002596,AD000412,T2,2026-05-12,2026-06-11,198.4,51.7,227.3,DIRECT_VISIT,0.0,36.0,True,True
VS002598,AD002224,T2,2026-05-12,2026-06-01,593.8,482.8,519.8,VISIT_WITH_HINT,967.3,396.0,False,False
VS002608,AD000617,T3,2026-05-12,2026-06-23,262.1,259.0,464.6,DIRECT_VISIT,0.0,29.0,True,True
VS002612,AD000099,T3,2026-05-12,2026-06-20,791.6,488.2,532.8,VERIFY_FIRST,2.8,1132.0,True,False
VS002616,AD002708,T3,2026-05-12,2026-06-20,292.7,247.9,478.7,DIRECT_VISIT,87.4,50.0,False,False
VS002618,AD000856,T3,2026-05-12,2026-06-20,293.4,207.0,335.6,DIRECT_VISIT,0.3,35.0,True,True
VS002649,AD001799,T1,2026-05-13,2026-06-27,449.4,338.3,382.9,VISIT_WITH_HINT,118.8,133.0,True,True
VS002654,AD000194,T2,2026-05-13,2026-06-26,1699.4,198.1,1479.0,VERIFY_FIRST,1330.5,4921.0,True,False
VS002667,AD002057,T2,2026-05-13,2026-06-02,1327.6,1086.5,1100.9,VISIT_WITH_HINT,6.3,199.0,True,True
VS002676,AD001854,T3,2026-05-13,2026-06-19,144.1,24.8,182.2,DIRECT_VISIT,1.5,35.0,True,False
VS002691,AD002590,T3,2026-05-13,2026-05-23,268.2,82.0,249.4,VISIT_WITH_HINT,69.2,194.0,True,False
VS002696,AD001212,T3,2026-05-13,2026-06-23,1966.2,1030.6,1628.3,DIRECT_VISIT,0.5,42.0,True,True
VS002698,AD002756,T3,2026-05-13,2026-06-26,859.3,145.5,797.0,DIRECT_VISIT,12.8,38.0,True,True
VS002720,AD001256,T1,2026-05-14,2026-06-25,419.4,406.7,542.8,DIRECT_VISIT,4.2,36.0,True,True
VS002732,AD001833,T2,2026-05-14,2026-06-25,419.7,305.0,416.9,DIRECT_VISIT,0.8,17.0,True,True
VS002733,AD000560,T2,2026-05-14,2026-06-15,445.3,332.3,411.8,DIRECT_VISIT,0.0,30.0,True,True
VS002745,AD000385,T2,2026-05-14,2026-06-09,488.6,247.0,250.3,VISIT_WITH_HINT,109.4,279.0,True,False
VS002758,AD001466,T3,2026-05-14,2026-06-22,497.1,434.0,457.8,DIRECT_VISIT,2.7,28.0,True,True
VS002759,AD000645,T3,2026-05-14,2026-06-04,434.8,345.4,507.0,DIRECT_VISIT,6.8,38.0,True,True
VS002762,AD002932,T3,2026-05-14,2026-06-25,81.4,79.7,386.2,DIRECT_VISIT,246.5,63.0,False,False
VS002763,AD001520,T3,2026-05-14,2026-06-25,210.5,47.8,214.3,DIRECT_VISIT,5.1,34.0,True,True
VS002782,AD000936,T1,2026-05-15,2026-06-25,110.5,78.6,367.4,DIRECT_VISIT,0.1,25.0,True,True
VS002788,AD001087,T1,2026-05-15,2026-06-25,1321.7,44.9,1310.4,VISIT_WITH_HINT,2503.3,396.0,False,False
VS002800,AD000199,T1,2026-05-15,2026-06-19,965.2,31.8,1029.5,VISIT_WITH_HINT,104.9,396.0,True,False
VS002806,AD000792,T2,2026-05-15,2026-06-15,1655.0,196.3,1378.9,DIRECT_VISIT,5.9,37.0,True,True
VS002824,AD001731,T2,2026-05-15,2026-06-22,170.8,5.4,53.1,VISIT_WITH_HINT,4.3,212.0,True,False
VS002832,AD001734,T3,2026-05-15,2026-06-26,460.8,282.7,396.8,DIRECT_VISIT,7.3,48.0,True,True
VS002840,AD001128,T3,2026-05-15,2026-06-15,691.9,458.7,544.6,DIRECT_VISIT,0.7,41.0,True,True
VS002846,AD001715,T3,2026-05-15,2026-06-20,3068.9,145.3,2668.0,DIRECT_VISIT,3.3,31.0,True,True
VS002847,AD002402,T3,2026-05-15,2026-05-25,206.7,18.8,1454.7,DIRECT_VISIT,0.0,42.0,True,False
VS002848,AD000627,T3,2026-05-15,2026-06-25,475.2,236.2,476.4,VISIT_WITH_HINT,99.6,278.0,True,False
VS002849,AD000446,T3,2026-05-15,2026-05-26,210.7,151.8,285.6,VISIT_WITH_HINT,95.8,175.0,True,False
VS002851,AD002720,T3,2026-05-15,2026-06-06,560.8,161.0,560.0,DIRECT_VISIT,121.2,49.0,False,False
VS002854,AD001649,T1,2026-05-16,2026-06-05,322.6,258.6,620.3,DIRECT_VISIT,222.6,38.0,False,False
VS002858,AD000363,T1,2026-05-16,2026-06-05,1928.1,861.0,1686.0,DIRECT_VISIT,3.9,25.0,True,True
VS002873,AD000195,T1,2026-05-16,2026-06-24,605.1,384.2,485.9,VISIT_WITH_HINT,235.6,329.0,True,True
VS002886,AD001852,T2,2026-05-16,2026-06-10,443.4,388.0,393.3,DIRECT_VISIT,0.0,21.0,True,True
VS002894,AD001523,T2,2026-05-16,2026-06-11,157.8,127.7,354.0,DIRECT_VISIT,0.5,30.0,True,True
VS002904,AD002651,T3,2026-05-16,2026-06-05,440.3,273.4,297.8,VISIT_WITH_HINT,587.1,175.0,False,False
VS002908,AD001621,T3,2026-05-16,2026-06-26,518.6,429.5,459.3,VERIFY_FIRST,418.7,837.0,True,False
VS002915,AD001480,T3,2026-05-16,2026-06-19,635.8,300.8,805.1,DIRECT_VISIT,3.8,44.0,True,True
VS002918,AD000060,T3,2026-05-16,2026-06-17,76.9,34.7,53.9,DIRECT_VISIT,5.4,24.0,True,True
VS002925,AD002771,T1,2026-05-18,2026-06-08,897.0,800.4,832.9,VISIT_WITH_HINT,3.8,134.0,True,True
VS002936,AD003083,T1,2026-05-18,2026-06-20,193.9,129.3,439.9,DIRECT_VISIT,0.0,26.0,True,True
VS002937,AD003010,T1,2026-05-18,2026-06-20,221.2,36.8,98.9,DIRECT_VISIT,10.1,57.0,True,False
VS002941,AD000837,T1,2026-05-18,2026-06-10,868.6,471.8,1143.4,VISIT_WITH_HINT,1534.4,396.0,False,False
VS002945,AD002914,T1,2026-05-18,2026-06-18,2319.3,460.5,2256.5,VERIFY_FIRST,2263.5,837.0,False,False
VS002952,AD002359,T2,2026-05-18,2026-06-18,71.4,12.4,148.0,DIRECT_VISIT,0.0,14.0,True,False
VS002994,AD002943,T3,2026-05-18,2026-06-17,151.8,141.5,294.3,VISIT_WITH_HINT,71.5,194.0,True,False
VS003014,AD001408,T1,2026-05-19,2026-06-24,716.1,420.6,502.0,DIRECT_VISIT,3.7,29.0,True,True
VS003020,AD000975,T2,2026-05-19,2026-05-29,289.1,58.3,152.9,DIRECT_VISIT,282.1,49.0,False,False
VS003022,AD000472,T2,2026-05-19,2026-06-08,462.3,430.0,461.3,DIRECT_VISIT,184.7,35.0,False,False
VS003023,AD000579,T2,2026-05-19,2026-06-20,652.4,298.4,655.2,DIRECT_VISIT,0.0,13.0,True,True
VS003029,AD001857,T2,2026-05-19,2026-06-23,305.9,281.6,357.2,DIRECT_VISIT,2.9,27.0,True,True
VS003060,AD002819,T3,2026-05-19,2026-06-01,858.6,214.1,1093.8,DIRECT_VISIT,0.0,40.0,True,True
VS003069,AD001862,T1,2026-05-20,2026-06-29,659.2,538.5,816.6,DIRECT_VISIT,4.1,36.0,True,True
VS003073,AD000497,T1,2026-05-20,2026-06-27,808.0,533.0,594.6,VERIFY_FIRST,635.2,569.0,False,False
VS003080,AD000836,T1,2026-05-20,2026-05-30,186.9,11.3,404.6,DIRECT_VISIT,0.2,31.0,True,False
VS003082,AD001444,T1,2026-05-20,2026-06-20,145.5,96.5,307.2,VERIFY_FIRST,316.7,837.0,True,False
VS003090,AD001318,T2,2026-05-20,2026-06-24,231.9,63.8,144.8,VISIT_WITH_HINT,110.9,302.0,True,False
VS003096,AD001927,T2,2026-05-20,2026-05-30,1279.1,918.5,1302.3,DIRECT_VISIT,0.0,25.0,True,True
VS003097,AD003050,T2,2026-05-20,2026-06-29,420.2,136.6,201.1,DIRECT_VISIT,4.2,33.0,True,True
VS003098,AD002936,T2,2026-05-20,2026-06-29,293.3,282.1,326.1,DIRECT_VISIT,3.2,29.0,True,True
VS003099,AD000182,T2,2026-05-20,2026-05-30,155.5,117.1,206.4,VISIT_WITH_HINT,136.4,274.0,True,False
VS003103,AD002704,T2,2026-05-20,2026-06-24,1042.1,1034.2,319.0,VISIT_WITH_HINT,105.1,437.0,True,True
VS003105,AD000358,T2,2026-05-20,2026-06-24,671.4,324.3,360.9,DIRECT_VISIT,42.6,51.0,True,True
VS003108,AD000178,T2,2026-05-20,2026-06-24,292.5,133.9,253.7,VISIT_WITH_HINT,133.0,403.0,True,False
VS003112,AD000489,T3,2026-05-20,2026-05-30,87.8,6.0,257.6,VERIFY_FIRST,230.5,837.0,True,False
VS003113,AD000170,T3,2026-05-20,2026-05-30,2081.8,443.8,1827.7,VISIT_WITH_HINT,1659.1,333.0,False,False
VS003119,AD001706,T3,2026-05-20,2026-06-13,134.9,18.6,397.2,DIRECT_VISIT,1.0,37.0,True,False
VS003134,AD000840,T1,2026-05-21,2026-06-01,2053.3,1972.6,1977.2,DIRECT_VISIT,0.0,36.0,True,True
VS003136,AD000785,T1,2026-05-21,2026-06-22,1078.7,457.1,1035.6,DIRECT_VISIT,13.0,43.0,True,True
VS003138,AD000569,T1,2026-05-21,2026-06-23,353.7,284.6,312.5,DIRECT_VISIT,0.9,31.0,True,True
VS003153,AD000963,T1,2026-05-21,2026-06-01,435.6,59.8,286.5,VISIT_WITH_HINT,738.1,359.0,False,False
VS003169,AD002953,T2,2026-05-21,2026-06-16,1784.4,483.9,1653.0,DIRECT_VISIT,152.5,54.0,False,False
VS003183,AD001794,T2,2026-05-21,2026-06-20,489.3,217.4,304.5,DIRECT_VISIT,0.5,35.0,True,True
VS003201,AD001574,T3,2026-05-21,2026-06-17,88.3,54.5,135.8,DIRECT_VISIT,0.0,22.0,True,True
VS003206,AD000596,T3,2026-05-21,2026-06-25,574.6,463.1,500.2,VISIT_WITH_HINT,6.8,107.0,True,True
VS003207,AD001197,T3,2026-05-21,2026-06-01,882.1,729.9,765.6,VISIT_WITH_HINT,157.8,230.0,True,True
VS003208,AD000570,T3,2026-05-21,2026-06-22,218.7,76.4,245.4,DIRECT_VISIT,129.7,74.0,False,False
VS003211,AD002445,T3,2026-05-21,2026-06-25,240.0,41.4,133.4,VISIT_WITH_HINT,356.6,194.0,False,False
VS003212,AD002537,T1,2026-05-22,2026-06-23,98.9,13.9,965.7,DIRECT_VISIT,2.3,52.0,True,False
VS003215,AD002247,T1,2026-05-22,2026-06-23,1397.6,87.4,1334.3,VERIFY_FIRST,1197.6,837.0,False,False
VS003217,AD001579,T1,2026-05-22,2026-06-01,61.0,19.9,41.1,DIRECT_VISIT,48.8,52.0,True,False
VS003233,AD000247,T1,2026-05-22,2026-06-26,3303.8,3297.7,1243.3,DIRECT_VISIT,14.6,24.0,True,True
VS003263,AD000915,T3,2026-05-22,2026-06-20,935.7,246.3,1070.9,DIRECT_VISIT,51.3,56.0,True,True
VS003266,AD000348,T3,2026-05-22,2026-06-20,176.7,108.2,273.2,DIRECT_VISIT,35.4,44.0,True,True
VS003267,AD000856,T3,2026-05-22,2026-06-20,530.2,340.6,335.6,DIRECT_VISIT,0.3,35.0,True,True
VS003282,AD002997,T3,2026-05-22,2026-06-13,3145.3,3130.1,430.4,DIRECT_VISIT,2.6,58.0,True,True
VS003288,AD002623,T1,2026-05-23,2026-06-22,1779.7,397.7,1303.5,VERIFY_FIRST,1302.9,4921.0,True,False
VS003289,AD000389,T1,2026-05-23,2026-06-22,2028.8,1764.1,1896.6,DIRECT_VISIT,4.9,56.0,True,True
VS003290,AD002404,T1,2026-05-23,2026-06-23,125.4,7.0,309.6,DIRECT_VISIT,16.3,28.0,True,False
VS003293,AD001836,T1,2026-05-23,2026-06-27,574.2,208.9,535.3,VERIFY_FIRST,445.5,569.0,True,False
VS003299,AD002828,T1,2026-05-23,2026-06-06,2034.2,701.8,1873.7,VISIT_WITH_HINT,1888.0,396.0,False,False
VS003303,AD002993,T1,2026-05-23,2026-06-23,750.7,506.9,529.6,VERIFY_FIRST,535.2,569.0,True,False
VS003311,AD002206,T2,2026-05-23,2026-06-23,186.0,186.0,226.2,DIRECT_VISIT,1.4,65.0,True,True
VS003312,AD002057,T2,2026-05-23,2026-06-02,913.7,274.1,1100.9,VISIT_WITH_HINT,6.3,199.0,True,True
VS003360,AD001233,T1,2026-05-25,2026-06-15,644.7,331.8,514.5,DIRECT_VISIT,10.6,41.0,True,True
VS003362,AD000667,T1,2026-05-25,2026-06-04,592.6,539.7,620.9,DIRECT_VISIT,12.9,40.0,True,True
VS003373,AD002179,T1,2026-05-25,2026-06-05,194.1,18.5,120.3,VISIT_WITH_HINT,1646.6,396.0,False,False
VS003397,AD000792,T2,2026-05-25,2026-06-15,1609.5,87.0,1378.9,DIRECT_VISIT,5.9,39.0,True,True
VS003406,AD002131,T2,2026-05-25,2026-06-05,140.3,14.1,210.3,DIRECT_VISIT,0.0,31.0,True,False
VS003407,AD000194,T2,2026-05-25,2026-06-26,1646.2,649.3,1479.0,VERIFY_FIRST,1330.5,7235.0,True,False
VS003416,AD001219,T3,2026-05-25,2026-06-15,1239.0,1079.3,1742.1,VISIT_WITH_HINT,652.9,333.0,False,False
VS003431,AD002676,T3,2026-05-25,2026-06-22,152.9,3.1,186.2,DIRECT_VISIT,0.0,22.0,True,False
VS003432,AD001352,T3,2026-05-25,2026-06-25,75.0,16.6,183.7,DIRECT_VISIT,213.1,39.0,False,False
VS003443,AD002904,T1,2026-05-26,2026-06-05,163.2,49.4,63.4,DIRECT_VISIT,191.8,43.0,False,False
VS003444,AD001276,T1,2026-05-26,2026-06-26,779.0,413.5,1168.2,VERIFY_FIRST,1225.1,569.0,False,False
VS003456,AD000428,T1,2026-05-26,2026-06-16,647.3,453.1,507.0,DIRECT_VISIT,18.5,33.0,True,True
VS003462,AD002461,T1,2026-05-26,2026-06-22,565.4,163.5,497.5,VISIT_WITH_HINT,1498.7,396.0,False,False
VS003482,AD000147,T2,2026-05-26,2026-06-29,2040.1,337.2,1852.9,VISIT_WITH_HINT,1650.4,387.0,False,False
VS003489,AD002564,T3,2026-05-26,2026-06-17,467.4,255.3,385.7,DIRECT_VISIT,72.9,51.0,False,False
VS003497,AD000303,T3,2026-05-26,2026-06-16,721.5,361.2,358.9,DIRECT_VISIT,0.0,38.0,True,True
VS003499,AD000228,T3,2026-05-26,2026-06-26,700.7,417.8,626.9,DIRECT_VISIT,0.0,51.0,True,True
VS003503,AD000627,T3,2026-05-26,2026-06-25,278.7,220.9,476.4,VISIT_WITH_HINT,99.6,278.0,True,False
VS003508,AD000749,T3,2026-05-26,2026-06-27,6518.3,6513.6,4.8,DIRECT_VISIT,10.3,48.0,True,True
VS003515,AD001570,T1,2026-05-27,2026-06-26,461.9,135.3,346.7,VERIFY_FIRST,294.0,569.0,True,False
VS003518,AD002967,T1,2026-05-27,2026-06-24,273.9,229.3,399.8,DIRECT_VISIT,3.8,31.0,True,True
VS003524,AD002792,T1,2026-05-27,2026-06-24,328.1,324.7,578.6,VISIT_WITH_HINT,237.1,329.0,True,False
VS003541,AD002459,T2,2026-05-27,2026-06-17,186.3,11.6,157.0,DIRECT_VISIT,0.0,33.0,True,False
VS003546,AD002034,T2,2026-05-27,2026-06-18,1712.1,281.8,1602.9,DIRECT_VISIT,0.0,35.0,True,True
VS003550,AD001127,T2,2026-05-27,2026-06-17,232.7,19.5,222.1,DIRECT_VISIT,25.7,55.0,True,False
VS003555,AD001852,T2,2026-05-27,2026-06-10,428.4,104.1,393.3,DIRECT_VISIT,0.0,21.0,True,True
VS003556,AD001055,T2,2026-05-27,2026-06-10,320.4,281.2,312.4,DIRECT_VISIT,3.1,30.0,True,True
VS003563,AD001734,T3,2026-05-27,2026-06-26,546.3,278.5,396.8,DIRECT_VISIT,7.3,53.0,True,True
VS003570,AD003055,T3,2026-05-27,2026-06-22,269.0,168.5,310.1,VISIT_WITH_HINT,80.8,194.0,True,False
VS003579,AD001330,T3,2026-05-27,2026-06-29,1441.9,474.8,1489.5,DIRECT_VISIT,11.5,42.0,True,True
VS003598,AD001789,T1,2026-05-28,2026-06-13,109.0,35.2,262.0,VERIFY_FIRST,228.8,837.0,True,False
VS003601,AD001354,T1,2026-05-28,2026-06-08,56.4,3.3,263.9,DIRECT_VISIT,2.9,31.0,True,False
VS003605,AD000504,T1,2026-05-28,2026-06-22,311.3,175.7,261.0,DIRECT_VISIT,214.0,21.0,False,False
VS003607,AD001242,T2,2026-05-28,2026-06-18,245.7,15.9,157.7,DIRECT_VISIT,52.2,55.0,True,False
VS003608,AD002244,T2,2026-05-28,2026-06-18,1317.5,324.0,1114.2,DIRECT_VISIT,0.9,32.0,True,True
VS003615,AD000854,T2,2026-05-28,2026-06-18,717.7,550.0,613.6,DIRECT_VISIT,0.0,30.0,True,True
VS003623,AD000902,T2,2026-05-28,2026-06-23,488.6,444.5,507.3,VISIT_WITH_HINT,180.0,329.0,True,True
VS003633,AD002485,T3,2026-05-28,2026-06-08,1380.8,732.3,1471.0,DIRECT_VISIT,6.1,100.0,True,True
VS003642,AD002102,T3,2026-05-28,2026-06-24,161.0,9.0,327.6,DIRECT_VISIT,0.3,31.0,True,False
VS003647,AD002412,T3,2026-05-28,2026-06-29,223.2,20.5,329.7,DIRECT_VISIT,0.0,41.0,True,False
VS003657,AD001012,T1,2026-05-29,2026-06-29,245.9,10.3,110.2,DIRECT_VISIT,10.5,25.0,True,False
VS003661,AD001900,T1,2026-05-29,2026-06-29,2001.9,1604.8,1828.9,DIRECT_VISIT,6.8,21.0,True,True
VS003675,AD000753,T1,2026-05-29,2026-06-09,267.3,260.6,360.0,DIRECT_VISIT,1.6,42.0,True,True
VS003704,AD001687,T3,2026-05-29,2026-06-08,106.1,31.6,350.4,DIRECT_VISIT,11.7,54.0,True,False
VS003706,AD000508,T3,2026-05-29,2026-06-20,544.3,354.1,384.9,VISIT_WITH_HINT,55.6,175.0,True,True
VS003717,AD002009,T3,2026-05-29,2026-06-27,307.0,271.9,352.6,DIRECT_VISIT,0.0,62.0,True,True
VS003729,AD000497,T1,2026-05-30,2026-06-27,474.8,474.8,594.6,VERIFY_FIRST,635.2,569.0,False,False
VS003736,AD001444,T1,2026-05-30,2026-06-20,322.1,187.4,307.2,VERIFY_FIRST,316.7,837.0,True,False
VS003758,AD001417,T2,2026-05-30,2026-06-12,214.7,176.7,359.9,VERIFY_FIRST,1.7,996.0,True,False
VS003768,AD002896,T3,2026-05-30,2026-06-19,351.9,306.4,390.6,DIRECT_VISIT,0.0,33.0,True,True
VS003780,AD001391,T3,2026-05-30,2026-06-13,403.6,296.7,315.7,DIRECT_VISIT,2.4,33.0,True,True
VS003787,AD002632,T3,2026-05-30,2026-06-11,256.5,109.1,314.3,DIRECT_VISIT,6.0,48.0,True,True
VS003797,AD002537,T1,2026-06-01,2026-06-23,887.3,829.7,965.7,DIRECT_VISIT,2.3,52.0,True,True
VS003805,AD002247,T1,2026-06-01,2026-06-23,1742.3,185.0,1334.3,VERIFY_FIRST,1197.6,837.0,False,False
VS003815,AD001752,T2,2026-06-01,2026-06-25,66.8,30.3,164.9,DIRECT_VISIT,0.5,20.0,True,True
VS003816,AD002973,T2,2026-06-01,2026-06-22,1381.7,425.4,1091.0,VISIT_WITH_HINT,20.0,165.0,True,True
VS003824,AD002953,T2,2026-06-01,2026-06-16,1788.0,676.1,1653.0,DIRECT_VISIT,152.5,44.0,False,False
VS003836,AD001528,T2,2026-06-01,2026-06-22,240.1,240.1,383.7,DIRECT_VISIT,121.5,58.0,False,False
VS003860,AD002044,T3,2026-06-01,2026-06-13,236.8,154.9,150.9,DIRECT_VISIT,0.0,46.0,True,True
VS003868,AD001516,T1,2026-06-02,2026-06-27,1739.0,605.2,1788.5,DIRECT_VISIT,0.0,11.0,True,True
VS003880,AD000389,T1,2026-06-02,2026-06-22,1907.7,100.2,1896.6,DIRECT_VISIT,4.9,56.0,True,True
VS003886,AD001836,T1,2026-06-02,2026-06-27,467.5,400.9,535.3,VERIFY_FIRST,445.5,837.0,True,False
VS003900,AD002966,T2,2026-06-02,2026-06-25,4880.7,4860.9,544.2,DIRECT_VISIT,5.4,32.0,True,True
VS003914,AD002111,T2,2026-06-02,2026-06-12,226.7,18.6,1344.2,DIRECT_VISIT,3.0,36.0,True,False
VS003932,AD002756,T3,2026-06-02,2026-06-26,826.8,369.7,797.0,DIRECT_VISIT,8.4,57.0,True,True
VS003936,AD000342,T3,2026-06-02,2026-06-22,501.7,226.6,393.4,DIRECT_VISIT,3.4,68.0,True,True
VS003981,AD000443,T2,2026-06-03,2026-06-23,1896.8,498.1,1649.8,DIRECT_VISIT,0.0,60.0,True,True
VS003983,AD002112,T2,2026-06-03,2026-06-23,11.8,11.8,72.2,DIRECT_VISIT,0.0,21.0,True,False
VS003984,AD002341,T2,2026-06-03,2026-06-23,1839.0,778.4,1654.6,DIRECT_VISIT,2.3,30.0,True,True
VS003990,AD002005,T2,2026-06-03,2026-06-13,908.0,682.6,682.3,VISIT_WITH_HINT,266.3,285.0,True,True
VS003992,AD000991,T2,2026-06-03,2026-06-13,344.2,205.8,210.9,DIRECT_VISIT,235.3,41.0,False,False
VS004001,AD002380,T3,2026-06-03,2026-06-24,87.1,9.9,97.9,DIRECT_VISIT,1.7,37.0,True,False
VS004005,AD001569,T3,2026-06-03,2026-06-24,2398.4,773.2,2346.2,VERIFY_FIRST,2039.9,3348.0,True,False
VS004016,AD001171,T3,2026-06-03,2026-06-17,394.1,244.0,385.7,VISIT_WITH_HINT,219.8,229.0,True,True
VS004025,AD002722,T3,2026-06-03,2026-06-25,2210.5,72.1,2629.2,DIRECT_VISIT,156.9,46.0,False,False
VS004038,AD002332,T1,2026-06-04,2026-06-26,1806.4,121.4,1525.5,DIRECT_VISIT,2.7,33.0,True,True
VS004045,AD000247,T1,2026-06-04,2026-06-26,1186.7,555.6,1243.3,DIRECT_VISIT,14.6,24.0,True,True
VS004077,AD001128,T3,2026-06-04,2026-06-15,656.6,485.3,544.6,DIRECT_VISIT,0.7,45.0,True,True
VS004087,AD001977,T3,2026-06-04,2026-06-17,229.1,150.1,164.7,DIRECT_VISIT,5.3,41.0,True,True
VS004109,AD001087,T1,2026-06-05,2026-06-25,1521.1,380.7,1310.4,DIRECT_VISIT,0.0,34.0,True,True
VS004130,AD000194,T2,2026-06-05,2026-06-26,1380.3,525.4,1479.0,VERIFY_FIRST,1330.5,9110.0,True,False
VS004142,AD001219,T3,2026-06-05,2026-06-15,1618.8,56.0,1742.1,VISIT_WITH_HINT,652.9,333.0,False,False
VS004163,AD001045,T1,2026-06-06,2026-06-26,299.4,90.2,260.2,DIRECT_VISIT,0.1,27.0,True,True
VS004164,AD002593,T1,2026-06-06,2026-06-26,345.4,172.7,292.8,DIRECT_VISIT,0.1,20.0,True,True
VS004166,AD000830,T1,2026-06-06,2026-06-20,177.2,18.1,490.6,DIRECT_VISIT,0.0,55.0,True,False
VS004167,AD001258,T1,2026-06-06,2026-06-16,681.3,642.3,764.5,VERIFY_FIRST,618.2,569.0,False,False
VS004168,AD002744,T1,2026-06-06,2026-06-26,579.2,513.3,563.8,DIRECT_VISIT,16.8,66.0,True,True
VS004171,AD002539,T1,2026-06-06,2026-06-17,412.0,317.5,446.6,VERIFY_FIRST,427.2,569.0,True,False
VS004177,AD001034,T1,2026-06-06,2026-06-27,435.5,297.8,372.2,DIRECT_VISIT,0.8,17.0,True,True
VS004178,AD001276,T1,2026-06-06,2026-06-26,1037.8,294.3,1168.2,VERIFY_FIRST,1225.1,569.0,False,False
VS004181,AD001493,T2,2026-06-06,2026-06-27,387.7,101.6,429.0,DIRECT_VISIT,1.2,41.0,True,True
VS004223,AD000627,T3,2026-06-06,2026-06-25,448.0,183.8,476.4,VISIT_WITH_HINT,101.5,276.0,True,False
VS004242,AD002090,T1,2026-06-08,2026-06-23,627.6,468.7,475.4,VISIT_WITH_HINT,441.8,181.0,False,False
VS004245,AD002171,T1,2026-06-08,2026-06-18,626.7,519.5,573.5,VISIT_WITH_HINT,6.5,133.0,True,True
VS004277,AD001036,T3,2026-06-08,2026-06-18,1996.2,1844.4,1956.5,VISIT_WITH_HINT,32.9,102.0,True,True
VS004297,AD001387,T1,2026-06-09,2026-06-22,345.7,302.9,453.7,DIRECT_VISIT,10.8,37.0,True,True
VS004338,AD001549,T2,2026-06-09,2026-06-26,304.5,286.9,414.0,DIRECT_VISIT,2.4,54.0,True,True
VS004342,AD002509,T3,2026-06-09,2026-06-19,102.0,10.7,135.0,DIRECT_VISIT,0.1,23.0,True,False
VS004355,AD002896,T3,2026-06-09,2026-06-19,649.6,288.0,390.6,DIRECT_VISIT,0.0,28.0,True,True
VS004364,AD002033,T3,2026-06-09,2026-06-24,517.7,258.4,596.1,VISIT_WITH_HINT,84.6,175.0,True,True
VS004365,AD001437,T3,2026-06-09,2026-06-24,556.6,489.9,587.3,DIRECT_VISIT,5.7,32.0,True,True
VS004368,AD001570,T1,2026-06-10,2026-06-26,466.9,345.0,346.7,VERIFY_FIRST,294.0,569.0,True,False
VS004371,AD002029,T1,2026-06-10,2026-06-24,667.5,459.3,537.6,DIRECT_VISIT,0.0,31.0,True,True
VS004372,AD003035,T1,2026-06-10,2026-06-26,606.8,322.0,471.6,DIRECT_VISIT,0.0,35.0,True,True
VS004375,AD003083,T1,2026-06-10,2026-06-20,671.5,99.2,439.9,DIRECT_VISIT,0.0,26.0,True,True
VS004386,AD002062,T1,2026-06-10,2026-06-26,1378.4,293.1,1585.2,DIRECT_VISIT,0.0,35.0,True,True
VS004406,AD000579,T2,2026-06-10,2026-06-20,608.4,554.8,655.2,DIRECT_VISIT,0.0,14.0,True,True
VS004407,AD000105,T2,2026-06-10,2026-06-20,471.6,367.5,583.2,DIRECT_VISIT,5.0,47.0,True,True
VS004416,AD002009,T3,2026-06-10,2026-06-27,407.4,277.1,352.6,DIRECT_VISIT,0.0,52.0,True,True
VS004418,AD002708,T3,2026-06-10,2026-06-20,541.8,279.2,478.7,DIRECT_VISIT,7.7,51.0,True,True
VS004419,AD000348,T3,2026-06-10,2026-06-20,374.5,188.9,273.2,DIRECT_VISIT,35.4,73.0,True,True
VS004435,AD000785,T1,2026-06-11,2026-06-22,1118.1,349.1,1035.6,DIRECT_VISIT,13.6,28.0,True,True
VS004448,AD001372,T1,2026-06-11,2026-06-22,386.2,378.8,387.0,DIRECT_VISIT,20.3,30.0,True,True
VS004457,AD002461,T1,2026-06-11,2026-06-22,405.5,365.5,497.5,VISIT_WITH_HINT,1498.7,396.0,False,False
VS004463,AD000539,T2,2026-06-11,2026-06-22,1104.6,1042.1,1342.0,DIRECT_VISIT,132.4,46.0,False,False
VS004491,AD000570,T3,2026-06-11,2026-06-22,410.9,230.4,245.4,DIRECT_VISIT,129.7,91.0,False,False
VS004571,AD000342,T3,2026-06-12,2026-06-22,235.1,16.1,393.4,DIRECT_VISIT,3.4,57.0,True,False
VS004587,AD000669,T1,2026-06-13,2026-06-24,241.5,17.4,366.8,DIRECT_VISIT,4.8,22.0,True,False
VS004606,AD001033,T1,2026-06-13,2026-06-24,276.1,167.6,204.1,VISIT_WITH_HINT,203.1,215.0,True,False
VS004617,AD001857,T2,2026-06-13,2026-06-23,185.9,9.3,357.2,DIRECT_VISIT,0.0,26.0,True,False
VS004624,AD001628,T2,2026-06-13,2026-06-29,131.8,32.6,33.2,VISIT_WITH_HINT,57.8,255.0,True,False
VS004633,AD002380,T3,2026-06-13,2026-06-24,255.0,104.6,97.9,DIRECT_VISIT,1.7,28.0,True,True
VS004638,AD000272,T3,2026-06-13,2026-06-24,485.3,377.2,465.1,VISIT_WITH_HINT,51.9,175.0,True,True
VS004646,AD001569,T3,2026-06-13,2026-06-24,2307.9,909.2,2346.2,VERIFY_FIRST,2039.9,4921.0,True,False
VS004651,AD001433,T1,2026-06-15,2026-06-25,244.3,17.3,86.9,DIRECT_VISIT,0.3,16.0,True,True
VS004703,AD002096,T3,2026-06-15,2026-06-25,92.3,79.3,195.0,DIRECT_VISIT,2.0,35.0,True,True
VS004716,AD000576,T3,2026-06-15,2026-06-25,105.9,8.9,145.4,DIRECT_VISIT,0.9,28.0,True,False
VS004724,AD002445,T3,2026-06-15,2026-06-25,269.7,112.1,133.4,VISIT_WITH_HINT,390.7,194.0,False,False
VS004732,AD002991,T1,2026-06-16,2026-06-27,355.7,239.6,233.5,DIRECT_VISIT,12.4,48.0,True,True
VS004739,AD000247,T1,2026-06-16,2026-06-26,1341.5,613.8,1243.3,DIRECT_VISIT,14.6,24.0,True,True
VS004744,AD001045,T1,2026-06-16,2026-06-26,225.6,11.4,260.2,DIRECT_VISIT,0.1,27.0,True,False
VS004745,AD002744,T1,2026-06-16,2026-06-26,425.3,379.5,563.8,DIRECT_VISIT,16.8,67.0,True,True
VS004746,AD002593,T1,2026-06-16,2026-06-26,488.5,263.0,292.8,DIRECT_VISIT,0.1,20.0,True,True
VS004758,AD000846,T2,2026-06-16,2026-06-26,1451.6,1261.7,1279.0,DIRECT_VISIT,0.9,21.0,True,True
VS004760,AD000194,T2,2026-06-16,2026-06-26,1275.7,367.2,1479.0,VERIFY_FIRST,1330.5,9110.0,True,False
VS004806,AD001799,T1,2026-06-17,2026-06-27,307.3,307.3,382.9,DIRECT_VISIT,8.3,37.0,True,True
VS004812,AD002444,T1,2026-06-17,2026-06-29,9.7,9.7,104.1,DIRECT_VISIT,343.5,49.0,False,False
VS004853,AD000288,T3,2026-06-17,2026-06-29,621.4,470.9,524.7,DIRECT_VISIT,0.0,21.0,True,True
VS004874,AD001509,T1,2026-06-18,2026-06-29,366.3,326.8,577.5,DIRECT_VISIT,4.7,20.0,True,True
VS004897,AD000147,T2,2026-06-18,2026-06-29,1881.2,61.5,1852.9,DIRECT_VISIT,0.0,34.0,True,True
VS004959,AD003050,T2,2026-06-19,2026-06-29,360.2,219.4,201.1,DIRECT_VISIT,1.6,25.0,True,True
VS004962,AD002936,T2,2026-06-19,2026-06-29,236.3,155.0,326.1,DIRECT_VISIT,0.0,20.0,True,True
VS004986,AD001822,T3,2026-06-19,2026-06-29,260.5,56.3,66.4,DIRECT_VISIT,167.1,50.0,False,False
