address_id,account_id,town_id,old_tier,old_px,old_py,street_info,new_px,new_py,new_tier,promoted_r90
AD000026,AC000022,T1,baseline_coarse,-2808.8,965.6,9th cross; 7th main,-2691.2,1426.5,cross_account_inferred,75.0
AD000055,AC000044,T3,baseline_coarse,920.0,-972.3,1st road,1275.8,-1116.6,cross_account_inferred,75.0
AD000077,AC000062,T3,baseline_coarse,1912.1,-1886.9,2nd rd,1056.3,-699.4,cross_account_inferred,75.0
AD000112,AC000089,T1,baseline_coarse,804.3,-2828.4,5th cross; 5th main,2564.7,924.2,cross_account_inferred,75.0
AD000121,AC000096,T3,baseline_coarse,-1415.5,-1879.2,d block; 1st road,-978.6,-432.0,cross_account_inferred,75.0
AD000135,AC000107,T1,visits_disagree,808.6,-2608.7,5th main,732.5,-2683.6,cross_account_inferred,75.0
AD000156,AC000124,T1,baseline_coarse,1540.6,-1875.4,1st cross; 4th main,1998.4,-1381.6,cross_account_inferred,75.0
AD000160,AC000127,T3,baseline_coarse,3714.4,463.4,6th road,-2369.7,1821.9,cross_account_inferred,75.0
AD000179,AC000143,T1,baseline_coarse,2359.4,960.2,6th main,2694.5,1454.5,cross_account_inferred,75.0
AD000210,AC000169,T3,baseline_coarse,-617.3,-417.4,d block; 1st road,-978.6,-432.0,cross_account_inferred,75.0
AD000214,AC000172,T1,baseline_coarse,719.5,-2910.2,9th cross; 1st main,364.7,-2881.9,cross_account_inferred,75.0
AD000264,AC000209,T2,baseline_coarse,3015.8,634.3,gali 3,2946.9,261.8,cross_account_inferred,75.0
AD000302,AC000239,T1,baseline_coarse,1095.4,-284.1,3rd cross,895.5,-469.7,cross_account_inferred,75.0
AD000317,AC000251,T1,baseline_coarse,-1833.5,1124.5,7th main,-2569.1,1094.6,cross_account_inferred,75.0
AD000318,AC000252,T1,baseline_coarse,1002.4,40.9,6th cross; 5th main,1210.3,-177.6,cross_account_inferred,75.0
AD000341,AC000270,T1,baseline_coarse,288.3,2340.7,6th cross; 5th main,422.0,2330.8,cross_account_inferred,75.0
AD000372,AC000296,T1,baseline_coarse,771.8,-3053.5,3rd cross,569.6,-3313.7,cross_account_inferred,75.0
AD000381,AC000303,T2,baseline_coarse,495.4,-3176.7,gali 5,403.0,-3213.0,cross_account_inferred,75.0
AD000438,AC000346,T2,baseline_coarse,795.5,2732.6,gali no. 1,828.3,2297.6,cross_account_inferred,75.0
AD000447,AC000352,T1,baseline_coarse,369.8,2138.8,10th cross; 3rd main,178.2,2571.4,cross_account_inferred,75.0
AD000466,AC000368,T1,baseline_coarse,1310.1,-117.2,4th main,1052.4,-57.6,cross_account_inferred,75.0
AD000478,AC000376,T1,baseline_coarse,633.9,-2929.8,8th main,1169.7,-3104.3,cross_account_inferred,75.0
AD000542,AC000421,T3,baseline_coarse,-1260.6,2056.9,d block; 2nd road,-2693.8,1719.1,cross_account_inferred,75.0
AD000594,AC000462,T1,baseline_coarse,-1688.1,1061.4,3rd cross,-2600.4,997.2,cross_account_inferred,75.0
AD000607,AC000474,T3,visits_disagree,-862.8,-3920.9,a block; 1st road,-802.8,-3859.5,cross_account_inferred,75.0
AD000653,AC000507,T1,baseline_coarse,1946.7,-906.7,12th cross; 4th main,-2383.7,-2020.9,cross_account_inferred,75.0
AD000702,AC000544,T1,baseline_coarse,2902.7,-2289.0,1st cross; 5th main,2738.1,-2555.3,cross_account_inferred,75.0
AD000708,AC000549,T2,baseline_coarse,2977.2,636.1,gali 2,2770.9,142.7,cross_account_inferred,75.0
AD000718,AC000556,T2,baseline_coarse,999.1,2588.3,gali 7,774.3,3008.7,cross_account_inferred,75.0
AD000722,AC000560,T3,visits_disagree,4028.6,322.2,c block; 6th road,4024.7,318.4,cross_account_inferred,75.0
AD000760,AC000590,T1,baseline_coarse,2680.7,-1810.8,3rd cross; 5th main,2780.6,-2484.4,cross_account_inferred,75.0
AD000780,AC000604,T1,baseline_coarse,752.0,-3188.0,3rd; 5th main,779.0,-3288.8,cross_account_inferred,75.0
AD000837,AC000650,T1,baseline_coarse,-1934.8,-2593.9,2nd main,-1298.8,-2714.3,cross_account_inferred,75.0
AD000873,AC000678,T1,baseline_coarse,-2816.1,1289.1,3rd cross,-2600.4,997.2,cross_account_inferred,75.0
AD000889,AC000691,T1,baseline_coarse,2682.0,-2208.9,4th cross; 7th main,3049.2,-2511.3,cross_account_inferred,75.0
AD000914,AC000708,T2,baseline_coarse,1353.7,-2306.1,gali no. 4,1720.5,-2200.0,cross_account_inferred,75.0
AD000939,AC000728,T1,baseline_coarse,2364.6,1132.3,12th cross; 6th main,2580.5,1450.1,cross_account_inferred,75.0
AD000968,AC000750,T3,baseline_coarse,-2360.1,1644.4,6th road,-2369.7,1821.9,cross_account_inferred,75.0
AD000979,AC000759,T2,baseline_coarse,834.5,2612.0,gali 7,774.3,3008.7,cross_account_inferred,75.0
AD001010,AC000784,T2,baseline_coarse,1180.4,36.7,gali 2,1003.6,-353.0,cross_account_inferred,75.0
AD001041,AC000809,T1,baseline_coarse,1771.0,1594.8,6th cross; 5th main,422.0,2330.8,cross_account_inferred,75.0
AD001062,AC000824,T3,baseline_coarse,3539.0,502.8,3rd road,3796.8,101.1,cross_account_inferred,75.0
AD001081,AC000839,T2,baseline_coarse,1086.5,-83.6,gali 5,743.8,-130.6,cross_account_inferred,75.0
AD001142,AC000883,T3,baseline_coarse,-689.3,-604.3,d block; 6th rd,-938.9,-200.5,cross_account_inferred,75.0
AD001166,AC000903,T1,baseline_coarse,-2805.7,1404.6,9th cross; 7th main,-2691.2,1426.5,cross_account_inferred,75.0
AD001211,AC000936,T2,baseline_coarse,1016.8,19.7,gali no. 12,1540.5,366.4,cross_account_inferred,75.0
AD001283,AC000994,T3,baseline_coarse,3799.3,510.2,4th road,-827.8,-3726.7,cross_account_inferred,75.0
AD001284,AC000995,T2,baseline_coarse,1487.9,-2023.2,gali no. 6,1680.3,-2133.9,cross_account_inferred,75.0
AD001327,AC001027,T2,baseline_coarse,1460.0,-1918.0,gali 10,1207.0,-1878.5,cross_account_inferred,75.0
AD001342,AC001039,T2,baseline_coarse,2906.1,710.1,gali 3,2896.9,261.8,cross_account_inferred,75.0
AD001348,AC001043,T1,baseline_coarse,2614.3,-2334.9,6th main,2907.0,-2465.7,cross_account_inferred,75.0
AD001388,AC001073,T1,baseline_coarse,2001.7,-1434.8,2nd cross,2992.8,-2655.8,cross_account_inferred,75.0
AD001390,AC001075,T3,baseline_coarse,-518.2,-3678.9,5th road,-173.7,-3339.8,cross_account_inferred,75.0
AD001395,AC001079,T3,visits_disagree,1352.5,-1064.7,1st road,1275.8,-1116.6,cross_account_inferred,75.0
AD001403,AC001083,T2,baseline_coarse,1207.7,-44.5,gali no. 5,1014.3,-72.9,cross_account_inferred,75.0
AD001497,AC001153,T2,baseline_coarse,1543.4,-2177.2,gali no. 7,1496.6,-2033.5,cross_account_inferred,75.0
AD001506,AC001160,T2,baseline_coarse,-827.7,3017.0,gali no. 10,-799.2,3343.4,cross_account_inferred,75.0
AD001623,AC001254,T1,baseline_coarse,2840.8,-2207.2,8th main,3256.0,-2207.1,cross_account_inferred,75.0
AD001647,AC001272,T2,visits_disagree,-1642.2,-2907.1,gali no. 5,-1507.4,-2857.9,cross_account_inferred,75.0
AD001684,AC001296,T2,baseline_coarse,1011.4,2568.5,gali 11,956.7,3025.5,cross_account_inferred,75.0
AD001730,AC001334,T1,baseline_coarse,-3044.6,1147.2,3rd cross,-2600.4,997.2,cross_account_inferred,75.0
AD001775,AC001372,T1,visits_disagree,2904.3,-2377.4,6th main,2907.0,-2465.7,cross_account_inferred,75.0
AD001800,AC001393,T1,visits_disagree,2544.1,-2210.8,5th cross; 2nd main,2587.5,-2211.9,cross_account_inferred,75.0
AD001877,AC001454,T2,baseline_coarse,2445.4,-1146.5,gali 12,2488.4,-707.2,cross_account_inferred,75.0
AD001889,AC001464,T1,baseline_coarse,-2291.8,-2415.0,6th cross; 5th main,-2132.8,-2396.2,cross_account_inferred,75.0
AD001903,AC001475,T1,baseline_coarse,1655.8,1952.0,3rd main,2382.5,921.3,cross_account_inferred,75.0
AD001941,AC001503,T1,baseline_coarse,138.1,2504.1,1st main,-46.1,2664.5,cross_account_inferred,75.0
AD001949,AC001511,T1,baseline_coarse,2656.3,-2082.9,6th main,2907.0,-2465.7,cross_account_inferred,75.0
AD002013,AC001560,T1,baseline_coarse,2475.8,874.1,4th cross; 4th main,-2839.6,995.5,cross_account_inferred,75.0
AD002059,AC001597,T2,visits_disagree,1215.2,-2024.6,gali no. 8,1123.5,-1925.7,cross_account_inferred,75.0
AD002067,AC001605,T1,visits_disagree,1039.2,-371.8,3rd main,970.8,-299.1,cross_account_inferred,75.0
AD002075,AC001611,T2,baseline_coarse,1545.6,-1946.4,gali no. 3,1675.5,-2294.5,cross_account_inferred,75.0
AD002080,AC001613,T1,baseline_coarse,819.1,-2905.5,8th cross; 3rd main,581.6,-2919.4,cross_account_inferred,75.0
AD002175,AC001682,T3,baseline_coarse,971.9,-924.3,2nd road,889.8,-778.8,cross_account_inferred,75.0
AD002185,AC001689,T3,baseline_coarse,-2566.2,1751.2,6th road,-2369.7,1821.9,cross_account_inferred,75.0
AD002197,AC001700,T2,visits_disagree,947.5,-268.5,gali 3,812.2,-240.4,cross_account_inferred,75.0
AD002222,AC001719,T1,baseline_coarse,-1826.1,1487.7,1st main,783.6,-216.0,cross_account_inferred,75.0
AD002267,AC001757,T2,baseline_coarse,767.4,2788.3,gali 8,732.6,2936.6,cross_account_inferred,75.0
AD002271,AC001760,T2,baseline_coarse,1344.0,-2078.0,gali no. 1,1736.4,-2440.2,cross_account_inferred,75.0
AD002343,AC001815,T3,baseline_coarse,-1250.8,2119.2,c block; 3rd road,-286.4,2831.5,cross_account_inferred,75.0
AD002344,AC001816,T2,baseline_coarse,2054.9,1624.7,gali 10,2389.3,2156.4,cross_account_inferred,75.0
AD002363,AC001831,T3,baseline_coarse,3183.8,-2047.9,f block; 3rd road,3929.9,720.8,cross_account_inferred,75.0
AD002385,AC001851,T2,baseline_coarse,-609.3,-752.7,gali 6,-465.0,-534.0,cross_account_inferred,75.0
AD002410,AC001869,T3,baseline_coarse,805.6,-676.1,1st road,1375.8,-1116.6,cross_account_inferred,75.0
AD002418,AC001874,T1,baseline_coarse,1080.6,-1354.2,1st cross; 6th main,923.1,-3421.1,cross_account_inferred,75.0
AD002429,AC001883,T1,baseline_coarse,2322.2,1169.7,3rd,-1137.4,-3087.3,cross_account_inferred,75.0
AD002534,AC001960,T2,baseline_coarse,902.8,-40.9,gali no. 5,1064.3,-72.9,cross_account_inferred,75.0
AD002606,AC002018,T1,visits_disagree,1223.5,-171.9,6th cross; 5th main,1210.3,-177.6,cross_account_inferred,75.0
AD002621,AC002031,T1,visits_disagree,815.7,-3138.9,5th cross; 5th main,834.0,-3139.7,cross_account_inferred,75.0
AD002639,AC002044,T2,baseline_coarse,1007.7,2661.1,gali 11,956.7,3025.5,cross_account_inferred,75.0
AD002672,AC002071,T1,baseline_coarse,2314.7,1011.9,3rd cross; 1st main,2107.0,762.7,cross_account_inferred,75.0
AD002711,AC002102,T1,visits_disagree,1179.8,-3168.1,4th cross; 8th main,1197.2,-3177.1,cross_account_inferred,75.0
AD002725,AC002114,T2,baseline_coarse,748.1,2560.2,gali 10,717.5,3101.5,cross_account_inferred,75.0
AD002815,AC002180,T1,baseline_coarse,1681.8,-2023.3,10th cross; 5th main,767.4,-2763.0,cross_account_inferred,75.0
AD002840,AC002200,T1,baseline_coarse,1037.0,-227.0,3rd main,1070.8,-299.1,cross_account_inferred,75.0
AD002881,AC002237,T1,baseline_coarse,1983.5,1458.4,3rd main,2382.5,921.3,cross_account_inferred,75.0
AD002922,AC002269,T1,visits_disagree,779.9,-2691.0,5th main,782.5,-2683.6,cross_account_inferred,75.0
AD002984,AC002319,T2,baseline_coarse,823.3,2671.5,gali no. 8,1353.4,2759.7,cross_account_inferred,75.0
AD003056,AC002374,T1,baseline_coarse,-2496.9,-2499.0,7th cross; 7th main,-724.9,-3104.0,cross_account_inferred,75.0
AD003088,AC002399,T3,baseline_coarse,3327.9,-2012.0,e block; 4th road,3646.8,552.3,cross_account_inferred,75.0
AD003117,AC000977,T1,baseline_coarse,566.7,-1323.1,1st cross; 8th main,2975.5,-2722.3,cross_account_inferred,75.0
