visit_id,agent_id,account_id,address_id,visit_date,checkin_x,checkin_y,fraud_type,photo_hash,photo_account_reuse_count,cluster_account_count,trail_len
VS000061,FA009,AC002020,AD002609,2026-04-01,2341.3,-755.4,photo_and_cluster_spoof,ph0085,22,108,6
VS000062,FA009,AC001548,AD001995,2026-04-01,-3711.3,-792.7,photo_and_cluster_spoof,ph0085,22,62,4
VS000065,FA009,AC001356,AD001755,2026-04-01,2333.1,-796.8,photo_and_cluster_spoof,ph0084,26,102,5
VS000120,FA009,AC000497,AD000639,2026-04-02,2345.0,-773.0,photo_and_cluster_spoof,ph0083,26,113,6
VS000122,FA009,AC000064,AD000079,2026-04-02,-3731.6,-771.0,fixed_location_cluster_spoof,5851b2ade948,1,80,7
VS000123,FA009,AC000999,AD001290,2026-04-02,2337.9,-770.5,fixed_location_cluster_spoof,dced9d1f995e,1,115,5
VS000124,FA009,AC001894,AD002448,2026-04-02,-3748.3,-772.2,fixed_location_cluster_spoof,228e3c27e6f2,1,76,7
VS000126,FA009,AC001000,AD001291,2026-04-02,-3729.3,-785.6,photo_and_cluster_spoof,ph0083,26,77,7
VS000127,FA009,AC001219,AD001582,2026-04-02,2327.9,-773.0,photo_and_cluster_spoof,ph0082,31,115,8
VS000215,FA009,AC000868,AD001121,2026-04-03,2324.6,-800.1,photo_and_cluster_spoof,ph0084,26,95,7
VS000279,FA009,AC002111,AD002722,2026-04-04,-3718.4,-746.6,fixed_location_cluster_spoof,34bbde915797,1,59,8
VS000284,FA009,AC001111,AD001443,2026-04-04,-3737.1,-754.9,photo_and_cluster_spoof,ph0080,28,74,6
VS000286,FA009,AC001863,AD002402,2026-04-04,2325.9,-785.7,photo_and_cluster_spoof,ph0082,31,114,9
VS000345,FA009,AC000837,AD001078,2026-04-06,-3744.3,-780.3,photo_and_cluster_spoof,ph0082,31,76,5
VS000347,FA009,AC000807,AD001039,2026-04-06,-3741.6,-769.5,photo_and_cluster_spoof,ph0080,28,78,10
VS000348,FA009,AC001586,AD002044,2026-04-06,2355.2,-769.0,fixed_location_cluster_spoof,3299c5d814c3,1,101,5
VS000349,FA009,AC001653,AD002134,2026-04-06,-3740.5,-786.2,photo_and_cluster_spoof,ph0084,26,77,6
VS000352,FA009,AC001799,AD002321,2026-04-06,2329.4,-787.5,photo_and_cluster_spoof,ph0080,28,114,8
VS000416,FA009,AC001060,AD001369,2026-04-07,-3737.8,-789.1,photo_and_cluster_spoof,ph0082,31,77,6
VS000417,FA009,AC000976,AD001262,2026-04-07,2336.9,-773.7,photo_and_cluster_spoof,ph0084,26,115,7
VS000508,FA009,AC001239,AD001605,2026-04-08,2325.7,-793.2,photo_and_cluster_spoof,ph0081,26,109,7
VS000559,FA009,AC001970,AD002546,2026-04-09,-3732.7,-778.2,photo_and_cluster_spoof,ph0085,22,78,5
VS000561,FA009,AC001029,AD001330,2026-04-09,2318.0,-765.6,photo_and_cluster_spoof,ph0082,31,114,5
VS000562,FA009,AC001873,AD002416,2026-04-09,2344.3,-772.9,fixed_location_cluster_spoof,dc9483f993e1,1,114,6
VS000564,FA009,AC001062,AD001371,2026-04-09,2319.5,-763.3,fixed_location_cluster_spoof,d7afbb393d90,1,114,8
VS000565,FA009,AC001686,AD002181,2026-04-09,-3773.9,-747.4,photo_and_cluster_spoof,ph0084,26,24,5
VS000638,FA009,AC000277,AD000348,2026-04-10,-3747.0,-794.4,photo_and_cluster_spoof,ph0085,22,71,4
VS000640,FA009,AC001558,AD002009,2026-04-10,2343.0,-770.2,fixed_location_cluster_spoof,e1eadbfdc0d6,1,114,8
VS000641,FA009,AC002099,AD002708,2026-04-10,-3729.4,-772.4,photo_and_cluster_spoof,ph0083,26,79,8
VS000642,FA009,AC000789,AD001017,2026-04-10,2344.8,-751.8,fixed_location_cluster_spoof,cda896a2a2ef,1,95,6
VS000643,FA009,AC001857,AD002395,2026-04-10,-3747.7,-786.6,fixed_location_cluster_spoof,0e957f44ceea,1,75,6
VS000645,FA009,AC000832,AD001071,2026-04-10,2324.7,-780.4,photo_and_cluster_spoof,ph0081,26,114,6
VS000717,FA009,AC001625,AD002096,2026-04-11,2343.2,-754.6,fixed_location_cluster_spoof,80b1ed4c4a18,1,104,7
VS000721,FA009,AC001607,AD002070,2026-04-11,2322.5,-755.9,fixed_location_cluster_spoof,2223e4fe6fe2,1,108,4
VS000723,FA009,AC001046,AD001352,2026-04-11,2323.8,-771.2,photo_and_cluster_spoof,ph0080,28,114,6
VS000776,FA009,AC001356,AD001755,2026-04-13,-3733.2,-773.2,photo_and_cluster_spoof,ph0081,26,80,6
VS000777,FA009,AC000064,AD000079,2026-04-13,2336.5,-777.8,photo_and_cluster_spoof,ph0085,22,115,7
VS000778,FA009,AC001000,AD001291,2026-04-13,2345.6,-793.0,photo_and_cluster_spoof,ph0080,28,105,7
VS000779,FA009,AC000497,AD000639,2026-04-13,-3750.1,-793.6,photo_and_cluster_spoof,ph0084,26,67,5
VS000780,FA009,AC001219,AD001582,2026-04-13,-3735.8,-763.5,photo_and_cluster_spoof,ph0083,26,78,5
VS000854,FA009,AC001974,AD002551,2026-04-14,2322.3,-764.6,photo_and_cluster_spoof,ph0081,26,115,7
VS000857,FA009,AC001457,AD001880,2026-04-14,2335.7,-792.5,fixed_location_cluster_spoof,e43ddbaf1617,1,110,10
VS000859,FA009,AC000501,AD000645,2026-04-14,-3728.6,-780.1,photo_and_cluster_spoof,ph0084,26,78,7
VS000860,FA009,AC002243,AD002889,2026-04-14,-3754.2,-781.5,photo_and_cluster_spoof,ph0080,28,73,7
VS000917,FA009,AC002279,AD002933,2026-04-15,-3716.3,-804.7,photo_and_cluster_spoof,ph0084,26,47,9
VS000921,FA009,AC000123,AD000155,2026-04-15,2306.2,-772.7,photo_and_cluster_spoof,ph0082,31,100,6
VS000922,FA009,AC001869,AD002411,2026-04-15,-3747.4,-771.5,fixed_location_cluster_spoof,77c9d76d0060,1,76,7
VS000996,FA009,AC001123,AD001458,2026-04-16,-3743.5,-772.4,photo_and_cluster_spoof,ph0081,26,78,9
VS000999,FA009,AC001355,AD001754,2026-04-16,2319.2,-787.2,photo_and_cluster_spoof,ph0082,31,110,6
VS001001,FA009,AC000826,AD001064,2026-04-16,2322.5,-766.2,photo_and_cluster_spoof,ph0080,28,115,7
VS001002,FA009,AC001448,AD001868,2026-04-16,2347.0,-778.8,fixed_location_cluster_spoof,307de77f34d6,1,113,8
VS001090,FA009,AC000487,AD000627,2026-04-17,2317.7,-773.7,fixed_location_cluster_spoof,3c654cdeec73,1,112,5
VS001092,FA009,AC000351,AD000446,2026-04-17,2336.7,-752.3,photo_and_cluster_spoof,ph0082,31,102,9
VS001093,FA009,AC002264,AD002916,2026-04-17,2324.8,-754.0,photo_and_cluster_spoof,ph0083,26,105,5
VS001161,FA009,AC000758,AD000978,2026-04-18,-3742.5,-774.1,fixed_location_cluster_spoof,83d167c33429,1,78,6
VS001164,FA009,AC001746,AD002254,2026-04-18,2307.4,-785.9,photo_and_cluster_spoof,ph0080,28,93,4
VS001235,FA009,AC001664,AD002150,2026-04-20,2345.3,-786.8,photo_and_cluster_spoof,ph0080,28,111,9
VS001236,FA009,AC001239,AD001605,2026-04-20,2314.4,-775.9,photo_and_cluster_spoof,ph0080,28,109,5
VS001238,FA009,AC001656,AD002139,2026-04-20,2339.8,-784.9,photo_and_cluster_spoof,ph0084,26,114,6
VS001306,FA009,AC000963,AD001247,2026-04-21,2327.5,-763.0,photo_and_cluster_spoof,ph0085,22,115,7
VS001307,FA009,AC001040,AD001343,2026-04-21,2324.1,-785.6,photo_and_cluster_spoof,ph0083,26,114,8
VS001383,FA009,AC001985,AD002564,2026-04-22,2321.7,-780.8,photo_and_cluster_spoof,ph0081,26,114,9
VS001388,FA009,AC000354,AD000449,2026-04-22,-3740.4,-780.0,fixed_location_cluster_spoof,efc28b49506b,1,79,8
VS001438,FA009,AC001725,AD002230,2026-04-23,-3719.4,-777.6,photo_and_cluster_spoof,ph0085,22,77,9
VS001443,FA009,AC001140,AD001480,2026-04-23,-3729.4,-778.8,photo_and_cluster_spoof,ph0084,26,78,7
VS001445,FA009,AC001846,AD002380,2026-04-23,-3725.4,-802.0,photo_and_cluster_spoof,ph0085,22,67,7
VS001516,FA009,AC000605,AD000781,2026-04-24,2309.1,-821.7,photo_and_cluster_spoof,ph0080,28,26,7
VS001519,FA009,AC001457,AD001880,2026-04-24,2322.6,-770.2,photo_and_cluster_spoof,ph0084,26,114,8
VS001520,FA009,AC001129,AD001466,2026-04-24,-3725.4,-763.4,fixed_location_cluster_spoof,2ec0e6fddf56,1,77,4
VS001522,FA009,AC002243,AD002889,2026-04-24,-3748.6,-805.2,fixed_location_cluster_spoof,b1c31f90cf84,1,55,7
VS001587,FA009,AC001465,AD001890,2026-04-25,2327.9,-765.0,photo_and_cluster_spoof,ph0084,26,116,7
VS001589,FA009,AC001749,AD002258,2026-04-25,-3716.6,-769.2,photo_and_cluster_spoof,ph0081,26,77,8
VS001590,FA009,AC002248,AD002896,2026-04-25,2342.4,-765.6,photo_and_cluster_spoof,ph0083,26,114,4
VS001680,FA009,AC000676,AD000870,2026-04-27,-3749.8,-779.5,photo_and_cluster_spoof,ph0082,31,72,10
VS001684,FA009,AC000641,AD000827,2026-04-27,-3733.8,-780.6,photo_and_cluster_spoof,ph0083,26,78,8
VS001685,FA009,AC000027,AD000031,2026-04-27,2325.8,-729.4,photo_and_cluster_spoof,ph0082,31,39,10
VS001750,FA009,AC001204,AD001565,2026-04-28,-3731.2,-771.6,fixed_location_cluster_spoof,4ee244082bab,1,80,7
VS001755,FA009,AC001111,AD001443,2026-04-28,-3730.7,-776.3,photo_and_cluster_spoof,ph0083,26,79,5
VS001810,FA009,AC001420,AD001832,2026-04-29,-3721.8,-762.3,photo_and_cluster_spoof,ph0085,22,75,8
VS001811,FA009,AC000762,AD000982,2026-04-29,2333.0,-759.5,photo_and_cluster_spoof,ph0081,26,111,8
VS001812,FA009,AC002223,AD002866,2026-04-29,2346.9,-744.5,fixed_location_cluster_spoof,1eb98f8ad0ee,1,72,5
VS001813,FA009,AC001350,AD001749,2026-04-29,2331.4,-786.5,photo_and_cluster_spoof,ph0080,28,113,7
VS001814,FA009,AC000341,AD000433,2026-04-29,2349.7,-766.1,photo_and_cluster_spoof,ph0085,22,106,6
VS001815,FA009,AC002399,AD003088,2026-04-29,2341.3,-757.5,fixed_location_cluster_spoof,ecf717dbdacd,1,108,10
VS001872,FA009,AC002295,AD002956,2026-04-30,2325.8,-765.7,photo_and_cluster_spoof,ph0081,26,116,8
VS001874,FA009,AC001686,AD002181,2026-04-30,2326.4,-776.3,photo_and_cluster_spoof,ph0082,31,115,6
VS001876,FA009,AC000228,AD000288,2026-04-30,2316.8,-770.3,photo_and_cluster_spoof,ph0081,26,112,9
VS001877,FA009,AC002006,AD002590,2026-04-30,-3734.4,-767.2,photo_and_cluster_spoof,ph0080,28,78,7
VS001878,FA009,AC001412,AD001822,2026-04-30,-3727.7,-781.0,photo_and_cluster_spoof,ph0081,26,78,5
VS001879,FA009,AC000859,AD001109,2026-04-30,-3743.5,-768.2,photo_and_cluster_spoof,ph0080,28,77,6
VS001952,FA009,AC000443,AD000570,2026-05-01,-3725.7,-769.7,fixed_location_cluster_spoof,5802ea16a0ca,1,79,10
VS001957,FA009,AC001427,AD001840,2026-05-01,-3746.2,-759.4,photo_and_cluster_spoof,ph0082,31,75,9
VS002031,FA009,AC000158,AD000197,2026-05-02,2347.3,-764.8,fixed_location_cluster_spoof,b02a6910c4a1,1,107,8
VS002033,FA009,AC001727,AD002233,2026-05-02,2337.5,-792.7,photo_and_cluster_spoof,ph0081,26,107,7
VS002034,FA009,AC001987,AD002566,2026-05-02,-3710.9,-762.3,photo_and_cluster_spoof,ph0084,26,68,8
VS002035,FA009,AC000481,AD000617,2026-05-02,2293.7,-868.6,photo_reuse_fraud,ph0082,31,1,10
VS002105,FA009,AC001129,AD001466,2026-05-04,2332.2,-770.3,photo_and_cluster_spoof,ph0084,26,115,6
VS002108,FA009,AC002082,AD002685,2026-05-04,-3736.9,-775.6,photo_and_cluster_spoof,ph0080,28,80,9
VS002110,FA009,AC000240,AD000303,2026-05-04,2338.3,-787.1,photo_and_cluster_spoof,ph0082,31,113,8
VS002171,FA009,AC000257,AD000325,2026-05-05,2327.0,-778.9,photo_and_cluster_spoof,ph0085,22,115,8
VS002172,FA009,AC000675,AD000869,2026-05-05,2335.3,-768.4,fixed_location_cluster_spoof,487cf17743a8,1,115,7
VS002174,FA009,AC000942,AD001220,2026-05-05,2339.9,-773.6,fixed_location_cluster_spoof,92a75e434756,1,115,6
VS002175,FA009,AC001338,AD001734,2026-05-05,2342.8,-765.4,photo_and_cluster_spoof,ph0080,28,114,8
VS002176,FA009,AC001659,AD002143,2026-05-05,2320.6,-768.7,fixed_location_cluster_spoof,0b27c926a45f,1,114,9
VS002179,FA009,AC001724,AD002229,2026-05-05,2331.8,-794.1,photo_and_cluster_spoof,ph0082,31,109,6
VS002241,FA009,AC001249,AD001618,2026-05-06,2344.4,-775.0,photo_and_cluster_spoof,ph0083,26,114,9
VS002321,FA009,AC001923,AD002485,2026-05-07,2311.4,-794.4,fixed_location_cluster_spoof,f5b7cc91e247,1,88,9
VS002323,FA009,AC001071,AD001384,2026-05-07,2317.6,-784.6,photo_and_cluster_spoof,ph0084,26,111,8
VS002325,FA009,AC000826,AD001064,2026-05-07,2338.5,-780.0,photo_and_cluster_spoof,ph0083,26,115,6
VS002327,FA009,AC001448,AD001868,2026-05-07,-3744.1,-771.1,fixed_location_cluster_spoof,990b15427331,1,78,7
VS002399,FA009,AC000456,AD000587,2026-05-08,2327.0,-788.7,photo_and_cluster_spoof,ph0085,22,113,5
VS002402,FA009,AC001983,AD002562,2026-05-08,-3741.1,-773.7,photo_and_cluster_spoof,ph0083,26,80,8
VS002403,FA009,AC002248,AD002896,2026-05-08,-3743.9,-768.4,photo_and_cluster_spoof,ph0081,26,77,8
VS002484,FA009,AC002297,AD002959,2026-05-09,2343.1,-762.8,fixed_location_cluster_spoof,77634286d512,1,111,6
VS002486,FA009,AC000661,AD000852,2026-05-09,2334.2,-789.2,photo_and_cluster_spoof,ph0083,26,113,6
VS002542,FA009,AC002118,AD002730,2026-05-11,-3726.9,-781.3,photo_and_cluster_spoof,ph0082,31,78,8
VS002544,FA009,AC000609,AD000787,2026-05-11,2332.0,-773.7,photo_and_cluster_spoof,ph0084,26,115,7
VS002545,FA009,AC002206,AD002848,2026-05-11,-3723.0,-779.6,photo_and_cluster_spoof,ph0081,26,78,8
VS002546,FA009,AC001253,AD001622,2026-05-11,2314.9,-767.9,photo_and_cluster_spoof,ph0083,26,110,5
VS002548,FA009,AC000926,AD001197,2026-05-11,2343.3,-759.2,photo_and_cluster_spoof,ph0080,28,109,9
VS002604,FA009,AC000158,AD000197,2026-05-12,-3733.9,-783.1,photo_and_cluster_spoof,ph0084,26,78,9
VS002606,FA009,AC000838,AD001079,2026-05-12,2327.9,-757.4,photo_and_cluster_spoof,ph0084,26,110,5
VS002682,FA009,AC000228,AD000288,2026-05-13,2331.2,-770.7,photo_and_cluster_spoof,ph0083,26,115,4
VS002686,FA009,AC001873,AD002415,2026-05-13,2331.0,-792.9,fixed_location_cluster_spoof,d1efa6d306d8,1,111,9
VS002687,FA009,AC000109,AD000137,2026-05-13,2337.0,-773.0,photo_and_cluster_spoof,ph0080,28,115,8
VS002689,FA009,AC000126,AD000159,2026-05-13,-3751.5,-781.0,photo_and_cluster_spoof,ph0082,31,72,5
VS002690,FA009,AC001115,AD001448,2026-05-13,2354.6,-762.2,photo_and_cluster_spoof,ph0081,26,98,10
VS002765,FA009,AC000447,AD000576,2026-05-14,2308.2,-773.0,fixed_location_cluster_spoof,ac4afc3d4b64,1,105,8
VS002766,FA009,AC001251,AD001620,2026-05-14,2322.7,-780.8,fixed_location_cluster_spoof,687fe995a3a9,1,114,9
VS002768,FA009,AC000396,AD000505,2026-05-14,2348.3,-768.3,photo_and_cluster_spoof,ph0081,26,109,8
VS002769,FA009,AC000446,AD000575,2026-05-14,2345.0,-769.9,photo_and_cluster_spoof,ph0080,28,111,8
VS002771,FA009,AC001615,AD002083,2026-05-14,2330.3,-780.9,fixed_location_cluster_spoof,1d1ae46e45a1,1,114,9
VS002834,FA009,AC000740,AD000954,2026-05-15,-3719.8,-806.9,photo_and_cluster_spoof,ph0085,22,48,8
VS002912,FA009,AC001912,AD002471,2026-05-16,2339.5,-792.3,fixed_location_cluster_spoof,1096421376d7,1,106,7
VS002979,FA009,AC000676,AD000870,2026-05-18,2332.8,-792.3,photo_and_cluster_spoof,ph0081,26,112,9
VS002980,FA009,AC001629,AD002102,2026-05-18,-3740.3,-762.2,fixed_location_cluster_spoof,a78994b9d7c0,1,76,10
VS003054,FA009,AC001937,AD002504,2026-05-19,2315.9,-783.0,photo_and_cluster_spoof,ph0083,26,109,8
VS003055,FA009,AC001606,AD002068,2026-05-19,-3732.1,-784.3,fixed_location_cluster_spoof,1b7b2820766c,1,77,7
VS003126,FA009,AC000456,AD000587,2026-05-20,2319.9,-780.6,photo_and_cluster_spoof,ph0081,26,114,5
VS003130,FA009,AC000410,AD000526,2026-05-20,2323.3,-798.7,fixed_location_cluster_spoof,1bd757390aa8,1,96,9
VS003131,FA009,AC001943,AD002511,2026-05-20,-3742.0,-768.2,photo_and_cluster_spoof,ph0082,31,78,4
VS003187,FA009,AC001430,AD001845,2026-05-21,-3727.9,-764.3,photo_and_cluster_spoof,ph0084,26,77,6
VS003272,FA009,AC001727,AD002233,2026-05-22,-3740.8,-782.5,photo_and_cluster_spoof,ph0082,31,78,7
VS003273,FA009,AC000481,AD000617,2026-05-22,2334.3,-787.0,fixed_location_cluster_spoof,9915c7c383a1,1,113,4
VS003275,FA009,AC000559,AD000721,2026-05-22,-3735.8,-768.4,photo_and_cluster_spoof,ph0080,28,78,8
VS003335,FA009,AC002090,AD002696,2026-05-23,2322.0,-773.2,photo_and_cluster_spoof,ph0080,28,114,7
VS003336,FA009,AC000937,AD001212,2026-05-23,2322.8,-772.6,photo_and_cluster_spoof,ph0080,28,114,7
VS003337,FA009,AC001105,AD001436,2026-05-23,2315.8,-771.9,photo_and_cluster_spoof,ph0084,26,111,10
VS003338,FA009,AC000942,AD001220,2026-05-23,2321.8,-775.7,fixed_location_cluster_spoof,de13dde04d09,1,114,5
VS003420,FA009,AC000497,AD000639,2026-05-25,2338.5,-772.5,photo_and_cluster_spoof,ph0081,26,115,8
VS003421,FA009,AC000064,AD000079,2026-05-25,2313.3,-786.6,photo_and_cluster_spoof,ph0080,28,101,9
VS003424,FA009,AC000874,AD001128,2026-05-25,-3743.3,-738.3,photo_and_cluster_spoof,ph0081,26,41,4
VS003426,FA009,AC002279,AD002933,2026-05-25,2311.7,-785.3,photo_and_cluster_spoof,ph0080,28,100,6
VS003427,FA009,AC000123,AD000155,2026-05-25,2335.4,-771.0,photo_and_cluster_spoof,ph0085,22,115,9
VS003485,FA009,AC000508,AD000654,2026-05-26,2327.2,-787.7,photo_and_cluster_spoof,ph0082,31,114,7
VS003487,FA009,AC002053,AD002651,2026-05-26,2332.3,-778.6,fixed_location_cluster_spoof,894328f6a14d,1,115,6
VS003491,FA009,AC002236,AD002880,2026-05-26,2340.0,-764.1,photo_and_cluster_spoof,ph0084,26,115,7
VS003568,FA009,AC000341,AD000433,2026-05-27,-3739.2,-776.6,photo_and_cluster_spoof,ph0080,28,80,7
VS003569,FA009,AC000505,AD000650,2026-05-27,2338.5,-782.2,photo_and_cluster_spoof,ph0085,22,115,8
VS003571,FA009,AC001267,AD001641,2026-05-27,-3720.7,-776.1,fixed_location_cluster_spoof,263599d34cd4,1,77,6
VS003573,FA009,AC000230,AD000291,2026-05-27,-3716.3,-769.4,photo_and_cluster_spoof,ph0083,26,77,7
VS003631,FA009,AC001181,AD001535,2026-05-28,-3733.1,-752.4,photo_and_cluster_spoof,ph0080,28,72,4
VS003635,FA009,AC001123,AD001458,2026-05-28,2335.7,-765.3,fixed_location_cluster_spoof,8adae149cc19,1,117,6
VS003703,FA009,AC000600,AD000774,2026-05-29,-3760.8,-771.0,photo_and_cluster_spoof,ph0084,26,65,6
VS003705,FA009,AC000732,AD000944,2026-05-29,-3750.2,-758.9,photo_and_cluster_spoof,ph0082,31,75,9
VS003708,FA009,AC001431,AD001847,2026-05-29,-3729.8,-784.6,photo_and_cluster_spoof,ph0085,22,78,6
VS003709,FA009,AC001808,AD002334,2026-05-29,2336.4,-783.7,photo_and_cluster_spoof,ph0085,22,114,8
VS003785,FA009,AC001436,AD001854,2026-05-30,2344.5,-787.2,photo_and_cluster_spoof,ph0084,26,111,10
VS003788,FA009,AC001920,AD002481,2026-05-30,-3750.1,-779.9,fixed_location_cluster_spoof,ec79b5797a16,1,72,8
VS003838,FA009,AC000086,AD000107,2026-06-01,2335.1,-765.3,fixed_location_cluster_spoof,b41e077623be,1,117,6
VS003839,FA009,AC001129,AD001466,2026-06-01,2336.7,-767.4,fixed_location_cluster_spoof,b02fa2513eee,1,117,9
VS003841,FA009,AC001175,AD001524,2026-06-01,-3719.4,-779.1,photo_and_cluster_spoof,ph0083,26,77,9
VS003941,FA009,AC002169,AD002799,2026-06-02,2310.0,-793.8,photo_and_cluster_spoof,ph0082,31,89,8
VS003943,FA009,AC000151,AD000190,2026-06-02,2341.1,-763.1,fixed_location_cluster_spoof,63e09e3cd3b3,1,112,8
VS003944,FA009,AC000916,AD001183,2026-06-02,-3768.2,-756.6,fixed_location_cluster_spoof,f85fbcfdaec3,1,44,6
VS004011,FA009,AC000228,AD000288,2026-06-03,-3739.0,-762.2,fixed_location_cluster_spoof,5b785899deeb,1,76,9
VS004015,FA009,AC001480,AD001908,2026-06-03,2333.4,-764.9,photo_and_cluster_spoof,ph0084,26,117,7
VS004089,FA009,AC000464,AD000596,2026-06-04,2334.3,-745.7,photo_and_cluster_spoof,ph0082,31,86,8
VS004090,FA009,AC000182,AD000227,2026-06-04,2317.0,-782.4,fixed_location_cluster_spoof,20e6ad3f2501,1,109,8
VS004092,FA009,AC001893,AD002445,2026-06-04,2304.9,-768.1,fixed_location_cluster_spoof,05b310a7634b,1,94,8
VS004150,FA009,AC000513,AD000662,2026-06-05,-3733.6,-760.9,photo_and_cluster_spoof,ph0081,26,77,8
VS004151,FA009,AC000508,AD000654,2026-06-05,2330.7,-775.5,fixed_location_cluster_spoof,20d5577c7a5b,1,115,7
VS004205,FA009,AC001197,AD001555,2026-06-06,-3728.7,-784.1,fixed_location_cluster_spoof,ff2da510d214,1,78,6
VS004206,FA009,AC000942,AD001220,2026-06-06,2341.0,-771.0,photo_and_cluster_spoof,ph0082,31,115,7
VS004209,FA009,AC001338,AD001734,2026-06-06,2341.8,-727.0,fixed_location_cluster_spoof,c8629c0e7da1,1,33,9
VS004275,FA009,AC001606,AD002068,2026-06-08,2336.7,-755.2,fixed_location_cluster_spoof,a0952ac26b94,1,108,5
VS004276,FA009,AC000077,AD000098,2026-06-08,2320.3,-755.2,fixed_location_cluster_spoof,8c9dab5eba3c,1,104,7
VS004280,FA009,AC000639,AD000825,2026-06-08,2354.3,-793.1,photo_and_cluster_spoof,ph0083,26,88,7
VS004339,FA009,AC001466,AD001891,2026-06-09,2328.1,-784.0,photo_and_cluster_spoof,ph0083,26,114,7
VS004340,FA009,AC000074,AD000094,2026-06-09,-3733.8,-767.9,photo_and_cluster_spoof,ph0085,22,78,9
VS004343,FA009,AC000135,AD000170,2026-06-09,-3703.8,-784.3,fixed_location_cluster_spoof,f38cf2c7f43f,1,52,7
VS004344,FA009,AC001870,AD002412,2026-06-09,2356.6,-782.0,photo_and_cluster_spoof,ph0081,26,98,8
VS004345,FA009,AC001355,AD001754,2026-06-09,2316.6,-780.3,photo_and_cluster_spoof,ph0084,26,109,6
VS004429,FA009,AC000381,AD000484,2026-06-10,-3746.9,-768.6,fixed_location_cluster_spoof,ad5aa20c1df1,1,76,8
VS004489,FA009,AC000808,AD001040,2026-06-11,2342.7,-762.5,fixed_location_cluster_spoof,4c02172feae6,1,111,9
VS004492,FA009,AC000609,AD000787,2026-06-11,2327.9,-785.0,photo_and_cluster_spoof,ph0083,26,114,6
VS004493,FA009,AC000926,AD001197,2026-06-11,-3748.6,-784.5,photo_and_cluster_spoof,ph0082,31,75,7
VS004495,FA009,AC001983,AD002562,2026-06-11,2328.8,-801.5,photo_and_cluster_spoof,ph0085,22,93,5
VS004578,FA009,AC000937,AD001212,2026-06-12,2314.8,-773.7,fixed_location_cluster_spoof,29f7005e8973,1,109,5
VS004580,FA009,AC001451,AD001872,2026-06-12,2337.9,-783.9,photo_and_cluster_spoof,ph0083,26,114,8
VS004582,FA009,AC002136,AD002756,2026-06-12,2354.3,-798.4,photo_and_cluster_spoof,ph0082,31,77,7
VS004647,FA009,AC001364,AD001766,2026-06-13,2324.9,-760.3,fixed_location_cluster_spoof,90786ac7db70,1,114,5
VS004648,FA009,AC000027,AD000031,2026-06-13,-3727.3,-760.6,photo_and_cluster_spoof,ph0082,31,75,8
VS004705,FA009,AC001792,AD002311,2026-06-15,-3722.5,-782.9,photo_and_cluster_spoof,ph0085,22,77,6
VS004787,FA009,AC001197,AD001555,2026-06-16,-3738.2,-758.7,photo_and_cluster_spoof,ph0085,22,76,5
VS004790,FA009,AC002254,AD002903,2026-06-16,2341.8,-785.7,photo_and_cluster_spoof,ph0081,26,112,7
VS004860,FA009,AC001790,AD002309,2026-06-17,2335.0,-780.8,fixed_location_cluster_spoof,a0738d79e1df,1,115,8
VS004987,FA009,AC001465,AD001890,2026-06-19,-3736.1,-737.4,photo_and_cluster_spoof,ph0081,26,44,8
VS005056,FA009,AC000740,AD000954,2026-06-20,2343.0,-779.5,photo_and_cluster_spoof,ph0085,22,115,7
VS005057,FA009,AC001298,AD001687,2026-06-20,-3730.6,-793.0,photo_and_cluster_spoof,ph0080,28,76,6
VS005129,FA009,AC000808,AD001040,2026-06-22,2327.5,-783.5,photo_and_cluster_spoof,ph0082,31,114,6
VS005132,FA009,AC000926,AD001197,2026-06-22,-3708.6,-771.9,photo_and_cluster_spoof,ph0083,26,69,6
VS005133,FA009,AC000609,AD000787,2026-06-22,-3717.0,-770.9,photo_and_cluster_spoof,ph0085,22,77,7
VS005135,FA009,AC000337,AD000426,2026-06-22,2328.5,-728.5,photo_and_cluster_spoof,ph0082,31,38,4
VS005136,FA009,AC002252,AD002901,2026-06-22,-3706.5,-765.8,fixed_location_cluster_spoof,0e32957cbfd6,1,61,6
VS005193,FA009,AC000906,AD001170,2026-06-23,2338.2,-789.9,photo_and_cluster_spoof,ph0081,26,113,10
VS005195,FA009,AC001912,AD002471,2026-06-23,2312.9,-754.2,photo_and_cluster_spoof,ph0082,31,94,10
VS005196,FA009,AC001141,AD001481,2026-06-23,2316.9,-765.4,photo_and_cluster_spoof,ph0081,26,114,8
VS005338,FA009,AC000064,AD000079,2026-06-25,-3740.1,-759.1,photo_and_cluster_spoof,ph0082,31,76,10
VS005340,FA009,AC000874,AD001128,2026-06-25,-3735.8,-753.5,photo_and_cluster_spoof,ph0081,26,74,5
VS005341,FA009,AC000356,AD000451,2026-06-25,-3736.7,-775.5,fixed_location_cluster_spoof,9ba72ba85322,1,80,9
VS005342,FA009,AC001983,AD002562,2026-06-25,-3741.8,-755.7,fixed_location_cluster_spoof,5a6fc5e280a6,1,76,6
VS005344,FA009,AC000123,AD000155,2026-06-25,2310.3,-791.1,photo_and_cluster_spoof,ph0083,26,93,6
VS005424,FA009,AC000453,AD000584,2026-06-26,2329.7,-792.4,fixed_location_cluster_spoof,de378e61b66d,1,111,8
VS005429,FA009,AC002001,AD002582,2026-06-26,-3721.5,-777.9,photo_and_cluster_spoof,ph0082,31,78,8
VS005489,FA009,AC000513,AD000662,2026-06-27,-3734.7,-770.5,photo_and_cluster_spoof,ph0083,26,80,4
VS005491,FA009,AC002053,AD002651,2026-06-27,2345.4,-763.3,photo_and_cluster_spoof,ph0083,26,109,8
VS005573,FA009,AC002183,AD002819,2026-06-29,2323.2,-787.1,photo_and_cluster_spoof,ph0080,28,112,7
VS005574,FA009,AC000818,AD001053,2026-06-29,2319.6,-756.6,photo_and_cluster_spoof,ph0084,26,108,6
