visit_id,agent_id,account_id,photo_hash,account_reuse_count,checkin_x,checkin_y
VS000061,FA009,AC002020,ph0085,22,2341.3,-755.4
VS000062,FA009,AC001548,ph0085,22,-3711.3,-792.7
VS000065,FA009,AC001356,ph0084,26,2333.1,-796.8
VS000120,FA009,AC000497,ph0083,26,2332.4,-770.5
VS000126,FA009,AC001000,ph0083,26,-3724.5,-788.5
VS000127,FA009,AC001219,ph0082,31,2325.1,-774.0
VS000215,FA009,AC000868,ph0084,26,2324.6,-800.1
VS000284,FA009,AC001111,ph0080,28,-3737.1,-754.9
VS000286,FA009,AC001863,ph0082,31,2325.9,-785.7
VS000345,FA009,AC000837,ph0082,31,-3744.3,-780.3
VS000347,FA009,AC000807,ph0080,28,-3734.8,-776.2
VS000349,FA009,AC001653,ph0084,26,-3740.5,-786.2
VS000352,FA009,AC001799,ph0080,28,2319.6,-787.9
VS000416,FA009,AC001060,ph0082,31,-3728.6,-764.1
VS000417,FA009,AC000976,ph0084,26,2336.9,-773.7
VS000508,FA009,AC001239,ph0081,26,2325.7,-793.2
VS000559,FA009,AC001970,ph0085,22,-3732.7,-778.2
VS000561,FA009,AC001029,ph0082,31,2318.0,-765.6
VS000565,FA009,AC001686,ph0084,26,-3773.9,-747.4
VS000638,FA009,AC000277,ph0085,22,-3747.0,-794.4
VS000641,FA009,AC002099,ph0083,26,-3729.4,-772.4
VS000645,FA009,AC000832,ph0081,26,2324.7,-780.4
VS000723,FA009,AC001046,ph0080,28,2323.8,-771.2
VS000776,FA009,AC001356,ph0081,26,-3732.0,-778.2
VS000777,FA009,AC000064,ph0085,22,2333.5,-781.9
VS000778,FA009,AC001000,ph0080,28,2345.6,-793.0
VS000779,FA009,AC000497,ph0084,26,-3750.1,-793.6
VS000780,FA009,AC001219,ph0083,26,-3735.8,-763.5
VS000854,FA009,AC001974,ph0081,26,2322.3,-764.6
VS000859,FA009,AC000501,ph0084,26,-3728.6,-780.1
VS000860,FA009,AC002243,ph0080,28,-3754.2,-781.5
VS000917,FA009,AC002279,ph0084,26,-3716.3,-804.7
VS000921,FA009,AC000123,ph0082,31,2306.2,-772.7
VS000996,FA009,AC001123,ph0081,26,-3734.4,-762.5
VS000999,FA009,AC001355,ph0082,31,2319.2,-787.2
VS001001,FA009,AC000826,ph0080,28,2322.5,-766.2
VS001092,FA009,AC000351,ph0082,31,2336.7,-752.3
VS001093,FA009,AC002264,ph0083,26,2324.8,-754.0
VS001164,FA009,AC001746,ph0080,28,2307.4,-785.9
VS001235,FA009,AC001664,ph0080,28,2345.3,-786.8
VS001236,FA009,AC001239,ph0080,28,2314.4,-775.9
VS001238,FA009,AC001656,ph0084,26,2339.8,-784.9
VS001306,FA009,AC000963,ph0085,22,2327.5,-763.0
VS001307,FA009,AC001040,ph0083,26,2333.1,-794.3
VS001383,FA009,AC001985,ph0081,26,2319.7,-779.3
VS001438,FA009,AC001725,ph0085,22,-3719.4,-777.6
VS001443,FA009,AC001140,ph0084,26,-3732.5,-762.3
VS001445,FA009,AC001846,ph0085,22,-3725.4,-802.0
VS001516,FA009,AC000605,ph0080,28,2309.1,-821.7
VS001519,FA009,AC001457,ph0084,26,2313.0,-785.3
VS001587,FA009,AC001465,ph0084,26,2334.5,-765.8
VS001589,FA009,AC001749,ph0081,26,-3717.8,-771.8
VS001590,FA009,AC002248,ph0083,26,2342.4,-765.6
VS001680,FA009,AC000676,ph0082,31,-3757.8,-781.1
VS001684,FA009,AC000641,ph0083,26,-3733.8,-780.6
VS001685,FA009,AC000027,ph0082,31,2325.8,-729.4
VS001755,FA009,AC001111,ph0083,26,-3730.7,-776.3
VS001810,FA009,AC001420,ph0085,22,-3715.4,-765.5
VS001811,FA009,AC000762,ph0081,26,2333.0,-759.5
VS001813,FA009,AC001350,ph0080,28,2331.4,-786.5
VS001814,FA009,AC000341,ph0085,22,2349.7,-766.1
VS001872,FA009,AC002295,ph0081,26,2325.8,-765.7
VS001874,FA009,AC001686,ph0082,31,2326.4,-776.3
VS001876,FA009,AC000228,ph0081,26,2317.0,-771.1
VS001877,FA009,AC002006,ph0080,28,-3744.0,-785.6
VS001878,FA009,AC001412,ph0081,26,-3727.7,-781.0
VS001879,FA009,AC000859,ph0080,28,-3743.7,-768.7
VS001957,FA009,AC001427,ph0082,31,-3746.2,-759.4
VS002033,FA009,AC001727,ph0081,26,2337.5,-792.7
VS002034,FA009,AC001987,ph0084,26,-3710.9,-762.3
VS002035,FA009,AC000481,ph0082,31,2293.7,-868.6
VS002105,FA009,AC001129,ph0084,26,2332.2,-770.3
VS002108,FA009,AC002082,ph0080,28,-3736.9,-775.6
VS002110,FA009,AC000240,ph0082,31,2338.3,-787.1
VS002171,FA009,AC000257,ph0085,22,2327.0,-778.9
VS002175,FA009,AC001338,ph0080,28,2342.8,-765.4
VS002179,FA009,AC001724,ph0082,31,2325.1,-792.9
VS002241,FA009,AC001249,ph0083,26,2344.4,-775.0
VS002323,FA009,AC001071,ph0084,26,2317.6,-784.6
VS002325,FA009,AC000826,ph0083,26,2338.5,-780.0
VS002399,FA009,AC000456,ph0085,22,2327.0,-788.7
VS002402,FA009,AC001983,ph0083,26,-3741.1,-773.7
VS002403,FA009,AC002248,ph0081,26,-3747.2,-776.0
VS002486,FA009,AC000661,ph0083,26,2337.0,-792.4
VS002542,FA009,AC002118,ph0082,31,-3726.9,-781.3
VS002544,FA009,AC000609,ph0084,26,2332.0,-773.7
VS002545,FA009,AC002206,ph0081,26,-3722.3,-776.2
VS002546,FA009,AC001253,ph0083,26,2314.9,-767.9
VS002548,FA009,AC000926,ph0080,28,2343.3,-759.2
VS002604,FA009,AC000158,ph0084,26,-3736.3,-777.4
VS002606,FA009,AC000838,ph0084,26,2327.9,-757.4
VS002682,FA009,AC000228,ph0083,26,2331.2,-770.7
VS002687,FA009,AC000109,ph0080,28,2339.7,-773.6
VS002689,FA009,AC000126,ph0082,31,-3751.5,-781.0
VS002690,FA009,AC001115,ph0081,26,2354.6,-762.2
VS002768,FA009,AC000396,ph0081,26,2353.3,-763.2
VS002769,FA009,AC000446,ph0080,28,2337.0,-771.8
VS002834,FA009,AC000740,ph0085,22,-3719.8,-806.9
VS002979,FA009,AC000676,ph0081,26,2332.8,-792.3
VS003054,FA009,AC001937,ph0083,26,2313.5,-777.6
VS003126,FA009,AC000456,ph0081,26,2319.9,-780.6
VS003131,FA009,AC001943,ph0082,31,-3742.0,-768.2
VS003187,FA009,AC001430,ph0084,26,-3727.9,-764.3
VS003272,FA009,AC001727,ph0082,31,-3740.8,-782.5
VS003275,FA009,AC000559,ph0080,28,-3742.1,-767.3
VS003335,FA009,AC002090,ph0080,28,2325.9,-766.6
VS003336,FA009,AC000937,ph0080,28,2322.8,-772.6
VS003337,FA009,AC001105,ph0084,26,2316.2,-746.1
VS003420,FA009,AC000497,ph0081,26,2338.5,-772.5
VS003421,FA009,AC000064,ph0080,28,2313.3,-786.6
VS003424,FA009,AC000874,ph0081,26,-3743.3,-738.3
VS003426,FA009,AC002279,ph0080,28,2311.7,-785.3
VS003427,FA009,AC000123,ph0085,22,2335.4,-771.0
VS003485,FA009,AC000508,ph0082,31,2327.2,-787.7
VS003491,FA009,AC002236,ph0084,26,2340.0,-764.1
VS003568,FA009,AC000341,ph0080,28,-3739.2,-776.6
VS003569,FA009,AC000505,ph0085,22,2344.1,-793.3
VS003573,FA009,AC000230,ph0083,26,-3716.3,-769.4
VS003631,FA009,AC001181,ph0080,28,-3733.1,-752.4
VS003703,FA009,AC000600,ph0084,26,-3760.8,-771.0
VS003705,FA009,AC000732,ph0082,31,-3750.2,-758.9
VS003708,FA009,AC001431,ph0085,22,-3757.8,-798.2
VS003709,FA009,AC001808,ph0085,22,2336.4,-783.7
VS003785,FA009,AC001436,ph0084,26,2341.0,-780.9
VS003841,FA009,AC001175,ph0083,26,-3725.6,-774.8
VS003941,FA009,AC002169,ph0082,31,2310.0,-793.8
VS004015,FA009,AC001480,ph0084,26,2333.4,-764.9
VS004089,FA009,AC000464,ph0082,31,2334.3,-745.7
VS004150,FA009,AC000513,ph0081,26,-3733.6,-760.9
VS004206,FA009,AC000942,ph0082,31,2336.6,-774.8
VS004280,FA009,AC000639,ph0083,26,2354.3,-793.1
VS004339,FA009,AC001466,ph0083,26,2328.1,-784.0
VS004340,FA009,AC000074,ph0085,22,-3737.6,-757.8
VS004344,FA009,AC001870,ph0081,26,2349.4,-780.0
VS004345,FA009,AC001355,ph0084,26,2320.6,-782.7
VS004492,FA009,AC000609,ph0083,26,2327.9,-785.0
VS004493,FA009,AC000926,ph0082,31,-3748.6,-784.5
VS004495,FA009,AC001983,ph0085,22,2328.8,-801.5
VS004580,FA009,AC001451,ph0083,26,2344.9,-811.6
VS004582,FA009,AC002136,ph0082,31,2354.3,-798.4
VS004648,FA009,AC000027,ph0082,31,-3727.3,-760.6
VS004705,FA009,AC001792,ph0085,22,-3728.3,-788.6
VS004787,FA009,AC001197,ph0085,22,-3738.2,-758.7
VS004790,FA009,AC002254,ph0081,26,2341.8,-785.7
VS004987,FA009,AC001465,ph0081,26,-3736.1,-737.4
VS005056,FA009,AC000740,ph0085,22,2345.6,-770.0
VS005057,FA009,AC001298,ph0080,28,-3730.6,-793.0
VS005129,FA009,AC000808,ph0082,31,2327.5,-783.5
VS005132,FA009,AC000926,ph0083,26,-3696.2,-784.8
VS005133,FA009,AC000609,ph0085,22,-3726.8,-762.3
VS005135,FA009,AC000337,ph0082,31,2328.5,-728.5
VS005193,FA009,AC000906,ph0081,26,2338.2,-789.9
VS005195,FA009,AC001912,ph0082,31,2312.9,-754.2
VS005196,FA009,AC001141,ph0081,26,2316.9,-765.4
VS005338,FA009,AC000064,ph0082,31,-3729.3,-757.5
VS005340,FA009,AC000874,ph0081,26,-3735.8,-753.5
VS005344,FA009,AC000123,ph0083,26,2310.3,-791.1
VS005429,FA009,AC002001,ph0082,31,-3721.5,-777.9
VS005489,FA009,AC000513,ph0083,26,-3734.7,-770.5
VS005491,FA009,AC002053,ph0083,26,2330.5,-758.2
VS005573,FA009,AC002183,ph0080,28,2323.2,-787.1
VS005574,FA009,AC000818,ph0084,26,2319.6,-756.6
