address_id,visit_id,search_quality_score,point_count,min_x,max_x,min_y,max_y,mean_accuracy_m
AD000023,VS000132,0.918,30,-2644.0,-2468.0,-188.0,12.0,7.6
AD000026,VS000387,0.975,38,-2981.0,-2694.0,970.0,1191.0,6.2
AD000026,VS001021,0.948,31,-2900.0,-2670.0,767.0,1046.0,8.1
AD000027,VS004064,0.943,30,924.0,1174.0,2609.0,2928.0,8.7
AD000027,VS005321,0.967,40,896.0,1470.0,2452.0,2762.0,11.0
AD000030,VS000737,0.924,34,2560.0,2803.0,-1659.0,-1564.0,8.1
AD000032,VS000190,0.909,28,953.0,1638.0,-2747.0,-1876.0,17.9
AD000037,VS000870,0.976,55,1375.0,1844.0,-2408.0,-2089.0,8.1
AD000039,VS005171,0.906,28,-873.0,-307.0,2524.0,2894.0,18.7
AD000043,VS004915,0.95,36,3761.0,4092.0,643.0,800.0,12.6
AD000049,VS000243,0.947,54,447.0,1823.0,-1825.0,2826.0,17.6
AD000053,VS004600,0.947,57,1993.0,2788.0,-1865.0,-1055.0,17.7
AD000060,VS002918,0.948,42,3578.0,3820.0,102.0,350.0,17.2
AD000062,VS005148,0.932,24,374.0,678.0,-3172.0,-2902.0,6.0
AD000066,VS000305,0.931,28,751.0,931.0,-515.0,-136.0,10.5
AD000066,VS001622,0.911,23,674.0,835.0,-434.0,-134.0,11.8
AD000066,VS004380,0.945,31,678.0,1469.0,-434.0,1069.0,8.8
AD000066,VS005008,0.968,49,722.0,1479.0,-464.0,1062.0,10.8
AD000075,VS004519,0.978,41,-1489.0,2909.0,-2129.0,1448.0,7.4
AD000076,VS000622,0.887,25,652.0,1060.0,1068.0,1383.0,22.2
AD000079,VS003421,0.463,9,2272.0,2365.0,-802.0,-748.0,33.2
AD000079,VS004075,0.969,51,798.0,3187.0,-1229.0,1226.0,10.3
AD000079,VS005338,0.417,10,-3754.0,-3731.0,-775.0,-746.0,11.2
AD000080,VS004718,0.945,27,3448.0,4346.0,288.0,1239.0,4.9
AD000085,VS003958,0.924,25,774.0,1015.0,-3147.0,-2978.0,8.0
AD000094,VS000131,0.981,40,-2938.0,-2676.0,-247.0,22.0,6.5
AD000094,VS000784,0.936,28,-2842.0,-2515.0,-372.0,-127.0,8.7
AD000098,VS000361,0.974,60,-2643.0,3099.0,1373.0,1745.0,8.7
AD000098,VS001003,0.913,48,-2758.0,1124.0,735.0,1809.0,28.9
AD000099,VS000418,0.953,52,-868.0,2161.0,-746.0,-245.0,15.8
AD000099,VS002612,0.919,32,-1184.0,-823.0,-499.0,-237.0,18.7
AD000105,VS000902,0.91,34,-518.0,-309.0,-737.0,-560.0,16.5
AD000105,VS002296,0.921,27,-458.0,-287.0,-739.0,-516.0,7.4
AD000105,VS004407,0.959,34,-429.0,-174.0,-593.0,-221.0,7.3
AD000107,VS000071,0.95,33,3378.0,3958.0,204.0,497.0,9.5
AD000107,VS000719,0.922,24,3624.0,3920.0,268.0,469.0,9.2
AD000107,VS001375,0.948,31,3489.0,3683.0,283.0,539.0,8.0
AD000107,VS002040,0.951,41,3503.0,3687.0,360.0,564.0,9.3
AD000107,VS002752,0.962,32,1457.0,3813.0,259.0,700.0,4.5
AD000107,VS004496,0.943,26,3395.0,3669.0,384.0,1164.0,4.3
AD000107,VS005114,0.908,22,3392.0,3642.0,273.0,1168.0,12.0
AD000111,VS001187,0.92,25,2259.0,2544.0,897.0,1119.0,11.0
AD000111,VS002496,0.943,35,2049.0,2503.0,917.0,1387.0,13.7
AD000111,VS003145,0.931,35,2438.0,2665.0,924.0,1217.0,17.8
AD000112,VS003953,0.974,61,809.0,1895.0,-2851.0,1237.0,8.8
AD000112,VS004590,0.955,37,773.0,2056.0,-2870.0,661.0,11.8
AD000116,VS004934,0.98,62,-2629.0,-2157.0,-1836.0,-707.0,6.5
AD000129,VS001464,0.927,28,2507.0,2645.0,-2184.0,-1937.0,6.9
AD000137,VS002687,0.359,8,2332.0,2339.0,-782.0,-770.0,4.6
AD000138,VS000802,0.903,29,644.0,812.0,-3121.0,-2923.0,9.8
AD000141,VS000258,0.98,80,803.0,1539.0,-2660.0,-1324.0,6.6
AD000141,VS000845,0.98,68,678.0,1589.0,-3261.0,-1380.0,6.7
AD000141,VS001781,0.974,80,492.0,1655.0,-1570.0,1519.0,8.7
AD000141,VS002444,0.968,80,449.0,1699.0,-2706.0,-1232.0,10.8
AD000141,VS003180,0.952,78,487.0,1701.0,-2725.0,-1355.0,15.9
AD000142,VS002551,0.667,18,3836.0,3943.0,676.0,775.0,21.9
AD000146,VS002211,0.942,31,286.0,629.0,2272.0,2504.0,9.8
AD000147,VS002159,0.97,80,807.0,1351.0,911.0,2765.0,10.0
AD000147,VS003482,0.976,56,715.0,950.0,804.0,2703.0,8.0
AD000147,VS004897,0.984,69,704.0,1085.0,908.0,2851.0,5.2
AD000153,VS000354,0.96,31,-2741.0,-2445.0,-601.0,-151.0,4.0
AD000155,VS000921,0.346,6,2292.0,2333.0,-820.0,-775.0,14.7
AD000169,VS000883,0.837,29,2518.0,2647.0,-2280.0,-2131.0,14.4
AD000169,VS002192,0.986,42,1640.0,3006.0,-2320.0,-1517.0,4.6
AD000169,VS005146,0.961,33,2542.0,2831.0,-2255.0,-1853.0,5.7
AD000170,VS000358,0.984,80,-3956.0,-2546.0,-827.0,-157.0,5.4
AD000170,VS001000,0.977,79,-4069.0,2046.0,-1024.0,-684.0,7.6
AD000170,VS001807,0.987,78,-3966.0,-2690.0,-1019.0,-109.0,4.3
AD000170,VS002480,0.959,79,-3906.0,-2516.0,-840.0,-197.0,13.7
AD000170,VS003113,0.961,73,-4142.0,-2487.0,-1010.0,-359.0,13.0
AD000170,VS004983,0.987,68,-3885.0,-2712.0,-788.0,-519.0,4.4
AD000170,VS005564,0.939,80,-4219.0,-3198.0,-801.0,-105.0,20.5
AD000174,VS004684,0.987,59,-395.0,1566.0,-1764.0,1404.0,4.3
AD000175,VS002378,0.95,35,1245.0,1545.0,-2363.0,-2055.0,11.4
AD000176,VS003184,0.932,35,675.0,923.0,-3164.0,-2966.0,17.5
AD000178,VS003108,0.978,51,-1644.0,1173.0,-2592.0,48.0,7.5
AD000180,VS001828,0.972,37,-2421.0,-2221.0,-2835.0,-2171.0,6.3
AD000182,VS000470,0.922,32,689.0,2028.0,1848.0,2891.0,17.8
AD000182,VS001125,0.914,34,759.0,1009.0,2749.0,3009.0,22.4
AD000182,VS001721,0.985,44,633.0,1810.0,2028.0,2850.0,5.1
AD000182,VS002386,0.943,33,610.0,855.0,2512.0,2908.0,11.7
AD000182,VS003099,0.818,31,776.0,912.0,2697.0,2836.0,22.0
AD000182,VS004317,0.917,35,788.0,1135.0,2744.0,2901.0,22.5
AD000182,VS005531,0.906,20,788.0,927.0,2421.0,2863.0,5.3
AD000191,VS000425,0.957,58,-3870.0,1111.0,-884.0,624.0,14.5
AD000193,VS001253,0.987,72,1371.0,2616.0,-2154.0,-749.0,4.5
AD000193,VS001909,0.913,42,1584.0,2673.0,-2223.0,-1282.0,28.9
AD000193,VS002504,0.88,47,1351.0,1689.0,-1515.0,-1264.0,42.5
AD000193,VS003796,0.97,58,536.0,1716.0,-1726.0,2247.0,10.0
AD000193,VS004439,0.979,61,1609.0,2584.0,-2356.0,-1301.0,7.1
AD000193,VS005069,0.972,70,1630.0,3033.0,-1955.0,-1356.0,9.5
AD000194,VS000550,0.987,68,-1350.0,1402.0,-1548.0,-265.0,4.3
AD000194,VS001340,0.967,68,-1267.0,1691.0,-2035.0,-1142.0,11.0
AD000194,VS002654,0.915,79,-1357.0,-675.0,-2638.0,-1147.0,28.4
AD000194,VS003407,0.98,49,-1534.0,-815.0,-2235.0,-1217.0,6.7
AD000194,VS004130,0.9,53,-1469.0,-952.0,-2341.0,-1221.0,33.3
AD000194,VS004760,0.976,48,-1598.0,-1024.0,-2739.0,-1294.0,8.0
AD000195,VS002873,0.906,22,2297.0,2439.0,802.0,1045.0,7.6
AD000199,VS002800,0.967,50,1106.0,1629.0,-1493.0,-589.0,11.1
AD000202,VS004649,0.983,60,-3463.0,3243.0,-1794.0,-799.0,5.7
AD000209,VS000438,0.922,31,2470.0,2657.0,822.0,1010.0,7.0
AD000209,VS001775,0.924,28,2328.0,2538.0,887.0,1055.0,4.2
AD000209,VS002868,0.975,44,176.0,2737.0,425.0,1055.0,8.3
AD000209,VS003509,0.982,56,199.0,2550.0,433.0,1058.0,5.9
AD000209,VS004162,0.943,34,1732.0,2557.0,893.0,1166.0,12.6
AD000209,VS004742,0.922,46,-1512.0,2614.0,936.0,1606.0,26.0
AD000223,VS004683,0.939,35,1575.0,1747.0,-2003.0,-1796.0,6.6
AD000227,VS005571,0.888,20,1141.0,1276.0,-1200.0,-633.0,11.9
AD000228,VS001074,0.954,39,757.0,3791.0,-167.0,554.0,14.2
AD000228,VS001816,0.959,40,2477.0,3726.0,-644.0,515.0,13.8
AD000228,VS003499,0.984,39,3614.0,3906.0,299.0,588.0,4.2
AD000229,VS000459,0.896,23,-818.0,-483.0,-1250.0,-1049.0,17.1
AD000230,VS004289,0.875,24,3328.0,3471.0,756.0,930.0,4.1
AD000230,VS005127,0.968,58,269.0,3643.0,-94.0,833.0,10.8
AD000239,VS000436,0.916,34,1127.0,1337.0,-885.0,-720.0,12.6
AD000240,VS003624,0.965,34,1236.0,1702.0,-2141.0,-2011.0,5.4
AD000247,VS000511,0.941,42,862.0,2120.0,-1077.0,-427.0,19.7
AD000247,VS001847,0.968,69,1323.0,2083.0,-1228.0,-408.0,10.6
AD000247,VS003233,0.221,4,-1671.0,-1654.0,1594.0,1616.0,15.8
AD000247,VS004045,0.933,45,1296.0,1955.0,-1298.0,-293.0,22.4
AD000247,VS004739,0.974,46,1268.0,2132.0,-1080.0,-126.0,8.6
AD000249,VS001305,0.986,45,1173.0,1394.0,-2043.0,-618.0,4.7
AD000251,VS000592,0.96,35,-2420.0,-1006.0,252.0,1154.0,8.0
AD000251,VS003520,0.982,41,-2028.0,-1264.0,88.0,1106.0,6.0
AD000252,VS000652,0.88,20,3470.0,3947.0,227.0,471.0,10.7
AD000252,VS001887,0.936,33,3449.0,3777.0,472.0,703.0,14.0
AD000252,VS002552,0.91,25,3568.0,3774.0,326.0,557.0,14.4
AD000252,VS003195,0.899,21,3347.0,3626.0,370.0,1204.0,10.4
AD000252,VS003847,0.761,19,3589.0,3713.0,433.0,520.0,4.9
AD000252,VS004576,0.965,38,3418.0,3615.0,271.0,497.0,9.6
AD000252,VS005357,0.911,31,3442.0,3642.0,476.0,612.0,4.3
AD000258,VS003415,0.979,80,-1993.0,-142.0,-3237.0,-1429.0,7.0
AD000260,VS004952,0.96,36,929.0,1212.0,-361.0,-93.0,9.1
AD000263,VS003995,0.886,32,764.0,928.0,2699.0,2849.0,8.2
AD000263,VS004626,0.976,39,739.0,1145.0,2584.0,2783.0,7.1
AD000268,VS000248,0.901,22,723.0,924.0,2296.0,2704.0,14.3
AD000272,VS004638,0.904,35,-2621.0,-2455.0,-178.0,-11.0,9.0
AD000273,VS000790,0.987,42,-2285.0,-1052.0,-2068.0,-709.0,4.3
AD000273,VS001672,0.982,58,-2135.0,-1011.0,-1786.0,-318.0,6.0
AD000273,VS002406,0.952,39,-2447.0,-1018.0,-1856.0,-341.0,14.9
AD000273,VS002991,0.928,49,-2305.0,-1127.0,-1761.0,-731.0,24.1
AD000273,VS004009,0.959,69,-1200.0,2158.0,-1757.0,-827.0,13.7
AD000275,VS001128,0.981,80,-2076.0,1243.0,-1748.0,-1132.0,6.5
AD000275,VS001732,0.988,80,-1839.0,1029.0,-1921.0,-1063.0,4.1
AD000275,VS002958,0.968,80,-1792.0,1691.0,-2041.0,-1171.0,10.8
AD000286,VS000240,0.978,39,518.0,1899.0,-3087.0,-1854.0,6.4
AD000286,VS001695,0.956,30,649.0,842.0,-3188.0,-2876.0,4.2
AD000287,VS001394,0.862,26,2819.0,2959.0,-2174.0,-2021.0,5.8
AD000288,VS001876,0.408,9,2300.0,2324.0,-781.0,-767.0,9.6
AD000288,VS004853,0.93,34,-2707.0,-2431.0,-360.0,-187.0,17.1
AD000290,VS001502,0.869,20,2995.0,3087.0,504.0,745.0,8.2
AD000290,VS002221,0.909,24,2991.0,3244.0,474.0,689.0,13.5
AD000292,VS001339,0.939,25,193.0,440.0,2126.0,2506.0,4.7
AD000302,VS005017,0.928,25,919.0,1131.0,-449.0,14.0,8.3
AD000303,VS003497,0.836,26,3761.0,3985.0,-17.0,326.0,45.9
AD000309,VS001479,0.978,40,2472.0,2863.0,-2258.0,-1986.0,7.3
AD000317,VS004456,0.969,65,-1927.0,1087.0,-1170.0,1227.0,10.3
AD000319,VS000600,0.937,39,2595.0,2761.0,-2229.0,-2025.0,9.8
AD000319,VS001543,0.924,32,2707.0,2828.0,-2369.0,-2029.0,17.0
AD000326,VS001225,0.961,55,-2328.0,-1697.0,-1450.0,-708.0,12.9
AD000336,VS001127,0.94,27,1407.0,1582.0,-1945.0,-1706.0,5.4
AD000342,VS001809,0.965,43,2477.0,3776.0,-654.0,640.0,11.7
AD000342,VS003936,0.954,50,2457.0,3721.0,-677.0,487.0,15.5
AD000342,VS004571,0.974,39,3359.0,3708.0,-284.0,1183.0,7.5
AD000345,VS003450,0.841,26,524.0,673.0,-2983.0,-2865.0,8.0
AD000345,VS004939,0.975,42,394.0,677.0,-2928.0,-2678.0,8.3
AD000347,VS000582,0.953,71,982.0,1305.0,-2154.0,-591.0,15.5
AD000347,VS001304,0.958,71,-2421.0,1357.0,-2289.0,-252.0,14.2
AD000347,VS003065,0.973,46,1113.0,1284.0,-2188.0,-1397.0,8.9
AD000347,VS003783,0.909,65,959.0,1224.0,-2408.0,-689.0,30.4
AD000347,VS004509,0.985,69,599.0,1168.0,-2149.0,-1117.0,5.1
AD000347,VS005345,0.985,76,1166.0,2208.0,-2286.0,-905.0,4.9
AD000348,VS001308,0.97,42,-766.0,2151.0,-781.0,-534.0,9.8
AD000348,VS001962,0.909,22,-788.0,-561.0,-715.0,-453.0,11.7
AD000348,VS003266,0.834,26,-810.0,-690.0,-820.0,-670.0,10.7
AD000348,VS004419,0.919,31,-881.0,-662.0,-725.0,-484.0,17.6
AD000358,VS003105,0.963,42,945.0,1297.0,25.0,205.0,12.2
AD000363,VS000234,0.982,64,2027.0,2586.0,-2118.0,-732.0,6.1
AD000363,VS000818,0.965,49,2009.0,2751.0,-1817.0,-1002.0,11.6
AD000363,VS002858,0.92,53,1754.0,3078.0,-1839.0,-722.0,26.7
AD000363,VS004669,0.973,80,1849.0,3088.0,-1841.0,-1061.0,9.0
AD000363,VS005312,0.976,43,2512.0,2770.0,-2798.0,-2459.0,7.9
AD000365,VS000772,0.93,30,2467.0,2654.0,740.0,1031.0,13.0
AD000365,VS002448,0.955,43,2566.0,3062.0,708.0,1141.0,15.0
AD000366,VS000307,0.982,42,1344.0,1541.0,79.0,329.0,6.1
AD000366,VS000953,0.937,38,201.0,1778.0,-170.0,391.0,18.9
AD000366,VS001624,0.827,23,1480.0,1625.0,329.0,551.0,30.2
AD000366,VS002273,0.971,38,312.0,1675.0,156.0,485.0,7.7
AD000366,VS003079,0.921,30,222.0,1648.0,-222.0,465.0,16.0
AD000366,VS003732,0.929,32,1297.0,1596.0,-28.0,445.0,15.4
AD000366,VS004382,0.946,41,988.0,1573.0,-302.0,527.0,18.0
AD000366,VS005010,0.906,26,939.0,1650.0,-564.0,464.0,16.7
AD000371,VS004938,0.966,42,369.0,718.0,-3062.0,-2822.0,11.2
AD000372,VS003089,0.912,27,724.0,1089.0,-3189.0,-3045.0,15.7
AD000372,VS004536,0.947,35,464.0,776.0,-3398.0,-2848.0,12.5
AD000376,VS005181,0.953,80,1023.0,2240.0,1585.0,2283.0,15.6
AD000379,VS000992,0.971,41,-1571.0,-1325.0,-2870.0,-2648.0,9.8
AD000385,VS002745,0.92,23,2280.0,2489.0,-1561.0,-1342.0,8.9
AD000386,VS000193,0.939,42,932.0,1449.0,-144.0,164.0,20.2
AD000386,VS002224,0.927,49,552.0,1225.0,-132.0,1539.0,24.3
AD000389,VS000384,0.982,80,1006.0,2381.0,-2267.0,-915.0,6.0
AD000389,VS001036,0.965,80,615.0,3196.0,-1992.0,-1223.0,11.7
AD000389,VS001773,0.963,80,691.0,1738.0,-1694.0,-929.0,12.4
AD000389,VS003289,0.942,72,853.0,1277.0,-1523.0,-937.0,19.2
AD000389,VS003880,0.98,78,923.0,2732.0,-1750.0,-1011.0,6.5
AD000392,VS005543,0.96,77,964.0,2385.0,-1437.0,-1012.0,13.5
AD000397,VS000140,0.865,37,3345.0,3513.0,-1981.0,-1741.0,41.8
AD000398,VS000932,0.912,20,-2715.0,-2436.0,1380.0,1534.0,4.2
AD000401,VS005422,0.969,34,-2588.0,-2257.0,1656.0,1789.0,4.2
AD000410,VS004993,0.949,80,958.0,2571.0,-2986.0,-958.0,16.9
AD000411,VS004217,0.897,29,3755.0,3923.0,468.0,706.0,20.3
AD000411,VS005356,0.972,51,-104.0,3913.0,-367.0,517.0,9.4
AD000412,VS002596,0.927,30,1257.0,1694.0,-2228.0,-2092.0,14.0
AD000419,VS002367,0.921,31,1285.0,1493.0,-1996.0,-1721.0,16.9
AD000426,VS003770,0.932,29,867.0,1211.0,-878.0,-562.0,11.2
AD000428,VS003456,0.891,26,2619.0,2822.0,-2281.0,-2094.0,15.2
AD000429,VS002865,0.979,40,595.0,2724.0,-3282.0,-2126.0,7.0
AD000433,VS001814,0.272,6,2332.0,2362.0,-788.0,-766.0,17.2
AD000433,VS005124,0.971,80,2211.0,3743.0,814.0,1484.0,9.8
AD000438,VS000111,0.846,31,676.0,822.0,2654.0,2754.0,7.7
AD000438,VS000836,0.837,24,685.0,801.0,2575.0,2728.0,7.8
AD000443,VS003981,0.978,70,517.0,1300.0,-3472.0,-1998.0,7.3
AD000446,VS001092,0.396,9,2317.0,2360.0,-772.0,-742.0,15.6
AD000446,VS002849,0.758,17,-527.0,-419.0,-3741.0,-3511.0,20.8
AD000450,VS005541,0.914,28,2483.0,2728.0,-1348.0,-1153.0,16.3
AD000451,VS000714,0.888,22,850.0,1062.0,-866.0,-736.0,4.4
AD000451,VS004722,0.898,32,837.0,1017.0,-592.0,-433.0,9.2
AD000456,VS003690,0.959,36,-709.0,-479.0,-545.0,-236.0,9.5
AD000460,VS001208,0.955,37,2525.0,2903.0,-1453.0,-1232.0,12.0
AD000461,VS002015,0.984,49,2456.0,2998.0,-1504.0,764.0,5.3
AD000471,VS000937,0.98,45,-3855.0,-946.0,-1054.0,-869.0,6.5
AD000472,VS003022,0.83,30,-623.0,-494.0,-584.0,-489.0,7.5
AD000488,VS000957,0.95,52,796.0,1330.0,-1184.0,-395.0,16.7
AD000489,VS002485,0.961,41,-2678.0,2112.0,-718.0,-370.0,12.9
AD000489,VS003112,0.923,24,-2665.0,-2307.0,-376.0,-205.0,9.2
AD000489,VS004851,0.929,35,-2611.0,-2479.0,-484.0,-247.0,10.3
AD000495,VS000178,0.887,31,2277.0,2472.0,-1339.0,-1171.0,16.6
AD000495,VS001858,0.904,27,2443.0,2657.0,-1380.0,-1250.0,4.7
AD000495,VS002515,0.827,23,2313.0,2446.0,-1327.0,-1187.0,10.3
AD000495,VS003172,0.92,29,2359.0,2531.0,-1514.0,-1238.0,15.3
AD000497,VS003073,0.978,56,-2838.0,1361.0,907.0,1959.0,7.4
AD000497,VS003729,0.883,30,-3308.0,-2737.0,1057.0,1335.0,28.5
AD000504,VS003605,0.987,41,2621.0,2829.0,-2069.0,-1760.0,4.3
AD000505,VS000502,0.969,80,-2420.0,-461.0,-3172.0,-991.0,10.4
AD000505,VS001148,0.975,80,-2469.0,-1701.0,-1080.0,-172.0,8.2
AD000505,VS002768,0.398,8,2341.0,2352.0,-785.0,-759.0,11.2
AD000505,VS004019,0.962,80,-2009.0,-570.0,-3334.0,-876.0,12.7
AD000505,VS004786,0.967,80,-2221.0,-228.0,-3279.0,-480.0,10.8
AD000508,VS003706,0.952,55,-3640.0,-2409.0,-654.0,1557.0,15.8
AD000511,VS005493,0.982,44,-682.0,-304.0,2911.0,3648.0,6.0
AD000524,VS002051,0.968,40,2542.0,2675.0,-2294.0,-1765.0,10.7
AD000531,VS001728,0.909,41,1195.0,1562.0,-1322.0,-372.0,30.3
AD000531,VS002373,0.971,58,502.0,1431.0,-1281.0,1504.0,9.6
AD000531,VS004892,0.938,25,1278.0,1431.0,-2672.0,-2114.0,4.9
AD000532,VS000713,0.968,37,785.0,951.0,-1037.0,-756.0,7.6
AD000538,VS001267,0.31,6,574.0,591.0,-3137.0,-3115.0,11.8
AD000539,VS000026,0.979,51,1249.0,1523.0,-1843.0,-1627.0,6.9
AD000539,VS004463,0.973,67,1466.0,1797.0,-1916.0,-1597.0,9.2
AD000541,VS002050,0.974,62,-1929.0,2599.0,-2626.0,-2234.0,8.6
AD000544,VS001992,0.969,44,-559.0,-389.0,-1269.0,24.0,10.4
AD000560,VS002733,0.857,26,1463.0,1601.0,-2222.0,-2016.0,18.6
AD000561,VS001639,0.984,80,-567.0,1788.0,-3390.0,-955.0,5.4
AD000563,VS005376,0.927,29,2397.0,2576.0,-2379.0,-2015.0,13.0
AD000568,VS003742,0.929,28,1171.0,1355.0,-840.0,-491.0,11.0
AD000569,VS001247,0.877,22,2640.0,2900.0,-2447.0,-2318.0,19.5
AD000569,VS002492,0.86,20,2831.0,2978.0,-2358.0,-2137.0,4.4
AD000569,VS003138,0.829,22,2534.0,2683.0,-2455.0,-2320.0,10.9
AD000570,VS000577,0.978,43,582.0,1157.0,-850.0,-565.0,7.2
AD000570,VS002547,0.942,33,722.0,2167.0,-872.0,-692.0,12.1
AD000570,VS003208,0.848,18,628.0,1065.0,-874.0,-542.0,4.4
AD000570,VS004491,0.884,23,812.0,1023.0,-867.0,-749.0,4.8
AD000575,VS002769,0.393,8,2340.0,2348.0,-778.0,-767.0,4.9
AD000576,VS000205,0.952,41,-684.0,-260.0,-3774.0,-3481.0,16.0
AD000576,VS001514,0.935,28,-476.0,-128.0,-3750.0,-3205.0,9.1
AD000576,VS004716,0.659,15,-594.0,-447.0,-3748.0,-3617.0,23.9
AD000579,VS001050,0.953,34,-518.0,-138.0,-295.0,19.0,9.4
AD000579,VS003023,0.901,26,-474.0,-205.0,-331.0,72.0,18.3
AD000579,VS004406,0.972,41,-324.0,1403.0,-174.0,106.0,9.3
AD000581,VS000483,0.931,26,472.0,804.0,-3143.0,-2975.0,8.5
AD000584,VS005424,0.328,8,2322.0,2338.0,-796.0,-787.0,5.0
AD000587,VS001082,0.967,51,879.0,3881.0,-878.0,35.0,10.9
AD000587,VS001746,0.924,23,912.0,1183.0,-967.0,-791.0,7.7
AD000587,VS002399,0.285,5,2304.0,2351.0,-819.0,-778.0,24.6
AD000592,VS002993,0.984,41,-3758.0,-2700.0,-945.0,-545.0,5.4
AD000592,VS003777,0.976,44,-4139.0,-2388.0,-1022.0,-135.0,8.2
AD000592,VS004363,0.979,47,-3812.0,-2597.0,-901.0,-255.0,6.9
AD000592,VS005274,0.971,56,-3955.0,-2730.0,-897.0,-567.0,9.8
AD000596,VS003206,0.931,27,1117.0,1277.0,-975.0,-496.0,9.4
AD000596,VS004089,0.459,8,2281.0,2352.0,-786.0,-744.0,19.9
AD000599,VS000529,0.899,46,-2144.0,-824.0,-2747.0,-2142.0,33.8
AD000599,VS001182,0.88,48,-2226.0,-884.0,-2707.0,-2066.0,48.9
AD000599,VS001829,0.982,53,-2215.0,-909.0,-2704.0,-2385.0,6.0
AD000599,VS003223,0.975,43,-2076.0,-911.0,-2658.0,-2230.0,8.3
AD000602,VS005528,0.935,33,2765.0,2991.0,-2193.0,-1878.0,14.5
AD000603,VS005262,0.91,25,2937.0,3148.0,220.0,839.0,14.4
AD000607,VS000851,0.977,43,-1484.0,-317.0,-3681.0,-1334.0,7.7
AD000612,VS004911,0.976,45,826.0,2384.0,-1091.0,1008.0,7.9
AD000613,VS000771,0.917,25,2720.0,2851.0,331.0,614.0,12.0
AD000617,VS000058,0.948,48,-2760.0,-1915.0,-1599.0,-164.0,17.2
AD000617,VS002608,0.937,26,-2738.0,-2554.0,-241.0,92.0,6.4
AD000625,VS001361,0.976,70,1275.0,2437.0,1309.0,1759.0,8.0
AD000627,VS001090,0.235,5,2303.0,2316.0,-785.0,-779.0,6.0
AD000627,VS002848,0.965,35,-518.0,-303.0,-3804.0,-3252.0,6.5
AD000627,VS003503,0.9,29,-503.0,-274.0,-3650.0,-3400.0,22.0
AD000627,VS004223,0.943,29,-622.0,-283.0,-3621.0,-3318.0,7.4
AD000633,VS001214,0.959,38,1462.0,2903.0,-2588.0,-1159.0,11.7
AD000639,VS003420,0.371,8,2316.0,2342.0,-789.0,-758.0,12.5
AD000641,VS001108,0.843,28,2495.0,2876.0,-2129.0,-2003.0,42.0
AD000642,VS000192,0.968,45,518.0,1582.0,-10.0,1507.0,10.7
AD000642,VS001563,0.975,47,-252.0,1181.0,16.0,1549.0,8.2
AD000645,VS000859,0.324,7,-3730.0,-3727.0,-794.0,-776.0,3.9
AD000645,VS002759,0.942,36,3578.0,3785.0,252.0,425.0,6.6
AD000645,VS004707,0.915,23,3406.0,3821.0,-217.0,170.0,10.6
AD000646,VS002434,0.935,26,2762.0,2991.0,-2435.0,-2212.0,6.9
AD000647,VS001086,0.884,26,-840.0,-645.0,-3508.0,-3324.0,15.1
AD000648,VS002396,0.964,66,-1908.0,-743.0,-3087.0,-1080.0,12.0
AD000649,VS000391,0.904,21,-2855.0,-2586.0,933.0,1147.0,12.2
AD000649,VS001025,0.979,41,-2985.0,-2587.0,953.0,1425.0,6.9
AD000649,VS001919,0.897,26,-2735.0,-2482.0,800.0,1098.0,19.6
AD000649,VS003885,0.976,41,-2837.0,-1809.0,954.0,1515.0,7.9
AD000649,VS004512,0.944,37,-2771.0,-1638.0,894.0,2181.0,15.4
AD000649,VS005440,0.955,35,-2735.0,-2455.0,843.0,1014.0,9.7
AD000650,VS002468,0.972,56,3296.0,3890.0,-1989.0,423.0,9.3
AD000650,VS004772,0.954,34,3382.0,3764.0,183.0,1192.0,9.1
AD000651,VS004216,0.841,19,3558.0,3820.0,262.0,345.0,12.6
AD000654,VS001159,0.955,52,-1605.0,-810.0,2103.0,3148.0,15.0
AD000654,VS001739,0.974,68,-1435.0,-803.0,2348.0,3219.0,8.7
AD000654,VS004842,0.977,71,-1584.0,-845.0,2372.0,3164.0,7.8
AD000654,VS005488,0.923,71,-1378.0,-831.0,2213.0,3125.0,25.6
AD000656,VS005382,0.906,21,1638.0,2530.0,749.0,1457.0,9.5
AD000662,VS000491,0.938,39,-757.0,-665.0,3017.0,3282.0,14.1
AD000662,VS001160,0.951,44,-1435.0,-548.0,2394.0,3270.0,16.5
AD000667,VS002044,0.929,27,2886.0,3061.0,-2299.0,-2067.0,7.4
AD000667,VS003362,0.903,37,2797.0,2950.0,-2251.0,-2086.0,8.4
AD000668,VS001096,0.974,36,2116.0,2503.0,749.0,978.0,4.4
AD000669,VS004587,0.841,19,2263.0,2468.0,637.0,794.0,8.2
AD000672,VS005532,0.962,32,863.0,1057.0,2411.0,2665.0,4.4
AD000674,VS000479,0.972,37,1381.0,1724.0,-1948.0,-1756.0,6.1
AD000674,VS001137,0.975,67,793.0,1402.0,-2887.0,-1643.0,8.5
AD000674,VS003551,0.974,59,511.0,1431.0,-3236.0,-1690.0,8.7
AD000676,VS005335,0.97,80,1289.0,1821.0,-1786.0,2688.0,9.9
AD000686,VS000114,0.95,34,3016.0,3226.0,416.0,721.0,10.3
AD000686,VS000766,0.951,51,643.0,3122.0,575.0,1612.0,16.4
AD000689,VS000602,0.913,22,2407.0,2828.0,-2311.0,-2130.0,10.4
AD000703,VS003762,0.956,41,833.0,1346.0,-12.0,201.0,14.8
AD000704,VS000616,0.958,41,2491.0,2667.0,-1471.0,-1184.0,14.1
AD000704,VS002017,0.848,28,2465.0,2581.0,-1477.0,-1330.0,6.8
AD000711,VS000975,0.901,21,527.0,804.0,2732.0,2887.0,13.1
AD000711,VS005337,0.946,37,609.0,825.0,2373.0,2668.0,14.8
AD000718,VS003997,0.955,34,903.0,1144.0,2584.0,2766.0,8.6
AD000721,VS004931,0.964,37,-2602.0,-2348.0,-642.0,-214.0,8.8
AD000722,VS001068,0.935,30,3598.0,3905.0,210.0,407.0,11.2
AD000728,VS004607,0.951,34,-885.0,-497.0,-3548.0,-3294.0,9.9
AD000735,VS002266,0.854,24,2883.0,3018.0,-2478.0,-2317.0,7.2
AD000738,VS000454,0.907,24,-725.0,-533.0,-1147.0,-951.0,7.3
AD000743,VS001630,0.975,80,-2153.0,-1676.0,-2578.0,1433.0,8.4
AD000743,VS002280,0.977,78,-2154.0,-1679.0,-2375.0,1447.0,7.6
AD000743,VS002935,0.932,80,-2199.0,-82.0,-2417.0,280.0,22.8
AD000743,VS004374,0.947,58,-2027.0,-102.0,-2398.0,288.0,17.5
AD000743,VS005018,0.981,80,-2151.0,-1681.0,-2454.0,1445.0,6.2
AD000744,VS000712,0.957,42,1050.0,1300.0,-1054.0,498.0,14.4
AD000749,VS003508,0.238,5,-565.0,-549.0,3084.0,3094.0,7.6
AD000753,VS000447,0.959,42,2661.0,2922.0,-2353.0,-2086.0,13.5
AD000753,VS003675,0.917,22,2761.0,3051.0,-2326.0,-2169.0,8.9
AD000755,VS000187,0.953,71,525.0,1290.0,-3394.0,-2429.0,15.8
AD000755,VS000751,0.977,70,565.0,1650.0,-2858.0,-1856.0,7.6
AD000755,VS001429,0.959,61,381.0,1301.0,-2970.0,-2002.0,13.8
AD000755,VS002083,0.961,50,607.0,1457.0,-3079.0,-2374.0,12.9
AD000756,VS001129,0.972,57,-1856.0,1324.0,-2158.0,-1220.0,9.4
AD000760,VS000674,0.975,36,2586.0,2777.0,-1825.0,-1564.0,4.2
AD000767,VS004313,0.932,29,779.0,1360.0,-2847.0,-1865.0,11.1
AD000768,VS001855,0.863,18,2455.0,2682.0,-1328.0,-1132.0,6.2
AD000779,VS000437,0.977,48,-1500.0,2525.0,902.0,1595.0,7.6
AD000782,VS004241,0.872,23,368.0,610.0,-3013.0,-2896.0,16.1
AD000785,VS000004,0.979,45,1551.0,2874.0,-2513.0,-1511.0,7.1
AD000785,VS000658,0.967,52,1511.0,2608.0,-1976.0,-1518.0,11.0
AD000785,VS002501,0.984,59,-1550.0,1649.0,-1797.0,1481.0,5.3
AD000785,VS003136,0.975,39,1384.0,2719.0,-1992.0,-1689.0,7.2
AD000785,VS004435,0.975,42,1331.0,3045.0,-2056.0,-1709.0,8.4
AD000787,VS005133,0.363,7,-3728.0,-3707.0,-788.0,-754.0,15.9
AD000788,VS002567,0.797,23,1166.0,1270.0,-175.0,-49.0,11.9
AD000788,VS003230,0.969,37,1187.0,1416.0,-376.0,-128.0,7.3
AD000788,VS005389,0.954,39,1128.0,1327.0,-318.0,18.0,14.4
AD000790,VS003751,0.962,32,708.0,943.0,2461.0,2663.0,4.4
AD000792,VS000108,0.978,48,860.0,1205.0,940.0,3036.0,7.4
AD000792,VS000764,0.985,57,690.0,1115.0,993.0,2861.0,4.9
AD000792,VS001425,0.957,58,931.0,1454.0,913.0,2813.0,14.3
AD000792,VS002806,0.982,60,737.0,1218.0,813.0,2450.0,5.9
AD000792,VS003397,0.97,73,831.0,1148.0,860.0,2544.0,10.0
AD000808,VS004148,0.982,47,-372.0,2214.0,-626.0,3393.0,6.0
AD000810,VS002058,0.895,26,445.0,638.0,-2859.0,-2685.0,9.2
AD000817,VS000467,0.973,41,1454.0,1714.0,-2055.0,-1796.0,8.9
AD000817,VS001710,0.951,38,524.0,1519.0,-2053.0,1504.0,14.2
AD000817,VS002365,0.876,32,1505.0,1776.0,-2159.0,-1998.0,32.9
AD000821,VS001131,0.949,31,1530.0,1671.0,-2741.0,-2134.0,7.7
AD000821,VS001730,0.966,49,1263.0,1588.0,-2469.0,554.0,11.4
AD000824,VS001749,0.95,59,1253.0,1620.0,-2130.0,-739.0,16.6
AD000824,VS002400,0.968,55,1517.0,2231.0,-2192.0,-939.0,10.8
AD000824,VS003125,0.919,45,1524.0,2241.0,-2213.0,-909.0,26.9
AD000824,VS003857,0.95,36,727.0,1637.0,-1919.0,-1016.0,12.4
AD000825,VS004280,0.29,7,2340.0,2365.0,-798.0,-775.0,13.3
AD000827,VS002621,0.902,21,2962.0,3227.0,-2085.0,-1911.0,12.8
AD000828,VS003277,0.938,80,-2221.0,2713.0,-1817.0,-1344.0,20.8
AD000828,VS004000,0.956,80,-2051.0,3110.0,-1795.0,1274.0,14.6
AD000830,VS004166,0.98,38,2430.0,2699.0,584.0,785.0,4.6
AD000832,VS001032,0.908,35,2491.0,2638.0,-2320.0,-2108.0,13.9
AD000832,VS001967,0.966,38,2571.0,2898.0,-2420.0,-2027.0,9.4
AD000836,VS000955,0.917,31,990.0,1109.0,-271.0,-50.0,4.6
AD000836,VS003080,0.934,26,755.0,1516.0,-667.0,269.0,7.5
AD000837,VS002941,0.93,56,-1984.0,-897.0,-3240.0,-2583.0,23.2
AD000837,VS005023,0.986,59,-1936.0,-1385.0,-2691.0,-2323.0,4.7
AD000840,VS000001,0.964,79,1242.0,1528.0,-1891.0,1014.0,11.9
AD000840,VS001899,0.981,80,1027.0,2628.0,-1804.0,-1535.0,6.3
AD000840,VS003134,0.941,79,-1559.0,1318.0,-1721.0,1468.0,19.8
AD000841,VS000188,0.971,41,900.0,1627.0,-3218.0,-1933.0,9.7
AD000841,VS000753,0.884,21,1611.0,1803.0,-2318.0,-2153.0,5.7
AD000843,VS002343,0.933,60,1136.0,2541.0,-2112.0,-1737.0,22.3
AD000843,VS004811,0.969,80,1470.0,2248.0,-2078.0,-1406.0,10.3
AD000846,VS000988,0.972,80,-1739.0,1425.0,-2102.0,-259.0,9.4
AD000846,VS004758,0.936,80,-1818.0,377.0,-2015.0,1528.0,21.4
AD000852,VS002486,0.319,6,2328.0,2338.0,-792.0,-774.0,6.5
AD000854,VS003615,0.975,41,1226.0,1478.0,-1923.0,-1721.0,8.2
AD000856,VS002618,0.699,16,-642.0,-497.0,-668.0,-499.0,24.7
AD000856,VS003267,0.925,29,-744.0,-555.0,-527.0,-298.0,12.6
AD000863,VS003977,0.966,39,1622.0,1839.0,-1759.0,-1381.0,10.1
AD000867,VS000303,0.929,26,2799.0,2976.0,-2533.0,-2217.0,9.0
AD000867,VS000946,0.968,39,2635.0,3165.0,-2518.0,-2136.0,9.7
AD000867,VS001615,0.957,31,2784.0,3257.0,-2387.0,-2036.0,4.8
AD000869,VS000212,0.703,19,-2375.0,-2266.0,1614.0,1679.0,11.4
AD000870,VS001680,0.426,10,-3765.0,-3729.0,-796.0,-761.0,17.3
AD000870,VS002979,0.384,9,2317.0,2346.0,-811.0,-764.0,18.4
AD000895,VS000315,0.89,33,541.0,704.0,2515.0,2653.0,5.4
AD000902,VS002388,0.968,36,936.0,1296.0,2363.0,2606.0,6.4
AD000902,VS003623,0.961,35,1071.0,1241.0,2543.0,2779.0,5.1
AD000915,VS000421,0.982,60,-1045.0,-492.0,-1843.0,-442.0,6.2
AD000915,VS001963,0.959,56,-976.0,-510.0,-1874.0,-847.0,13.6
AD000915,VS003263,0.976,56,-1034.0,-406.0,-1948.0,-579.0,7.9
AD000917,VS001118,0.978,59,656.0,1530.0,-13.0,2857.0,7.4
AD000917,VS004548,0.963,57,850.0,1827.0,-1895.0,2537.0,12.3
AD000918,VS001720,0.879,26,1067.0,2075.0,1789.0,2932.0,25.7
AD000919,VS000735,0.973,41,2704.0,2917.0,-2463.0,-2053.0,9.1
AD000919,VS001400,0.822,20,2687.0,2850.0,-2392.0,-2231.0,13.1
AD000919,VS002059,0.973,57,1597.0,2783.0,-2293.0,1058.0,9.1
AD000921,VS000987,0.911,21,1283.0,1579.0,-2189.0,-1980.0,9.9
AD000922,VS000270,0.962,51,-1555.0,1267.0,-2859.0,-2171.0,12.7
AD000936,VS000872,0.981,43,638.0,921.0,-3386.0,-2922.0,6.4
AD000936,VS002782,0.953,35,731.0,940.0,-3290.0,-3004.0,10.5
AD000940,VS005447,0.97,40,375.0,850.0,-3112.0,-2893.0,9.9
AD000944,VS003705,0.415,9,-3741.0,-3713.0,-771.0,-740.0,17.2
AD000953,VS001138,0.926,31,515.0,1234.0,-3305.0,-1829.0,15.4
AD000953,VS001783,0.979,38,401.0,652.0,-3374.0,-3171.0,4.9
AD000954,VS005056,0.362,7,2336.0,2345.0,-784.0,-761.0,8.9
AD000962,VS001997,0.936,67,2180.0,3085.0,613.0,2099.0,21.3
AD000962,VS002588,0.967,69,2280.0,3191.0,699.0,2271.0,10.9
AD000962,VS005258,0.969,78,860.0,2474.0,-2935.0,2102.0,10.4
AD000963,VS000171,0.976,55,1409.0,2836.0,-2200.0,-1381.0,7.9
AD000963,VS003153,0.986,60,1180.0,2446.0,-2137.0,-1413.0,4.7
AD000963,VS004445,0.971,45,876.0,1729.0,-1727.0,-945.0,9.8
AD000964,VS004055,0.987,40,1302.0,1600.0,-2082.0,-1702.0,4.2
AD000975,VS000402,0.872,20,-719.0,-479.0,-661.0,-432.0,17.4
AD000975,VS001046,0.982,39,-749.0,-470.0,-703.0,-475.0,5.1
AD000975,VS002287,0.958,40,-744.0,395.0,-665.0,1511.0,14.1
AD000975,VS003020,0.935,52,-782.0,1368.0,-610.0,-200.0,21.6
AD000975,VS005024,0.962,50,-806.0,415.0,-561.0,1542.0,12.8
AD000978,VS001161,0.269,6,-3764.0,-3748.0,-798.0,-779.0,14.8
AD000979,VS000251,0.926,28,637.0,872.0,2509.0,2864.0,12.1
AD000982,VS001811,0.326,8,2324.0,2338.0,-768.0,-753.0,6.9
AD000982,VS002463,0.984,40,3623.0,4029.0,92.0,857.0,5.4
AD000986,VS001487,0.906,30,1202.0,1345.0,2429.0,2642.0,8.7
AD000987,VS004751,0.93,41,2292.0,2499.0,1087.0,1237.0,11.1
AD000987,VS005386,0.858,29,2364.0,2554.0,1071.0,1213.0,18.3
AD000991,VS003992,0.987,40,-724.0,-521.0,2703.0,3092.0,4.5
AD001000,VS002361,0.959,35,1931.0,2297.0,-1205.0,-841.0,8.6
AD001003,VS000903,0.951,34,-675.0,-496.0,-443.0,-193.0,9.9
AD001004,VS000513,0.968,38,1039.0,1365.0,-148.0,170.0,8.6
AD001007,VS005521,0.866,34,-2859.0,-2728.0,995.0,1182.0,18.5
AD001012,VS003657,0.983,52,562.0,854.0,-3412.0,2343.0,5.6
AD001013,VS000685,0.906,23,1413.0,1522.0,-2135.0,-1888.0,5.3
AD001013,VS001272,0.924,38,1240.0,1506.0,-1992.0,-1763.0,23.1
AD001017,VS000642,0.286,6,2337.0,2352.0,-756.0,-748.0,4.7
AD001029,VS005553,0.852,23,931.0,1081.0,2669.0,2804.0,4.2
AD001033,VS004606,0.952,33,-1246.0,-900.0,-3643.0,-3210.0,8.6
AD001034,VS004177,0.904,26,2685.0,2873.0,-2231.0,-2049.0,6.6
AD001035,VS000512,0.973,37,924.0,1988.0,-830.0,331.0,5.8
AD001036,VS002030,0.951,65,-2277.0,-1927.0,-523.0,1490.0,16.4
AD001036,VS004277,0.962,80,-2424.0,2148.0,-749.0,-118.0,12.6
AD001039,VS000347,0.411,10,-3745.0,-3734.0,-776.0,-762.0,3.6
AD001041,VS000887,0.982,57,529.0,1913.0,1325.0,2658.0,6.2
AD001043,VS002350,0.986,41,-2816.0,-2518.0,990.0,1343.0,4.5
AD001045,VS004163,0.938,38,2486.0,2650.0,1240.0,1795.0,18.6
AD001045,VS004744,0.956,34,2328.0,2871.0,1127.0,1495.0,8.3
AD001047,VS000229,0.968,46,1593.0,2775.0,-1773.0,1065.0,10.6
AD001047,VS001463,0.955,43,2458.0,2743.0,-2295.0,-1641.0,14.9
AD001047,VS002726,0.885,33,2566.0,2771.0,-1807.0,-1680.0,14.8
AD001047,VS003366,0.957,41,2644.0,2916.0,-1819.0,-1453.0,14.3
AD001054,VS001387,0.873,22,-468.0,-274.0,2891.0,3055.0,10.9
AD001054,VS005425,0.976,66,-500.0,2215.0,-664.0,3181.0,8.1
AD001055,VS003556,0.939,38,620.0,729.0,-3325.0,-3100.0,4.2
AD001063,VS000298,0.96,34,2526.0,2721.0,-2112.0,-1839.0,7.0
AD001064,VS000355,0.967,52,-4138.0,-2870.0,-950.0,-327.0,11.0
AD001064,VS002325,0.272,6,2305.0,2338.0,-780.0,-766.0,16.7
AD001067,VS001763,0.984,45,1488.0,1766.0,-3195.0,-1799.0,5.2
AD001073,VS004352,0.896,37,859.0,1011.0,-874.0,-713.0,9.6
AD001073,VS005575,0.96,41,741.0,2147.0,-887.0,-695.0,13.4
AD001075,VS004517,0.942,28,-3424.0,-2847.0,1070.0,1395.0,6.9
AD001078,VS000345,0.238,5,-3759.0,-3741.0,-770.0,-747.0,14.0
AD001079,VS000700,0.865,23,-2555.0,-2417.0,-257.0,-76.0,7.3
AD001087,VS000239,0.988,56,915.0,2164.0,-2608.0,-1729.0,4.1
AD001087,VS002131,0.944,56,122.0,2314.0,-2129.0,276.0,18.6
AD001087,VS002788,0.974,71,875.0,2177.0,-2781.0,-1789.0,8.6
AD001087,VS004109,0.951,57,1131.0,2349.0,-3062.0,-1828.0,16.4
AD001095,VS002887,0.987,80,990.0,1242.0,-2761.0,-1629.0,4.4
AD001095,VS003558,0.904,80,1032.0,1365.0,-2671.0,-1547.0,32.1
AD001095,VS005473,0.953,62,265.0,1263.0,-3566.0,-1563.0,15.6
AD001098,VS002242,0.971,41,2077.0,2326.0,-1786.0,-945.0,9.7
AD001101,VS000238,0.948,41,482.0,799.0,-3050.0,-2601.0,17.2
AD001101,VS001407,0.898,27,281.0,505.0,-2851.0,-2728.0,8.2
AD001103,VS004598,0.986,80,512.0,2487.0,-1819.0,335.0,4.5
AD001104,VS005144,0.98,64,1297.0,2158.0,-93.0,1770.0,6.7
AD001105,VS003810,0.943,28,2482.0,2735.0,-2183.0,-1927.0,6.6
AD001107,VS000015,0.953,67,1388.0,2674.0,-2192.0,-1520.0,15.6
AD001107,VS000666,0.987,66,1471.0,2426.0,-1936.0,-1601.0,4.3
AD001107,VS001906,0.952,75,96.0,1692.0,-1721.0,243.0,15.9
AD001107,VS002503,0.963,78,1328.0,2985.0,-2089.0,-1352.0,12.2
AD001107,VS003139,0.968,46,1408.0,2478.0,-2254.0,-1563.0,10.8
AD001107,VS005368,0.948,80,1184.0,1575.0,-1737.0,1044.0,17.3
AD001109,VS001879,0.32,6,-3747.0,-3736.0,-781.0,-762.0,6.8
AD001110,VS000461,0.937,33,-1043.0,-741.0,-1218.0,483.0,13.5
AD001117,VS000409,0.939,26,1982.0,2656.0,-1926.0,-1166.0,5.7
AD001117,VS001194,0.965,42,2075.0,2698.0,-1332.0,-1012.0,11.7
AD001117,VS001860,0.975,36,2291.0,2655.0,-1379.0,-1141.0,4.3
AD001121,VS000856,0.961,41,3686.0,3921.0,720.0,927.0,13.0
AD001122,VS001884,0.967,43,-3338.0,3842.0,-731.0,510.0,11.1
AD001122,VS002538,0.952,37,3488.0,3786.0,357.0,705.0,12.8
AD001127,VS000260,0.899,27,303.0,743.0,-3200.0,-2859.0,20.0
AD001127,VS003550,0.954,56,420.0,1534.0,-3415.0,-308.0,15.3
AD001128,VS000272,0.92,21,614.0,1048.0,-994.0,-606.0,7.0
AD001128,VS002166,0.969,50,-700.0,902.0,-1152.0,-227.0,10.5
AD001128,VS002840,0.943,31,782.0,1016.0,-915.0,-634.0,9.7
AD001128,VS004077,0.92,40,878.0,1061.0,-902.0,-717.0,15.6
AD001133,VS001199,0.937,41,2513.0,2667.0,-1278.0,-1058.0,12.1
AD001134,VS003913,0.95,80,485.0,2601.0,-3246.0,-1485.0,16.7
AD001134,VS005251,0.984,80,739.0,2348.0,-3298.0,-1698.0,5.3
AD001136,VS000911,0.925,33,1251.0,1408.0,-187.0,25.0,7.8
AD001137,VS000194,0.98,76,299.0,907.0,20.0,1863.0,6.5
AD001146,VS001896,0.978,80,144.0,2857.0,-1801.0,-37.0,7.2
AD001146,VS002627,0.975,80,-4.0,3426.0,-1748.0,-174.0,8.2
AD001146,VS004006,0.982,80,238.0,1816.0,-3080.0,358.0,5.9
AD001149,VS000829,0.813,21,1421.0,1543.0,-2155.0,-1982.0,12.3
AD001150,VS001729,0.977,66,1092.0,1345.0,-818.0,806.0,7.6
AD001153,VS001566,0.971,54,-946.0,890.0,463.0,2256.0,9.6
AD001153,VS003754,0.93,58,-695.0,316.0,1774.0,2209.0,23.5
AD001154,VS000386,0.956,31,-3219.0,-2663.0,1003.0,1146.0,5.4
AD001162,VS000280,0.977,50,-3595.0,-390.0,-3657.0,-888.0,7.5
AD001162,VS000868,0.967,52,-1537.0,-512.0,-3548.0,-1237.0,11.1
AD001162,VS002184,0.92,24,-578.0,824.0,-3991.0,-3541.0,10.1
AD001168,VS005031,0.943,30,-671.0,-415.0,-632.0,-465.0,8.6
AD001170,VS000139,0.985,41,3023.0,3523.0,-2111.0,-1796.0,5.0
AD001170,VS000791,0.983,43,3276.0,3420.0,-1927.0,1199.0,5.6
AD001171,VS004016,0.933,53,-2529.0,2146.0,-755.0,-222.0,22.3
AD001176,VS001381,0.968,43,3465.0,3730.0,-103.0,427.0,10.6
AD001176,VS005122,0.958,34,2618.0,3605.0,-31.0,810.0,7.7
AD001178,VS005113,0.969,36,1311.0,1546.0,-2196.0,-1763.0,6.1
AD001182,VS001362,0.975,48,872.0,2242.0,1283.0,1605.0,8.4
AD001183,VS003944,0.343,6,-3778.0,-3719.0,-800.0,-748.0,27.0
AD001186,VS002506,0.972,36,2381.0,2601.0,-2364.0,-1949.0,5.0
AD001188,VS000216,0.938,48,2457.0,3791.0,-616.0,615.0,20.7
AD001197,VS000581,0.95,63,-3753.0,1402.0,-1159.0,-378.0,16.6
AD001197,VS001300,0.961,45,1161.0,1479.0,-997.0,-504.0,13.1
AD001197,VS001953,0.983,59,-3506.0,1266.0,-771.0,-344.0,5.6
AD001197,VS002548,0.341,9,2335.0,2346.0,-776.0,-752.0,15.9
AD001197,VS003207,0.972,43,1000.0,1263.0,-658.0,-414.0,9.4
AD001198,VS004799,0.976,38,854.0,1325.0,-2978.0,-2308.0,6.1
AD001208,VS002424,0.982,41,1980.0,2416.0,-1041.0,577.0,6.0
AD001212,VS002696,0.988,80,-2009.0,-950.0,997.0,1732.0,3.9
AD001219,VS000493,0.954,80,655.0,3224.0,-3492.0,1124.0,15.3
AD001219,VS001146,0.985,80,-226.0,1324.0,-3560.0,-3272.0,4.9
AD001219,VS001751,0.979,80,-3536.0,1511.0,-3607.0,-876.0,7.0
AD001219,VS002397,0.976,80,-1606.0,1211.0,-3591.0,-1551.0,8.0
AD001219,VS003416,0.983,80,-1812.0,1187.0,-3566.0,-1819.0,5.8
AD001219,VS004142,0.964,68,-646.0,1216.0,-3846.0,-3380.0,11.9
AD001219,VS005363,0.875,22,-605.0,-473.0,-3772.0,-3575.0,5.4
AD001220,VS001366,0.926,21,-2765.0,-2105.0,1540.0,2090.0,5.0
AD001220,VS004206,0.368,7,2329.0,2349.0,-780.0,-767.0,6.4
AD001224,VS000162,0.981,53,-1484.0,2845.0,-2255.0,1456.0,6.3
AD001224,VS000738,0.981,43,2788.0,3045.0,-2205.0,-1804.0,6.5
AD001224,VS001481,0.934,26,2610.0,3118.0,-2386.0,-2031.0,7.3
AD001224,VS002125,0.922,23,2818.0,3119.0,-2309.0,-2011.0,8.4
AD001224,VS002859,0.957,53,-1500.0,2907.0,-2390.0,1439.0,14.2
AD001224,VS003439,0.935,35,2778.0,3167.0,-2379.0,-2054.0,16.5
AD001224,VS004111,0.949,44,122.0,2922.0,-2157.0,300.0,17.1
AD001224,VS004671,0.837,21,2815.0,2950.0,-2345.0,-2175.0,11.4
AD001224,VS005297,0.956,34,2625.0,2893.0,-2396.0,-2162.0,8.5
AD001231,VS002438,0.862,28,2666.0,2825.0,-2500.0,-2347.0,11.5
AD001233,VS000657,0.842,30,2765.0,2948.0,-2131.0,-2028.0,17.3
AD001233,VS003360,0.932,34,2842.0,3151.0,-2484.0,-2065.0,16.5
AD001236,VS001391,0.85,28,2754.0,2937.0,-2204.0,-2060.0,18.8
AD001236,VS004033,0.972,46,-1477.0,3021.0,-2667.0,1423.0,9.3
AD001239,VS001044,0.891,24,-1157.0,-947.0,-3608.0,-3406.0,17.1
AD001240,VS001626,0.96,42,983.0,1485.0,-472.0,-34.0,13.3
AD001242,VS003607,0.721,15,1336.0,1508.0,-2018.0,-1875.0,7.6
AD001246,VS004526,0.965,36,2639.0,3006.0,-2388.0,-2161.0,7.4
AD001246,VS005092,0.931,26,2627.0,3182.0,-2543.0,-2133.0,8.3
AD001247,VS001306,0.327,7,2322.0,2337.0,-781.0,-761.0,7.9
AD001252,VS001347,0.95,70,-1548.0,919.0,-3224.0,-2839.0,16.8
AD001254,VS001871,0.931,29,2563.0,2881.0,-36.0,730.0,11.7
AD001256,VS000148,0.93,33,2490.0,2822.0,-2395.0,-2190.0,16.2
AD001256,VS002720,0.931,32,2747.0,3005.0,-2348.0,-2160.0,14.5
AD001257,VS002499,0.895,35,2306.0,2478.0,845.0,1031.0,16.9
AD001258,VS004167,0.968,56,393.0,2537.0,866.0,2590.0,10.7
AD001260,VS004910,0.847,18,2446.0,2586.0,-1336.0,-951.0,12.0
AD001262,VS001162,0.971,48,-3570.0,-720.0,-772.0,-458.0,9.6
AD001263,VS000530,0.974,39,-2596.0,-1076.0,-2623.0,-2343.0,7.6
AD001263,VS001830,0.974,37,-2714.0,-1124.0,-2530.0,-2371.0,5.6
AD001267,VS000013,0.962,50,-2312.0,2655.0,-2630.0,-2163.0,12.8
AD001272,VS001893,0.941,44,-2162.0,3138.0,-2417.0,1542.0,19.5
AD001272,VS004636,0.938,34,2985.0,3159.0,-2411.0,-2141.0,14.3
AD001273,VS000168,0.964,42,2111.0,2834.0,-2272.0,-2028.0,11.8
AD001276,VS003444,0.961,64,1777.0,2782.0,-1996.0,-1168.0,13.1
AD001276,VS004178,0.983,68,1536.0,2656.0,-2085.0,-1132.0,5.5
AD001280,VS004555,0.791,21,693.0,857.0,2582.0,2720.0,26.0
AD001288,VS000311,0.836,22,1092.0,1184.0,-268.0,-64.0,14.8
AD001295,VS003961,0.814,19,473.0,606.0,-3046.0,-2841.0,13.1
AD001318,VS000396,0.946,41,1112.0,1271.0,-250.0,22.0,18.1
AD001318,VS001061,0.919,27,1200.0,1391.0,-106.0,82.0,4.5
AD001318,VS001789,0.971,42,1164.0,1390.0,-56.0,197.0,9.5
AD001318,VS003090,0.907,28,1220.0,1435.0,-197.0,-43.0,8.5
AD001322,VS000316,0.957,70,798.0,1803.0,1002.0,2492.0,14.3
AD001322,VS001332,0.924,80,390.0,1772.0,900.0,2188.0,25.2
AD001322,VS003527,0.975,65,440.0,1788.0,1202.0,2183.0,8.2
AD001330,VS001217,0.957,79,-3857.0,-296.0,-3672.0,-306.0,14.3
AD001330,VS002103,0.987,47,-3958.0,-2602.0,-1021.0,-668.0,4.4
AD001330,VS003579,0.944,65,-3869.0,-2827.0,-1132.0,-565.0,18.6
AD001333,VS000059,0.904,27,-2770.0,-2594.0,-548.0,-326.0,13.9
AD001333,VS000704,0.972,65,-2730.0,-566.0,-502.0,2913.0,9.4
AD001333,VS001292,0.939,28,-2684.0,-2469.0,-597.0,-352.0,7.8
AD001333,VS003918,0.91,34,-2784.0,-2491.0,-478.0,-283.0,23.6
AD001333,VS004569,0.816,21,-2591.0,-2374.0,-451.0,-330.0,21.3
AD001333,VS005204,0.925,33,-2621.0,-2456.0,-368.0,-104.0,17.7
AD001339,VS000474,0.961,40,685.0,966.0,2286.0,2618.0,12.9
AD001348,VS003883,0.974,40,2605.0,2901.0,-2494.0,-2248.0,8.8
AD001352,VS003432,0.939,26,3807.0,3980.0,195.0,455.0,5.8
AD001353,VS004998,0.983,80,3094.0,3608.0,-2163.0,697.0,5.6
AD001354,VS001109,0.759,19,2733.0,2873.0,-2313.0,-2216.0,4.8
AD001354,VS001978,0.892,21,2592.0,2880.0,-2384.0,-2149.0,16.1
AD001354,VS003601,0.675,15,2922.0,3064.0,-2117.0,-2025.0,7.9
AD001362,VS001917,0.952,76,-2814.0,-1271.0,624.0,1044.0,16.0
AD001369,VS000416,0.289,6,-3744.0,-3736.0,-793.0,-774.0,14.7
AD001370,VS004369,0.957,56,1133.0,1956.0,1162.0,1514.0,14.4
AD001372,VS004448,0.919,22,2631.0,2854.0,-2264.0,-2082.0,4.8
AD001376,VS005506,0.928,25,-871.0,-759.0,-878.0,-580.0,8.5
AD001383,VS000167,0.947,46,1751.0,2646.0,-2057.0,-1812.0,17.6
AD001384,VS000356,0.955,33,-3937.0,-2399.0,-754.0,-83.0,7.7
AD001387,VS001977,0.959,31,2868.0,3144.0,-2100.0,-1899.0,4.3
AD001387,VS004297,0.935,29,2818.0,3054.0,-2011.0,-1856.0,5.3
AD001388,VS003673,0.926,26,1930.0,2399.0,-2094.0,-1230.0,10.0
AD001391,VS003780,0.727,19,-2574.0,-2435.0,-431.0,-314.0,18.8
AD001394,VS003284,0.947,61,-2764.0,3095.0,-2098.0,-783.0,17.5
AD001399,VS000930,0.937,32,-2225.0,-1928.0,1386.0,1929.0,12.7
AD001408,VS001778,0.93,25,2185.0,2384.0,1036.0,1316.0,7.7
AD001408,VS003014,0.94,34,2010.0,2263.0,1029.0,1380.0,13.7
AD001417,VS003758,0.878,21,1033.0,1343.0,-322.0,-89.0,21.0
AD001419,VS002191,0.952,69,1210.0,3030.0,-2368.0,-1253.0,16.2
AD001419,VS004455,0.978,62,1105.0,2930.0,-2305.0,-1252.0,7.2
AD001422,VS000861,0.977,53,-3422.0,3768.0,-704.0,484.0,7.8
AD001428,VS004820,0.92,39,-2981.0,-2858.0,1056.0,1247.0,5.3
AD001433,VS004651,0.982,53,126.0,2723.0,-2454.0,281.0,6.1
AD001436,VS001364,0.931,26,-2633.0,-2471.0,1179.0,1430.0,7.9
AD001437,VS004365,0.817,20,-2663.0,-2441.0,-131.0,-34.0,18.4
AD001442,VS000524,0.984,49,1895.0,2148.0,-2042.0,-1462.0,5.4
AD001444,VS001627,0.748,17,891.0,1101.0,-107.0,3.0,13.4
AD001444,VS002278,0.956,35,752.0,961.0,-40.0,178.0,9.6
AD001444,VS003082,0.942,28,665.0,973.0,-188.0,3.0,6.7
AD001444,VS003736,0.878,25,850.0,1051.0,-150.0,-33.0,6.3
AD001445,VS000627,0.813,27,888.0,1017.0,942.0,1033.0,9.4
AD001448,VS002690,0.438,10,2340.0,2367.0,-805.0,-755.0,17.2
AD001449,VS003305,0.987,75,711.0,1386.0,-2733.0,-1499.0,4.5
AD001449,VS004312,0.973,71,437.0,1579.0,-2767.0,-1520.0,8.8
AD001449,VS004940,0.979,58,707.0,1507.0,-2538.0,-1339.0,7.1
AD001456,VS000263,0.95,29,909.0,1368.0,-1549.0,310.0,5.3
AD001461,VS001265,0.988,40,-2631.0,1491.0,983.0,2388.0,4.2
AD001461,VS004169,0.946,53,-2849.0,-117.0,398.0,1163.0,18.0
AD001461,VS004946,0.944,35,-2798.0,-2571.0,839.0,1018.0,10.4
AD001462,VS000805,0.975,36,678.0,931.0,-3060.0,-2859.0,4.2
AD001466,VS002758,0.941,33,3423.0,3994.0,415.0,555.0,12.4
AD001467,VS000632,0.959,41,3114.0,3305.0,-2011.0,-1683.0,13.7
AD001467,VS001895,0.945,36,2921.0,3273.0,-2165.0,-1810.0,14.1
AD001468,VS000223,0.902,24,428.0,658.0,-3242.0,-2896.0,16.0
AD001472,VS005498,0.967,64,-173.0,1222.0,-3866.0,-3316.0,11.0
AD001473,VS001756,0.976,42,-3570.0,667.0,-674.0,1796.0,8.0
AD001479,VS000166,0.942,33,2732.0,2913.0,-2008.0,-1794.0,6.7
AD001480,VS000143,0.965,38,3064.0,3306.0,-1829.0,-1660.0,8.3
AD001480,VS002247,0.973,39,2799.0,3152.0,-1796.0,-1662.0,7.9
AD001480,VS002915,0.987,41,3077.0,3463.0,-2049.0,-1588.0,4.4
AD001481,VS001891,0.955,31,1382.0,2904.0,-1831.0,522.0,5.5
AD001484,VS001104,0.887,33,2705.0,2889.0,-2470.0,-2360.0,6.6
AD001484,VS001771,0.891,34,2712.0,2822.0,-2533.0,-2305.0,17.1
AD001487,VS002371,0.914,35,1706.0,1870.0,-2196.0,-2025.0,6.1
AD001487,VS004825,0.944,43,1604.0,2070.0,-2356.0,-2089.0,18.5
AD001490,VS003522,0.966,38,-1263.0,-1042.0,158.0,543.0,9.2
AD001490,VS005235,0.945,34,-1221.0,-997.0,282.0,499.0,12.1
AD001493,VS000254,0.89,27,622.0,782.0,-3329.0,-3110.0,15.1
AD001493,VS001576,0.952,53,529.0,1497.0,-3461.0,-360.0,16.1
AD001493,VS002441,0.943,34,578.0,728.0,-3535.0,-3297.0,7.7
AD001493,VS004181,0.88,53,440.0,1546.0,-3378.0,-372.0,52.4
AD001503,VS002589,0.967,43,617.0,2956.0,-1747.0,1526.0,11.1
AD001509,VS000736,0.914,22,2634.0,2781.0,-2215.0,-1889.0,9.9
AD001509,VS004874,0.946,34,2610.0,2796.0,-2642.0,-2186.0,11.6
AD001516,VS000869,0.935,63,1596.0,2386.0,-1999.0,1060.0,21.7
AD001516,VS003868,0.977,80,900.0,2450.0,-3275.0,-1736.0,7.6
AD001520,VS002763,0.787,16,-774.0,-647.0,-3931.0,-3662.0,12.8
AD001523,VS000608,0.934,29,3098.0,3346.0,280.0,586.0,10.6
AD001523,VS002894,0.933,23,2964.0,3143.0,379.0,623.0,4.5
AD001524,VS000504,0.919,31,3450.0,3603.0,127.0,358.0,11.2
AD001528,VS000985,0.903,21,1250.0,1459.0,-2310.0,-2031.0,12.7
AD001528,VS003836,0.961,36,1198.0,1370.0,-2308.0,-2071.0,7.0
AD001534,VS000057,0.95,76,-2426.0,-1601.0,-1788.0,-619.0,16.8
AD001535,VS000703,0.982,47,-2485.0,-289.0,-384.0,3134.0,5.9
AD001549,VS004338,0.92,26,2576.0,2782.0,-1537.0,-1232.0,12.1
AD001564,VS001145,0.968,44,-622.0,3187.0,-3382.0,1163.0,10.7
AD001564,VS002393,0.874,26,-611.0,-398.0,-3647.0,-3239.0,27.5
AD001564,VS004018,0.952,53,-531.0,1244.0,-3555.0,552.0,15.9
AD001566,VS004123,0.961,36,1178.0,1584.0,-2549.0,-2218.0,8.8
AD001566,VS004826,0.859,24,1472.0,1574.0,-2386.0,-2171.0,13.0
AD001569,VS002336,0.928,62,1244.0,3167.0,-3318.0,-2166.0,23.9
AD001569,VS004005,0.986,80,1671.0,2982.0,-3363.0,-2036.0,4.7
AD001569,VS004646,0.96,80,1662.0,3099.0,-3173.0,-2240.0,13.3
AD001570,VS003515,0.955,43,2089.0,2670.0,1058.0,1518.0,15.1
AD001570,VS004368,0.924,23,2122.0,2315.0,1050.0,1275.0,6.6
AD001574,VS003201,0.591,14,3804.0,3928.0,-114.0,54.0,37.1
AD001577,VS000195,0.965,43,656.0,1433.0,-37.0,1596.0,11.5
AD001579,VS001317,0.92,24,2275.0,2574.0,-2448.0,-2128.0,10.0
AD001579,VS001976,0.928,36,2515.0,2772.0,-2531.0,-2237.0,19.8
AD001579,VS003217,0.886,21,2401.0,2596.0,-2417.0,-2015.0,18.3
AD001579,VS004452,0.861,27,2412.0,2604.0,-2442.0,-2324.0,12.1
AD001579,VS005077,0.916,25,2447.0,2713.0,-2422.0,-2015.0,12.3
AD001584,VS000466,0.919,23,1205.0,1544.0,-2288.0,-2116.0,9.3
AD001596,VS001406,0.834,26,530.0,665.0,-3185.0,-3046.0,11.3
AD001605,VS000508,0.294,7,2315.0,2342.0,-793.0,-773.0,9.9
AD001605,VS002320,0.946,34,3468.0,3591.0,-21.0,443.0,11.6
AD001620,VS000278,0.972,61,-627.0,2191.0,-3503.0,-883.0,9.3
AD001620,VS000862,0.958,48,-674.0,1223.0,-3429.0,516.0,13.9
AD001620,VS001513,0.959,38,-729.0,-414.0,-3712.0,-3003.0,11.6
AD001621,VS002255,0.964,37,-595.0,-363.0,2885.0,3351.0,8.9
AD001621,VS002908,0.841,25,-583.0,-484.0,3104.0,3270.0,7.7
AD001622,VS000583,0.934,26,1011.0,1317.0,-1596.0,-611.0,7.4
AD001628,VS004624,0.876,18,543.0,856.0,2758.0,3004.0,9.2
AD001630,VS000807,0.942,61,623.0,907.0,-3099.0,2966.0,19.2
AD001637,VS005192,0.976,80,203.0,1481.0,-3213.0,-1992.0,7.9
AD001638,VS000098,0.904,21,578.0,704.0,-3066.0,-2814.0,7.0
AD001641,VS003571,0.276,6,-3730.0,-3714.0,-780.0,-762.0,10.8
AD001649,VS000075,0.954,35,2441.0,2809.0,-2225.0,-1928.0,10.1
AD001649,VS001393,0.954,36,2702.0,2930.0,-2196.0,-1918.0,11.2
AD001649,VS002854,0.969,43,2481.0,2746.0,-2312.0,-1968.0,10.3
AD001649,VS004652,0.974,40,2423.0,2823.0,-2149.0,-1769.0,8.7
AD001649,VS005293,0.854,25,2752.0,2882.0,-2085.0,-1937.0,4.4
AD001653,VS004954,0.944,41,783.0,1019.0,-294.0,-68.0,18.7
AD001654,VS005549,0.853,18,805.0,1076.0,2400.0,2781.0,6.3
AD001662,VS001937,0.947,35,-850.0,-600.0,2676.0,2956.0,12.6
AD001676,VS000959,0.954,76,-1519.0,2252.0,-1910.0,1468.0,15.3
AD001683,VS002593,0.849,20,2413.0,2640.0,-1164.0,-964.0,23.6
AD001684,VS000412,0.977,56,940.0,2847.0,-1350.0,2811.0,7.6
AD001687,VS003704,0.921,28,-3680.0,-2750.0,-604.0,1318.0,13.7
AD001695,VS002576,0.975,39,2657.0,3034.0,-2471.0,-2191.0,7.3
AD001706,VS003119,0.953,36,1369.0,3403.0,-2310.0,534.0,11.6
AD001706,VS005267,0.978,37,3299.0,3455.0,-2503.0,-2243.0,4.2
AD001712,VS002587,0.924,38,3061.0,3255.0,469.0,627.0,9.5
AD001715,VS000206,0.944,80,-2102.0,-538.0,-3372.0,-838.0,18.8
AD001715,VS000850,0.976,80,-1849.0,-695.0,-3546.0,-1111.0,7.8
AD001715,VS002846,0.955,80,-2315.0,-263.0,-3794.0,-871.0,15.1
AD001720,VS000535,0.928,36,1064.0,1508.0,-279.0,55.0,19.7
AD001721,VS004798,0.973,53,649.0,1739.0,-3190.0,-862.0,9.2
AD001722,VS002471,0.842,22,-2323.0,-2182.0,1307.0,1483.0,13.3
AD001724,VS001033,0.985,47,1981.0,2469.0,-2018.0,-994.0,4.9
AD001724,VS001772,0.988,43,1793.0,2651.0,-2164.0,-776.0,4.2
AD001725,VS001482,0.982,56,1307.0,2463.0,-2297.0,-1502.0,5.9
AD001726,VS004757,0.935,28,2914.0,3111.0,862.0,1103.0,9.3
AD001726,VS005463,0.373,9,565.0,593.0,-3121.0,-3101.0,12.0
AD001727,VS001831,0.955,80,-2515.0,1263.0,-2269.0,2069.0,14.9
AD001731,VS002824,0.928,24,1115.0,1331.0,-2414.0,-1859.0,7.3
AD001733,VS001346,0.714,16,-1733.0,-1582.0,-2895.0,-2786.0,9.6
AD001734,VS000571,0.947,40,-2599.0,-2417.0,1141.0,1518.0,17.6
AD001734,VS002832,0.94,40,-2632.0,-2412.0,1440.0,1583.0,9.6
AD001734,VS003563,0.965,42,-2627.0,-2368.0,1444.0,1652.0,11.7
AD001746,VS002045,0.904,26,2734.0,2991.0,-2070.0,-1916.0,17.4
AD001749,VS001813,0.279,7,2332.0,2346.0,-783.0,-769.0,9.1
AD001749,VS004086,0.97,51,2540.0,3900.0,179.0,922.0,10.1
AD001752,VS002520,0.865,18,1273.0,1368.0,-2581.0,-1950.0,6.6
AD001752,VS003815,0.936,41,1253.0,1542.0,-2487.0,-2179.0,21.3
AD001753,VS000376,0.795,16,812.0,1079.0,-2970.0,-2682.0,16.5
AD001755,VS000065,0.27,5,2339.0,2346.0,-794.0,-778.0,7.4
AD001755,VS000776,0.312,6,-3743.0,-3731.0,-779.0,-768.0,7.2
AD001755,VS002162,0.968,60,1218.0,3247.0,-1398.0,1209.0,10.5
AD001755,VS004347,0.949,51,1504.0,3194.0,-1504.0,1231.0,17.1
AD001765,VS001854,0.967,34,754.0,2472.0,-1516.0,-953.0,4.7
AD001766,VS004004,0.862,20,3101.0,3386.0,-2289.0,-1881.0,14.3
AD001767,VS000109,0.922,23,732.0,977.0,1187.0,2597.0,8.4
AD001775,VS000302,0.939,25,2568.0,2958.0,-2361.0,-1647.0,4.6
AD001775,VS000942,0.934,23,2634.0,2813.0,-2368.0,-2071.0,4.3
AD001775,VS002267,0.812,18,2464.0,2817.0,-2414.0,-2245.0,16.8
AD001776,VS000995,0.982,57,-3964.0,-2440.0,-997.0,-257.0,6.2
AD001776,VS002481,0.948,61,-3681.0,-3354.0,-1205.0,-840.0,17.2
AD001789,VS001040,0.979,44,-1099.0,356.0,-3199.0,2081.0,6.9
AD001789,VS003598,0.924,25,-1073.0,-786.0,-3312.0,-3044.0,9.8
AD001792,VS002097,0.966,39,-3002.0,-2734.0,-678.0,-194.0,10.2
AD001794,VS001782,0.956,36,315.0,1555.0,-3096.0,-1411.0,10.5
AD001794,VS003183,0.975,38,449.0,714.0,-3280.0,-2850.0,6.4
AD001799,VS002649,0.853,21,2688.0,2870.0,-2298.0,-2151.0,10.8
AD001799,VS004806,0.89,20,2745.0,2889.0,-2431.0,-2091.0,10.1
AD001800,VS001101,0.979,58,139.0,2579.0,-2229.0,283.0,6.8
AD001801,VS003199,0.933,35,3534.0,3750.0,549.0,686.0,4.9
AD001801,VS004161,0.949,31,3700.0,4017.0,529.0,625.0,7.6
AD001808,VS000160,0.842,22,793.0,919.0,-3243.0,-3087.0,6.4
AD001811,VS003748,0.964,35,663.0,925.0,2585.0,3138.0,6.7
AD001812,VS000649,0.93,25,3422.0,3985.0,327.0,536.0,7.6
AD001815,VS000385,0.978,56,-2850.0,-159.0,430.0,1124.0,7.2
AD001818,VS001619,0.982,80,129.0,2527.0,-1674.0,-146.0,5.9
AD001818,VS002264,0.969,80,92.0,2531.0,-1793.0,-151.0,10.2
AD001818,VS003812,0.986,80,217.0,1694.0,-1604.0,335.0,4.6
AD001818,VS004444,0.97,80,-1093.0,773.0,-2952.0,-215.0,10.0
AD001818,VS005086,0.987,80,129.0,1458.0,-1917.0,98.0,4.4
AD001822,VS004986,0.941,33,-2813.0,-2524.0,-709.0,-536.0,12.3
AD001832,VS001810,0.356,8,-3734.0,-3716.0,-769.0,-756.0,9.9
AD001833,VS001417,0.9,26,1683.0,1875.0,-2254.0,-2020.0,18.6
AD001833,VS002732,0.925,22,1785.0,1977.0,-2290.0,-1906.0,6.4
AD001836,VS001258,0.941,31,-3142.0,-2987.0,1068.0,1486.0,10.2
AD001836,VS003293,0.945,36,-3263.0,-1815.0,971.0,1550.0,14.2
AD001836,VS003886,0.9,21,-3159.0,-2926.0,1026.0,1177.0,7.4
AD001845,VS004500,0.977,37,3742.0,4097.0,291.0,591.0,4.4
AD001845,VS005116,0.956,30,3674.0,3822.0,189.0,555.0,4.2
AD001846,VS001883,0.94,60,-3623.0,3941.0,-846.0,146.0,19.9
AD001846,VS002535,0.939,55,-3842.0,3024.0,-813.0,1278.0,20.2
AD001851,VS000484,0.965,79,856.0,2470.0,-2874.0,-1303.0,11.6
AD001852,VS002886,0.973,49,699.0,1002.0,-2955.0,990.0,9.0
AD001852,VS003555,0.921,24,587.0,754.0,-3300.0,-2841.0,9.8
AD001854,VS002676,0.9,37,804.0,1017.0,-906.0,-774.0,16.4
AD001857,VS002368,0.805,21,1414.0,1595.0,-1923.0,-1815.0,20.5
AD001857,VS003029,0.254,6,1862.0,1879.0,-2061.0,-2048.0,16.3
AD001857,VS004617,0.952,48,1576.0,1859.0,-2401.0,-365.0,16.1
AD001858,VS001215,0.978,45,1336.0,2722.0,-1585.0,-1397.0,7.2
AD001862,VS002356,0.98,47,-2615.0,-2315.0,1034.0,1292.0,6.6
AD001862,VS003069,0.974,46,-2884.0,-2458.0,885.0,1203.0,8.5
AD001867,VS001184,0.987,41,1717.0,2860.0,1224.0,1500.0,4.2
AD001867,VS002493,0.963,55,206.0,2811.0,418.0,1303.0,12.2
AD001867,VS003948,0.951,40,2358.0,2817.0,751.0,1337.0,16.3
AD001870,VS004748,0.977,48,291.0,1432.0,1632.0,1919.0,7.8
AD001870,VS005381,0.951,37,1333.0,2056.0,939.0,1647.0,13.3
AD001872,VS000573,0.978,59,-2844.0,-2362.0,-367.0,1200.0,7.4
AD001872,VS001371,0.88,75,-2765.0,-2004.0,-404.0,1593.0,43.5
AD001872,VS003339,0.954,80,-2555.0,2142.0,-768.0,405.0,15.5
AD001872,VS004580,0.399,8,2329.0,2358.0,-789.0,-769.0,15.8
AD001872,VS005209,0.973,76,-3153.0,-2520.0,-439.0,1142.0,9.0
AD001877,VS002749,0.963,43,2441.0,2838.0,-1146.0,-849.0,12.4
AD001885,VS001073,0.96,80,26.0,3727.0,-229.0,295.0,13.3
AD001885,VS002554,0.979,80,-618.0,3893.0,-244.0,544.0,6.9
AD001885,VS003193,0.961,80,119.0,3575.0,-290.0,77.0,13.1
AD001885,VS003937,0.984,80,159.0,3252.0,-597.0,373.0,5.5
AD001885,VS004573,0.956,80,119.0,3163.0,-1841.0,280.0,14.6
AD001885,VS005126,0.981,80,-37.0,3418.0,-406.0,165.0,6.2
AD001886,VS002246,0.916,21,3170.0,3445.0,-1923.0,-1820.0,6.6
AD001890,VS000918,0.968,44,-3517.0,1287.0,-821.0,-508.0,10.7
AD001891,VS004339,0.3,7,2303.0,2352.0,-799.0,-762.0,20.4
AD001896,VS000135,0.401,9,1283.0,1302.0,677.0,687.0,6.9
AD001899,VS000655,0.976,44,1993.0,2724.0,-2303.0,-1816.0,7.9
AD001900,VS000378,0.954,80,-1152.0,646.0,-3299.0,-2964.0,15.5
AD001900,VS003661,0.964,66,-1327.0,-26.0,-3056.0,243.0,12.2
AD001903,VS001264,0.956,80,-3096.0,1847.0,1312.0,2542.0,14.8
AD001903,VS003072,0.963,80,-2640.0,1702.0,911.0,2089.0,12.3
AD001903,VS003887,0.977,80,-2744.0,1886.0,1054.0,1946.0,7.8
AD001908,VS003117,0.924,40,-2536.0,-2266.0,-211.0,9.0,25.3
AD001908,VS004855,0.968,35,-2847.0,-2272.0,-103.0,86.0,5.4
AD001924,VS001122,0.987,42,764.0,927.0,1392.0,2911.0,4.3
AD001924,VS002971,0.878,27,790.0,884.0,1395.0,2233.0,27.1
AD001924,VS003620,0.964,43,615.0,884.0,352.0,1864.0,12.0
AD001924,VS004318,0.982,43,707.0,1021.0,1297.0,2734.0,6.1
AD001927,VS003096,0.985,70,638.0,1395.0,960.0,1595.0,5.1
AD001929,VS000333,0.952,34,2863.0,3071.0,-192.0,829.0,9.9
AD001933,VS005000,0.871,23,2945.0,3070.0,-1976.0,-1783.0,5.8
AD001944,VS001210,0.969,48,2512.0,2738.0,-1773.0,-1436.0,10.3
AD001944,VS002014,0.97,37,2384.0,2593.0,-1734.0,-1516.0,6.8
AD001945,VS001916,0.914,24,-3085.0,-1843.0,608.0,1499.0,12.0
AD001947,VS000500,0.969,36,-501.0,-256.0,-3719.0,-3480.0,6.2
AD001947,VS001515,0.981,39,-388.0,-92.0,-3712.0,-3386.0,5.2
AD001947,VS004020,0.904,41,-1890.0,-90.0,-3655.0,-1254.0,31.9
AD001947,VS005062,0.933,27,-410.0,-281.0,-3758.0,-3476.0,8.7
AD001971,VS002516,0.969,40,2239.0,2638.0,-1608.0,-1383.0,10.4
AD001971,VS003258,0.935,23,2280.0,2556.0,-1568.0,-1215.0,3.9
AD001977,VS004087,0.949,32,2695.0,3755.0,217.0,604.0,8.7
AD001985,VS001530,0.939,30,-596.0,-345.0,-3492.0,-3219.0,10.0
AD001995,VS000062,0.245,4,-3729.0,-3713.0,-795.0,-771.0,8.2
AD002005,VS003990,0.941,30,-1086.0,-745.0,2866.0,3010.0,9.1
AD002007,VS002366,0.891,36,1562.0,1686.0,-2067.0,-1833.0,22.3
AD002009,VS003717,0.966,40,-946.0,1115.0,-874.0,611.0,11.2
AD002009,VS004416,0.97,43,-934.0,-533.0,-698.0,-443.0,10.0
AD002016,VS001245,0.914,25,2499.0,2703.0,-2204.0,-1995.0,10.8
AD002022,VS000644,0.969,52,-3572.0,-694.0,-741.0,-64.0,10.3
AD002029,VS004371,0.919,57,-349.0,2420.0,-2723.0,1245.0,26.9
AD002033,VS004364,0.95,34,-3596.0,-2510.0,-711.0,50.0,10.4
AD002034,VS001213,0.955,76,1287.0,2966.0,-2752.0,-1343.0,15.1
AD002034,VS003546,0.968,54,1598.0,2546.0,-2650.0,-1216.0,10.6
AD002043,VS000773,0.92,26,2702.0,3136.0,662.0,782.0,12.2
AD002043,VS002452,0.929,37,2876.0,3150.0,556.0,858.0,20.7
AD002043,VS004829,0.911,25,2784.0,2985.0,-45.0,571.0,14.2
AD002044,VS001015,0.781,17,3104.0,3280.0,-2236.0,-2035.0,12.6
AD002044,VS001682,0.697,15,3149.0,3288.0,-2153.0,-2031.0,8.1
AD002044,VS003860,0.873,22,3052.0,3247.0,-2033.0,-1907.0,4.8
AD002048,VS002239,0.811,25,779.0,927.0,-814.0,-722.0,12.5
AD002057,VS000478,0.985,64,1107.0,1542.0,1804.0,3055.0,5.0
AD002057,VS002667,0.982,44,645.0,1652.0,1634.0,1915.0,6.1
AD002057,VS003312,0.985,54,1029.0,1764.0,1918.0,2656.0,5.0
AD002061,VS000812,0.968,40,621.0,854.0,-3134.0,-2939.0,10.6
AD002061,VS001546,0.853,20,670.0,899.0,-3147.0,-3035.0,9.9
AD002062,VS002276,0.952,58,826.0,2279.0,-2878.0,-940.0,16.2
AD002062,VS004386,0.97,77,1105.0,2156.0,-1191.0,123.0,10.0
AD002063,VS003699,0.881,27,937.0,1100.0,-64.0,86.0,4.2
AD002066,VS005107,0.978,51,1417.0,1783.0,-2009.0,-346.0,7.3
AD002067,VS003734,0.935,38,980.0,1343.0,-395.0,-4.0,19.6
AD002068,VS003055,0.373,7,-3760.0,-3717.0,-806.0,-770.0,18.1
AD002068,VS004275,0.226,5,2340.0,2347.0,-766.0,-753.0,9.6
AD002068,VS005207,0.976,56,-2251.0,3117.0,1368.0,1709.0,8.1
AD002069,VS004155,0.921,24,3413.0,3858.0,522.0,1166.0,9.7
AD002070,VS004704,0.988,57,-456.0,3367.0,-3742.0,516.0,4.2
AD002071,VS005001,0.908,25,3164.0,3807.0,-2372.0,-1923.0,15.1
AD002077,VS001950,0.974,56,1203.0,1886.0,-2465.0,-1264.0,8.7
AD002090,VS001409,0.754,18,722.0,887.0,-3298.0,-3183.0,8.4
AD002090,VS002136,0.835,21,625.0,764.0,-3183.0,-2999.0,16.0
AD002090,VS004242,0.859,19,566.0,767.0,-3403.0,-3088.0,8.9
AD002091,VS000695,0.625,15,1547.0,1633.0,-2150.0,-2067.0,8.1
AD002096,VS000717,0.349,7,2337.0,2347.0,-760.0,-754.0,4.4
AD002096,VS004703,0.913,27,2437.0,3602.0,-637.0,841.0,15.3
AD002097,VS005015,0.97,36,1003.0,1326.0,-256.0,-123.0,5.7
AD002102,VS000142,0.898,22,3192.0,3381.0,-2011.0,-1805.0,9.5
AD002102,VS002980,0.403,10,-3742.0,-3730.0,-781.0,-757.0,10.1
AD002102,VS003642,0.947,43,2774.0,3511.0,-2028.0,-1673.0,17.6
AD002103,VS000237,0.886,34,767.0,1109.0,-3155.0,-2907.0,31.7
AD002103,VS001550,0.977,37,304.0,605.0,-2921.0,-2666.0,4.5
AD002108,VS000819,0.89,33,2160.0,2960.0,-2333.0,-1335.0,29.4
AD002108,VS002126,0.924,25,2762.0,2960.0,-2575.0,-2296.0,9.6
AD002111,VS002530,0.952,44,1644.0,2531.0,-1596.0,-1177.0,15.8
AD002111,VS003914,0.963,49,886.0,3207.0,-3093.0,-1241.0,12.4
AD002112,VS003983,0.935,28,-395.0,417.0,1832.0,3300.0,9.0
AD002126,VS000617,0.962,40,2512.0,2724.0,-1448.0,-1277.0,5.0
AD002131,VS003406,0.947,29,-1773.0,-1424.0,-2670.0,-2358.0,6.3
AD002132,VS002652,0.962,59,-1730.0,2376.0,-3034.0,1967.0,12.6
AD002132,VS004761,0.941,60,-958.0,2309.0,-1395.0,2089.0,19.5
AD002132,VS005398,0.977,51,-1778.0,2298.0,-2347.0,1945.0,7.7
AD002135,VS002678,0.942,26,851.0,1241.0,-1038.0,-699.0,4.6
AD002141,VS001791,0.982,58,-1705.0,1061.0,-3163.0,-569.0,6.1
AD002153,VS002248,0.983,44,3077.0,3740.0,-2019.0,-1741.0,5.6
AD002157,VS000435,0.848,24,946.0,1132.0,-1050.0,-958.0,8.2
AD002161,VS000517,0.977,38,1827.0,2265.0,-1176.0,-736.0,5.5
AD002165,VS002770,0.88,54,-2937.0,2107.0,-778.0,37.0,50.8
AD002169,VS001171,0.771,17,1033.0,1127.0,-321.0,-134.0,3.8
AD002171,VS001408,0.891,24,479.0,652.0,-3037.0,-2849.0,7.5
AD002171,VS004245,0.84,31,478.0,625.0,-2965.0,-2837.0,14.7
AD002175,VS002237,0.93,32,734.0,976.0,-925.0,-765.0,12.2
AD002176,VS000249,0.915,23,627.0,842.0,2686.0,3055.0,10.6
AD002176,VS002142,0.969,65,803.0,2318.0,-988.0,3164.0,10.2
AD002179,VS000809,0.892,75,979.0,1388.0,-3057.0,-1424.0,36.1
AD002179,VS003373,0.958,56,812.0,1396.0,-3102.0,-1489.0,13.9
AD002180,VS000159,0.922,25,624.0,1014.0,-3111.0,-2882.0,10.2
AD002180,VS002781,0.895,29,566.0,705.0,-3130.0,-2921.0,10.0
AD002183,VS003227,0.942,35,-2338.0,-2111.0,-2724.0,-2427.0,14.2
AD002193,VS003897,0.924,23,1222.0,1613.0,-2104.0,-1725.0,7.7
AD002193,VS004894,0.784,20,1172.0,1337.0,-1983.0,-1819.0,20.9
AD002200,VS004833,0.742,18,2736.0,2828.0,421.0,596.0,11.4
AD002206,VS003311,0.974,38,582.0,1042.0,2608.0,2768.0,6.4
AD002215,VS000960,0.936,51,634.0,2046.0,-3172.0,-1912.0,21.2
AD002215,VS001689,0.942,34,657.0,833.0,-3499.0,-3028.0,13.1
AD002215,VS003659,0.938,34,623.0,778.0,-3223.0,-2787.0,14.3
AD002217,VS000588,0.954,31,-1314.0,-1028.0,-3367.0,-3151.0,6.1
AD002224,VS000267,0.924,29,1705.0,1986.0,-1743.0,-1344.0,13.8
AD002224,VS000831,0.916,24,1670.0,1846.0,-1639.0,-1329.0,11.3
AD002224,VS002598,0.972,37,1459.0,1831.0,-1376.0,-1159.0,6.2
AD002229,VS002179,0.309,6,2326.0,2340.0,-796.0,-787.0,7.5
AD002233,VS005200,0.809,16,-2660.0,-2529.0,-563.0,-304.0,8.8
AD002239,VS001841,0.985,42,1775.0,2099.0,1316.0,1606.0,5.0
AD002239,VS002495,0.912,28,1799.0,2112.0,1178.0,1642.0,17.0
AD002239,VS003952,0.965,36,1796.0,2128.0,1125.0,1664.0,7.6
AD002244,VS000189,0.927,56,714.0,1334.0,-2927.0,-2199.0,24.2
AD002244,VS003608,0.966,56,661.0,1209.0,-3085.0,-2174.0,11.5
AD002247,VS001318,0.987,59,1592.0,2232.0,-2240.0,-598.0,4.3
AD002247,VS001965,0.987,51,1589.0,2077.0,-2004.0,-518.0,4.4
AD002247,VS002561,0.92,71,1486.0,2720.0,-2242.0,-619.0,26.6
AD002247,VS003215,0.972,77,1652.0,2718.0,-1993.0,-459.0,9.3
AD002247,VS003805,0.958,45,1762.0,2536.0,-1899.0,-286.0,14.0
AD002248,VS003575,0.956,80,-288.0,3775.0,-330.0,694.0,14.6
AD002248,VS005355,0.954,80,-445.0,3218.0,-434.0,495.0,15.3
AD002253,VS000130,0.958,35,-2790.0,-2611.0,-569.0,-162.0,8.9
AD002254,VS001164,0.211,4,2308.0,2319.0,-773.0,-760.0,14.0
AD002255,VS002160,0.934,35,695.0,1115.0,1312.0,2898.0,16.8
AD002255,VS003313,0.964,34,718.0,1578.0,2433.0,2816.0,5.9
AD002256,VS000460,0.98,80,-1164.0,-526.0,-927.0,636.0,6.8
AD002256,VS001991,0.967,67,-1023.0,-521.0,203.0,592.0,11.2
AD002257,VS005012,0.984,53,124.0,749.0,-114.0,2599.0,5.5
AD002262,VS000615,0.94,28,2514.0,2750.0,-1239.0,-1047.0,7.5
AD002263,VS001717,0.944,26,1436.0,1686.0,-1994.0,-1776.0,4.2
AD002272,VS000116,0.939,36,2845.0,3021.0,328.0,810.0,16.2
AD002272,VS001993,0.969,44,615.0,3121.0,351.0,1577.0,10.5
AD002272,VS002581,0.743,15,2912.0,2988.0,329.0,567.0,4.5
AD002272,VS003245,0.955,45,1709.0,3197.0,-89.0,595.0,14.9
AD002272,VS004069,0.848,18,2933.0,3130.0,427.0,690.0,11.3
AD002272,VS004756,0.932,32,1271.0,3115.0,497.0,1496.0,14.2
AD002273,VS005462,0.976,47,2326.0,2780.0,-1294.0,-43.0,7.9
AD002278,VS004058,0.977,58,689.0,1545.0,-2177.0,1527.0,7.5
AD002286,VS002454,0.956,80,2333.0,2809.0,1148.0,1913.0,14.5
AD002286,VS004474,0.966,59,2366.0,2909.0,447.0,2144.0,11.4
AD002298,VS001011,0.963,61,2984.0,3290.0,-2308.0,1181.0,12.4
AD002304,VS002507,0.882,29,2545.0,2724.0,-2235.0,-2113.0,4.9
AD002304,VS003151,0.965,43,1622.0,2755.0,-2220.0,1064.0,11.8
AD002304,VS003800,0.912,27,2589.0,2803.0,-2182.0,-1940.0,15.7
AD002304,VS004441,0.828,17,2722.0,2998.0,-2390.0,-2033.0,10.2
AD002309,VS003572,0.961,60,-3493.0,2954.0,-743.0,987.0,13.1
AD002311,VS000073,0.943,80,2817.0,3856.0,-1925.0,400.0,19.0
AD002311,VS000722,0.985,69,2419.0,3299.0,-1823.0,-892.0,4.9
AD002311,VS001378,0.951,80,2906.0,3648.0,-1924.0,280.0,16.2
AD002311,VS002041,0.982,80,2631.0,3468.0,-1996.0,303.0,5.9
AD002311,VS002755,0.976,80,2739.0,3517.0,-1932.0,524.0,8.0
AD002311,VS003430,0.984,71,3069.0,3532.0,-2055.0,449.0,5.2
AD002311,VS004082,0.977,76,2995.0,3580.0,-1943.0,584.0,7.5
AD002311,VS005351,0.956,80,2547.0,3479.0,-1781.0,-294.0,14.5
AD002315,VS001039,0.929,52,-1129.0,636.0,-2872.0,2465.0,23.8
AD002321,VS001016,0.948,32,3011.0,3180.0,-2020.0,-1658.0,8.9
AD002321,VS001897,0.97,44,548.0,3054.0,-1903.0,-497.0,9.9
AD002323,VS005173,0.968,42,-442.0,-305.0,1662.0,2893.0,10.8
AD002327,VS001507,0.957,71,1314.0,2925.0,618.0,1393.0,14.5
AD002332,VS000077,0.986,48,1639.0,2354.0,-2322.0,-1406.0,4.7
AD002332,VS000729,0.96,77,1642.0,2294.0,-2259.0,-1443.0,13.3
AD002332,VS004038,0.959,54,1354.0,3155.0,-1957.0,-1488.0,13.5
AD002333,VS000998,0.956,31,-2756.0,-2625.0,-291.0,54.0,5.3
AD002333,VS002322,0.963,59,-2854.0,2106.0,-793.0,60.0,12.3
AD002339,VS000110,0.955,31,656.0,1068.0,2704.0,2909.0,5.7
AD002339,VS000832,0.926,29,502.0,770.0,1864.0,2807.0,13.3
AD002339,VS001483,0.974,47,478.0,692.0,1886.0,2953.0,8.5
AD002341,VS000541,0.981,80,-301.0,969.0,2329.0,3109.0,6.2
AD002341,VS003984,0.968,80,-164.0,1369.0,2633.0,3229.0,10.8
AD002353,VS003523,0.931,29,-1512.0,-1245.0,338.0,879.0,11.7
AD002353,VS005238,0.965,42,-1270.0,-437.0,-1249.0,595.0,11.7
AD002359,VS002952,0.944,37,542.0,1645.0,-1600.0,1520.0,15.4
AD002380,VS000798,0.954,32,2873.0,3469.0,-2591.0,-2294.0,6.9
AD002380,VS004001,0.97,52,-1844.0,3188.0,-2458.0,-1567.0,9.9
AD002380,VS004633,0.924,21,2835.0,3313.0,-2538.0,-1923.0,5.5
AD002397,VS000934,0.949,33,-3741.0,-3428.0,-933.0,-723.0,9.8
AD002400,VS003357,0.934,30,-2594.0,-2330.0,1611.0,1753.0,11.5
AD002400,VS005058,0.969,47,-3661.0,-2486.0,-612.0,1713.0,10.4
AD002401,VS005045,0.687,17,461.0,679.0,-3147.0,-3032.0,36.2
AD002402,VS002183,0.986,67,-54.0,1224.0,-4074.0,-3338.0,4.5
AD002402,VS002847,0.969,52,-2166.0,-294.0,-3958.0,-1182.0,10.3
AD002402,VS004146,0.978,49,-211.0,1552.0,-3727.0,-3408.0,7.3
AD002402,VS005060,0.949,72,934.0,1288.0,-3847.0,521.0,17.1
AD002404,VS003290,0.91,27,1053.0,3098.0,-2035.0,-1213.0,16.6
AD002411,VS000922,0.372,7,-3761.0,-3728.0,-783.0,-752.0,15.6
AD002412,VS003647,0.954,30,-2874.0,-2502.0,-458.0,-158.0,4.9
AD002412,VS004344,0.347,8,2336.0,2359.0,-790.0,-777.0,13.9
AD002414,VS001618,0.966,41,2656.0,2897.0,-2201.0,-1753.0,11.5
AD002440,VS004619,0.93,33,1311.0,1950.0,-1969.0,-1431.0,16.2
AD002440,VS005187,0.971,41,1776.0,1954.0,-1716.0,-1271.0,9.6
AD002444,VS002352,0.953,41,-3036.0,-2772.0,1035.0,1231.0,15.8
AD002444,VS004812,0.956,38,-3126.0,-1824.0,1049.0,1520.0,12.4
AD002445,VS003211,0.953,35,733.0,970.0,-1036.0,-706.0,10.4
AD002445,VS004092,0.345,8,2295.0,2338.0,-765.0,-720.0,20.9
AD002445,VS004724,0.987,40,-569.0,942.0,-3227.0,-774.0,4.2
AD002457,VS000233,0.866,27,2608.0,2805.0,-2378.0,-2230.0,16.1
AD002457,VS001031,0.956,42,2509.0,2837.0,-2316.0,-2041.0,14.8
AD002457,VS002643,0.951,38,2618.0,2820.0,-2261.0,-2028.0,14.2
AD002457,VS003286,0.976,57,1588.0,2974.0,-2359.0,1040.0,7.9
AD002457,VS004521,0.982,39,2509.0,2801.0,-2470.0,-2249.0,4.9
AD002458,VS001136,0.985,54,477.0,767.0,-3187.0,1449.0,5.1
AD002458,VS005044,0.926,31,506.0,695.0,-3293.0,-3045.0,15.3
AD002459,VS003541,0.924,26,1599.0,1809.0,-2203.0,-1964.0,10.6
AD002461,VS003462,0.933,29,2016.0,2915.0,-2310.0,-2013.0,11.0
AD002461,VS004457,0.944,46,-1773.0,2172.0,-2219.0,888.0,18.6
AD002462,VS000300,0.978,43,2643.0,2885.0,-2218.0,-1973.0,7.3
AD002471,VS000137,0.862,33,3351.0,3499.0,-1848.0,-1694.0,14.8
AD002471,VS002244,0.873,30,3323.0,3470.0,-1891.0,-1701.0,15.4
AD002471,VS002912,0.312,7,2321.0,2359.0,-806.0,-774.0,16.0
AD002471,VS004423,0.96,37,3393.0,3582.0,-1753.0,-1333.0,10.1
AD002482,VS004353,0.973,80,-118.0,743.0,-706.0,-140.0,9.2
AD002485,VS001665,0.968,54,-3003.0,-1986.0,-1650.0,-286.0,10.7
AD002485,VS003633,0.981,49,-2245.0,-1944.0,-1539.0,-706.0,6.3
AD002489,VS001571,0.943,34,-863.0,-579.0,-535.0,-375.0,12.6
AD002489,VS002456,0.911,41,-1011.0,1703.0,-1963.0,-399.0,29.8
AD002504,VS000362,0.644,15,-2468.0,-2355.0,1406.0,1479.0,10.2
AD002504,VS001004,0.924,26,-2524.0,-2124.0,1282.0,1544.0,10.8
AD002506,VS000432,0.806,21,657.0,797.0,-942.0,-807.0,9.8
AD002509,VS004342,0.953,36,-2877.0,-2382.0,-763.0,-158.0,11.4
AD002510,VS003296,0.936,69,-2457.0,-1698.0,1056.0,2767.0,21.3
AD002510,VS003891,0.937,74,-2924.0,-1495.0,1584.0,2715.0,21.0
AD002510,VS004818,0.978,66,-1978.0,-840.0,-2980.0,2537.0,7.4
AD002513,VS004421,0.976,39,-870.0,-317.0,-680.0,-213.0,7.1
AD002518,VS005366,0.975,40,-754.0,106.0,-3743.0,-3230.0,8.2
AD002522,VS004362,0.929,26,-2612.0,-2364.0,-457.0,-79.0,9.0
AD002529,VS005435,0.976,80,1601.0,3339.0,77.0,1104.0,8.1
AD002530,VS001323,0.975,50,1064.0,2228.0,-2748.0,-2187.0,8.5
AD002530,VS005310,0.954,40,543.0,3080.0,-2275.0,2118.0,15.4
AD002531,VS000196,0.944,43,775.0,1233.0,176.0,1331.0,18.8
AD002533,VS005336,0.952,43,801.0,1366.0,-1250.0,2938.0,16.1
AD002535,VS004067,0.97,56,1945.0,3350.0,-1895.0,648.0,9.9
AD002537,VS000021,0.954,32,1612.0,2441.0,-2322.0,-1738.0,6.9
AD002537,VS000669,0.964,57,1537.0,2002.0,-2320.0,1033.0,11.9
AD002537,VS001250,0.934,64,105.0,2126.0,-2196.0,239.0,21.9
AD002537,VS001964,0.973,49,118.0,2136.0,-2297.0,268.0,8.9
AD002537,VS003212,0.98,38,132.0,2827.0,-2493.0,289.0,4.4
AD002537,VS003797,0.957,47,1707.0,2152.0,-2168.0,-1757.0,14.4
AD002539,VS004171,0.975,41,-2852.0,-2548.0,797.0,1035.0,8.5
AD002540,VS000614,0.9,23,2693.0,2820.0,-1375.0,-1080.0,15.8
AD002540,VS002592,0.946,30,2640.0,2920.0,-1450.0,-1265.0,7.7
AD002542,VS000144,0.949,29,3464.0,3718.0,-1911.0,-1656.0,5.7
AD002545,VS002996,0.979,63,-1589.0,1081.0,-2668.0,985.0,6.9
AD002546,VS001295,0.901,25,-2789.0,-2544.0,-234.0,-94.0,12.4
AD002546,VS004930,0.852,18,-2680.0,-2227.0,-456.0,-366.0,9.9
AD002551,VS000854,0.297,7,2318.0,2331.0,-777.0,-757.0,6.4
AD002551,VS002920,0.956,80,2712.0,3980.0,-1926.0,2.0,14.6
AD002551,VS003495,0.979,80,3048.0,3348.0,-2208.0,306.0,7.1
AD002551,VS004157,0.946,80,3014.0,3441.0,-2335.0,347.0,18.1
AD002551,VS005353,0.951,80,2801.0,3272.0,-2304.0,-1909.0,16.4
AD002562,VS002402,0.336,8,-3751.0,-3725.0,-784.0,-765.0,8.2
AD002564,VS001383,0.41,9,2308.0,2333.0,-787.0,-773.0,9.3
AD002564,VS002256,0.856,25,-429.0,-262.0,3138.0,3275.0,9.0
AD002564,VS003489,0.912,23,-691.0,-407.0,3002.0,3360.0,11.7
AD002567,VS000128,0.943,80,-915.0,2138.0,-777.0,-179.0,18.9
AD002567,VS000781,0.951,72,-3581.0,-578.0,-739.0,-466.0,16.4
AD002567,VS001453,0.957,59,-839.0,822.0,-983.0,-445.0,14.4
AD002567,VS002165,0.961,58,-849.0,539.0,-776.0,-113.0,13.0
AD002567,VS002838,0.978,59,-877.0,905.0,-920.0,-355.0,7.5
AD002568,VS001869,0.977,41,2850.0,3090.0,509.0,874.0,7.6
AD002568,VS002585,0.946,28,2793.0,2986.0,466.0,823.0,5.6
AD002568,VS005256,0.939,35,2046.0,3097.0,470.0,1908.0,15.3
AD002572,VS000621,0.929,32,1072.0,1499.0,-21.0,936.0,15.2
AD002572,VS001355,0.965,46,1217.0,1493.0,-16.0,942.0,11.7
AD002574,VS005097,0.948,39,1432.0,1990.0,-2356.0,-1943.0,16.3
AD002576,VS000686,0.941,30,1584.0,1919.0,-2229.0,-1860.0,9.2
AD002576,VS001271,0.916,29,1413.0,1793.0,-2025.0,-1640.0,16.5
AD002576,VS005095,0.885,27,1298.0,1447.0,-2390.0,-2213.0,5.7
AD002579,VS000526,0.962,38,-2242.0,-1891.0,-2571.0,-2393.0,10.5
AD002583,VS001504,0.899,23,2832.0,3176.0,337.0,658.0,15.9
AD002583,VS004198,0.953,32,3021.0,3334.0,373.0,581.0,7.5
AD002590,VS002691,0.975,65,-2577.0,2187.0,-739.0,-246.0,8.3
AD002590,VS003924,0.967,42,-2867.0,-2441.0,-464.0,-266.0,11.1
AD002590,VS004639,0.811,21,-2581.0,-2442.0,-381.0,-266.0,4.0
AD002590,VS005272,0.83,21,-2604.0,-2504.0,-380.0,-186.0,14.2
AD002593,VS004164,0.921,27,2351.0,2558.0,860.0,1529.0,12.9
AD002593,VS004746,0.799,19,2417.0,2628.0,820.0,974.0,16.9
AD002596,VS001737,0.934,40,-833.0,-547.0,2613.0,2839.0,22.0
AD002603,VS000505,0.982,76,2111.0,3373.0,210.0,842.0,5.9
AD002603,VS001888,0.975,45,2229.0,3342.0,586.0,775.0,8.2
AD002603,VS002539,0.975,51,2136.0,3367.0,526.0,673.0,8.3
AD002603,VS005121,0.957,80,-446.0,2585.0,564.0,2978.0,14.3
AD002607,VS002860,0.88,80,-2054.0,2674.0,-2189.0,1113.0,40.1
AD002607,VS003442,0.89,80,-1917.0,2717.0,-2484.0,1142.0,36.7
AD002607,VS004462,0.963,80,-1917.0,2949.0,-2342.0,1034.0,12.3
AD002607,VS005080,0.961,80,-2012.0,2779.0,-1845.0,1330.0,13.1
AD002608,VS002189,0.977,80,-796.0,2691.0,-2030.0,-1048.0,7.6
AD002609,VS000708,0.97,80,1328.0,2745.0,-2308.0,502.0,9.8
AD002610,VS001447,0.965,43,1375.0,3496.0,-2241.0,553.0,11.6
AD002614,VS000125,0.96,45,-3548.0,1087.0,-838.0,-695.0,13.2
AD002614,VS002543,0.967,48,-3564.0,1174.0,-899.0,-711.0,10.9
AD002617,VS001369,0.884,24,-2467.0,-2080.0,1409.0,1524.0,22.0
AD002623,VS001702,0.986,65,1406.0,2360.0,-2278.0,-1389.0,4.6
AD002623,VS002562,0.98,51,1558.0,1752.0,-1444.0,-928.0,6.5
AD002623,VS003288,0.974,68,1445.0,2512.0,-1748.0,-780.0,8.6
AD002624,VS000236,0.93,37,577.0,906.0,-3273.0,-2770.0,20.2
AD002624,VS000871,0.946,33,670.0,1203.0,-2784.0,-2502.0,10.8
AD002624,VS001548,0.972,40,637.0,760.0,-3008.0,-2726.0,9.4
AD002624,VS002119,0.964,39,681.0,918.0,-2916.0,-2696.0,11.1
AD002632,VS003787,0.926,23,679.0,975.0,-1131.0,-888.0,6.9
AD002634,VS005257,0.947,50,539.0,2961.0,-3208.0,398.0,17.6
AD002635,VS001227,0.963,34,2999.0,3401.0,-2182.0,-1927.0,5.9
AD002641,VS002354,0.953,37,-3289.0,-2793.0,859.0,1112.0,12.5
AD002651,VS002904,0.815,20,-772.0,-559.0,3137.0,3211.0,8.6
AD002652,VS002252,0.98,39,-1095.0,-752.0,-930.0,3135.0,5.6
AD002655,VS001803,0.884,19,-2955.0,-2636.0,-100.0,113.0,7.7
AD002657,VS005111,0.959,33,1298.0,1540.0,-2149.0,-1980.0,5.1
AD002665,VS000099,0.97,51,-342.0,1406.0,-73.0,1309.0,10.1
AD002666,VS000360,0.987,76,-2164.0,-1053.0,-2151.0,-325.0,4.2
AD002666,VS001219,0.935,80,-2625.0,-1362.0,-1823.0,23.0,21.6
AD002667,VS002615,0.937,34,-769.0,-497.0,-665.0,-270.0,14.6
AD002667,VS003265,0.937,28,-815.0,-613.0,-600.0,-272.0,8.5
AD002669,VS000047,0.95,80,-753.0,839.0,80.0,2167.0,16.7
AD002669,VS000758,0.956,80,-945.0,621.0,59.0,2322.0,14.5
AD002669,VS002078,0.976,80,-643.0,753.0,162.0,2600.0,7.9
AD002669,VS003395,0.988,80,-989.0,869.0,196.0,2333.0,4.1
AD002669,VS004060,0.982,80,-955.0,872.0,-77.0,2306.0,6.1
AD002669,VS004685,0.981,80,-1209.0,1734.0,-1950.0,659.0,6.5
AD002669,VS005316,0.961,80,-885.0,357.0,129.0,1561.0,13.0
AD002670,VS003470,0.974,54,2149.0,2651.0,390.0,1626.0,8.7
AD002672,VS001842,0.891,30,1983.0,2397.0,940.0,1219.0,25.9
AD002672,VS002498,0.921,29,2295.0,2518.0,880.0,1021.0,5.0
AD002673,VS002433,0.785,20,2672.0,2777.0,-2251.0,-2136.0,4.8
AD002675,VS000486,0.963,45,-590.0,1186.0,799.0,3389.0,12.2
AD002676,VS001377,0.68,16,3649.0,3761.0,397.0,475.0,7.2
AD002676,VS003431,0.971,49,3428.0,3709.0,-1787.0,680.0,9.6
AD002687,VS000891,0.942,38,16.0,208.0,2304.0,2519.0,14.1
AD002691,VS000670,0.969,55,1151.0,1747.0,-2157.0,-1672.0,10.4
AD002691,VS001248,0.959,78,1354.0,2721.0,-2416.0,-2063.0,13.8
AD002691,VS001907,0.978,78,1364.0,1713.0,-2597.0,-1875.0,7.4
AD002696,VS003335,0.372,7,2311.0,2330.0,-784.0,-767.0,5.6
AD002701,VS003905,0.956,59,1115.0,1726.0,1311.0,2421.0,14.8
AD002701,VS004627,0.966,80,903.0,1669.0,1208.0,2607.0,11.2
AD002704,VS003103,0.401,9,850.0,871.0,1137.0,1159.0,10.2
AD002708,VS000641,0.333,8,-3741.0,-3728.0,-781.0,-762.0,6.6
AD002708,VS002616,0.929,41,-930.0,-695.0,-654.0,-328.0,23.7
AD002708,VS004418,0.945,35,-911.0,-692.0,-566.0,-235.0,13.1
AD002712,VS000496,0.921,40,-523.0,-304.0,-3510.0,-3231.0,26.2
AD002713,VS001147,0.972,72,-2624.0,1125.0,-3315.0,90.0,9.3
AD002714,VS000799,0.986,43,2967.0,3355.0,-2387.0,-1833.0,4.8
AD002714,VS003281,0.931,39,2812.0,3185.0,-2145.0,-1893.0,21.8
AD002718,VS002258,0.923,38,-372.0,-199.0,2948.0,3157.0,15.7
AD002718,VS002909,0.889,28,-392.0,-212.0,3037.0,3230.0,14.3
AD002719,VS000906,0.923,27,-1060.0,-328.0,-692.0,-331.0,12.1
AD002719,VS004411,0.944,32,-732.0,-451.0,-690.0,-475.0,10.2
AD002719,VS005030,0.96,36,-734.0,-459.0,-569.0,-272.0,9.3
AD002720,VS000283,0.946,33,-347.0,204.0,-3761.0,-3431.0,10.6
AD002720,VS002851,0.988,44,-571.0,-121.0,-3664.0,-3239.0,4.0
AD002722,VS000279,0.343,8,-3751.0,-3714.0,-782.0,-760.0,13.4
AD002722,VS000867,0.981,80,-1710.0,-586.0,-3179.0,-1023.0,6.5
AD002722,VS001531,0.945,77,-1697.0,-495.0,-3247.0,-1164.0,18.4
AD002722,VS004025,0.947,80,-1681.0,-941.0,-3740.0,-1304.0,17.6
AD002723,VS000551,0.952,34,-1768.0,-1324.0,-2752.0,-1639.0,9.9
AD002723,VS001341,0.967,43,-1799.0,-1157.0,-2744.0,-1335.0,11.1
AD002723,VS004131,0.93,32,-1749.0,-1408.0,-2729.0,-1667.0,15.0
AD002723,VS004764,0.895,36,-1673.0,-1395.0,-2823.0,-2607.0,31.0
AD002725,VS002670,0.92,25,661.0,923.0,2486.0,2963.0,11.0
AD002728,VS000247,0.946,31,580.0,982.0,2117.0,2872.0,8.6
AD002728,VS003902,0.974,36,606.0,783.0,2406.0,2862.0,4.5
AD002728,VS004549,0.879,31,673.0,811.0,2240.0,2474.0,23.0
AD002730,VS002542,0.339,8,-3735.0,-3717.0,-783.0,-762.0,20.8
AD002730,VS003203,0.981,75,1027.0,2778.0,-2084.0,-1190.0,6.2
AD002735,VS001072,0.966,39,3823.0,4096.0,121.0,477.0,10.4
AD002735,VS002111,0.94,32,2495.0,3934.0,-674.0,350.0,11.7
AD002737,VS000292,0.887,19,3414.0,3823.0,6.0,280.0,6.9
AD002737,VS001069,0.851,24,3682.0,3903.0,231.0,330.0,17.0
AD002737,VS004501,0.888,25,3499.0,3890.0,111.0,354.0,21.8
AD002744,VS001189,0.934,28,2308.0,2546.0,992.0,1250.0,9.4
AD002744,VS002429,0.898,29,2545.0,2732.0,846.0,1285.0,22.6
AD002744,VS004168,0.962,39,690.0,2642.0,1113.0,2372.0,11.7
AD002744,VS004745,0.935,31,2454.0,2711.0,1031.0,1335.0,12.3
AD002749,VS000264,0.93,40,-725.0,850.0,-354.0,279.0,23.5
AD002751,VS002582,0.858,29,2857.0,2989.0,500.0,685.0,15.6
AD002752,VS004755,0.96,38,1032.0,2647.0,245.0,1640.0,11.2
AD002756,VS001365,0.979,43,-2458.0,-1916.0,1458.0,2224.0,7.0
AD002756,VS002698,0.951,35,-2506.0,-1758.0,1555.0,2006.0,11.2
AD002756,VS003932,0.986,40,-2176.0,-1749.0,1419.0,2022.0,4.8
AD002756,VS004582,0.364,7,2337.0,2368.0,-776.0,-732.0,20.1
AD002763,VS004696,0.952,31,1416.0,1764.0,-2353.0,-2020.0,6.5
AD002763,VS005478,0.918,21,1436.0,1800.0,-2431.0,-2078.0,7.4
AD002764,VS000968,0.932,39,435.0,661.0,-3513.0,-3314.0,21.6
AD002767,VS000591,0.976,80,-2585.0,-1364.0,367.0,1629.0,8.2
AD002767,VS001553,0.96,80,-2563.0,-1327.0,114.0,1878.0,13.5
AD002767,VS003519,0.988,80,-2431.0,-1352.0,414.0,1680.0,4.1
AD002767,VS005231,0.979,80,-2386.0,-1841.0,1446.0,1711.0,7.1
AD002770,VS000556,0.954,38,-1855.0,-1639.0,-2864.0,-2633.0,13.3
AD002771,VS000008,0.972,44,1629.0,2702.0,-1840.0,-1633.0,9.5
AD002771,VS000654,0.953,39,1631.0,2576.0,-2364.0,-1699.0,14.5
AD002771,VS002925,0.952,62,-1554.0,1698.0,-1976.0,1465.0,16.0
AD002771,VS004872,0.962,56,-1535.0,1864.0,-2036.0,1449.0,12.6
AD002772,VS002517,0.845,26,2174.0,2378.0,-1340.0,-1189.0,24.2
AD002783,VS000445,0.97,47,120.0,2920.0,-2375.0,282.0,9.9
AD002784,VS001661,0.968,38,-629.0,-447.0,-643.0,-296.0,8.4
AD002784,VS002460,0.902,29,-550.0,-426.0,-526.0,-323.0,3.9
AD002784,VS004409,0.949,29,-615.0,-383.0,-481.0,-247.0,5.7
AD002791,VS003279,0.98,80,-260.0,1108.0,-81.0,650.0,6.6
AD002792,VS001559,0.938,35,-1276.0,-1120.0,98.0,367.0,15.5
AD002792,VS003524,0.935,42,-1376.0,-1015.0,282.0,716.0,21.7
AD002794,VS000184,0.983,41,1216.0,1561.0,-2242.0,-1791.0,5.6
AD002794,VS005402,0.97,36,1594.0,1801.0,-2555.0,-2193.0,5.7
AD002796,VS000336,0.985,80,332.0,1418.0,-166.0,236.0,5.0
AD002796,VS000971,0.979,80,594.0,1038.0,130.0,2236.0,7.0
AD002796,VS002306,0.942,39,806.0,964.0,2475.0,3194.0,18.3
AD002796,VS003619,0.973,80,622.0,1112.0,-119.0,2073.0,9.0
AD002802,VS000377,0.927,35,695.0,968.0,-3173.0,-2849.0,19.1
AD002803,VS004871,0.97,49,-862.0,243.0,-2974.0,-1154.0,10.0
AD002806,VS000656,0.944,33,2575.0,3145.0,-2392.0,-2182.0,11.4
AD002818,VS001331,0.94,41,147.0,1410.0,1366.0,2387.0,20.1
AD002819,VS003060,0.934,57,1324.0,1849.0,-2010.0,503.0,21.9
AD002820,VS004823,0.902,22,1282.0,1446.0,-2249.0,-2006.0,12.2
AD002821,VS001413,0.929,27,1381.0,1551.0,-2348.0,-2121.0,5.4
AD002823,VS001345,0.967,42,-1611.0,-1415.0,-3144.0,-2875.0,11.0
AD002828,VS003299,0.927,80,-2905.0,-941.0,1111.0,1437.0,24.4
AD002838,VS002747,0.956,36,2571.0,2909.0,-1170.0,-953.0,10.6
AD002838,VS004771,0.902,28,2720.0,2901.0,-1238.0,-1030.0,13.4
AD002842,VS004413,0.939,28,-820.0,-666.0,-551.0,-12.0,8.0
AD002845,VS001832,0.976,59,-2416.0,1107.0,-2996.0,1814.0,7.9
AD002847,VS004510,0.936,28,766.0,961.0,-1688.0,-611.0,8.9
AD002866,VS001812,0.265,5,2345.0,2356.0,-775.0,-758.0,11.0
AD002870,VS001713,0.944,34,1629.0,1790.0,-2396.0,-2026.0,12.3
AD002872,VS000610,0.876,31,2834.0,2986.0,623.0,768.0,7.1
AD002872,VS001353,0.912,27,2798.0,3014.0,417.0,888.0,15.7
AD002873,VS003781,0.842,32,-2653.0,-2528.0,-282.0,-139.0,13.7
AD002883,VS003960,0.942,33,458.0,1205.0,-2972.0,-2777.0,11.9
AD002886,VS002202,0.962,37,291.0,718.0,-3157.0,-2749.0,9.5
AD002889,VS000860,0.31,7,-3772.0,-3714.0,-771.0,-722.0,21.1
AD002890,VS000289,0.942,73,-1570.0,3758.0,792.0,2907.0,19.4
AD002896,VS001590,0.243,4,2335.0,2351.0,-775.0,-756.0,6.2
AD002896,VS002403,0.399,8,-3757.0,-3739.0,-772.0,-765.0,4.9
AD002896,VS003768,0.865,22,724.0,911.0,-833.0,-701.0,6.4
AD002896,VS004355,0.951,41,686.0,900.0,-1156.0,-660.0,16.4
AD002898,VS001088,0.939,35,-430.0,-233.0,-3726.0,-3390.0,15.3
AD002904,VS003443,0.966,48,-1588.0,2981.0,-2198.0,550.0,11.3
AD002904,VS005157,0.931,58,1595.0,2853.0,-2097.0,1045.0,22.9
AD002905,VS003209,0.818,19,640.0,855.0,-870.0,-773.0,9.2
AD002906,VS000901,0.754,16,-570.0,-397.0,-627.0,-497.0,4.5
AD002906,VS002295,0.807,18,-572.0,-285.0,-730.0,-326.0,20.8
AD002906,VS004265,0.821,19,-553.0,-434.0,-659.0,-496.0,4.8
AD002907,VS001573,0.95,57,-619.0,1055.0,107.0,3034.0,16.8
AD002914,VS000455,0.957,68,-1688.0,-822.0,-783.0,337.0,14.3
AD002914,VS001326,0.956,71,-1499.0,-850.0,-775.0,449.0,14.8
AD002914,VS001986,0.964,59,-1652.0,-821.0,-799.0,431.0,12.0
AD002914,VS002945,0.953,65,-1643.0,-819.0,-1380.0,355.0,15.7
AD002921,VS002478,0.904,35,-2588.0,-2444.0,1619.0,1815.0,10.9
AD002922,VS001410,0.892,27,601.0,770.0,-3163.0,-2957.0,13.0
AD002925,VS000604,0.96,42,2359.0,2711.0,-2447.0,-2232.0,13.4
AD002925,VS002436,0.929,23,2605.0,2795.0,-2312.0,-1961.0,5.9
AD002931,VS004970,0.966,39,2546.0,2737.0,-1492.0,-1271.0,8.1
AD002932,VS000200,0.966,47,-233.0,1237.0,-3716.0,524.0,11.4
AD002932,VS001510,0.914,26,-435.0,-142.0,-3567.0,-3373.0,14.0
AD002932,VS002090,0.932,27,-429.0,-35.0,-3708.0,-3494.0,9.2
AD002932,VS002762,0.96,58,-538.0,2206.0,-3530.0,-873.0,13.5
AD002933,VS000917,0.363,9,-3733.0,-3714.0,-813.0,-805.0,7.1
AD002934,VS002680,0.944,47,952.0,1518.0,-2202.0,-1293.0,18.6
AD002934,VS005577,0.981,80,833.0,1882.0,-2108.0,-766.0,6.3
AD002936,VS000244,0.924,22,785.0,1066.0,2753.0,2851.0,6.0
AD002936,VS003098,0.881,29,673.0,881.0,2739.0,2940.0,25.1
AD002936,VS004962,0.936,25,778.0,1069.0,2478.0,2850.0,5.6
AD002943,VS002994,0.971,37,-3529.0,-2394.0,-687.0,-163.0,6.7
AD002945,VS001060,0.966,44,370.0,3149.0,-3129.0,697.0,11.4
AD002953,VS000894,0.971,80,-707.0,800.0,-1706.0,3152.0,9.8
AD002953,VS001853,0.981,80,457.0,784.0,-1747.0,1530.0,6.4
AD002953,VS002513,0.926,80,469.0,2511.0,-1910.0,-1568.0,24.6
AD002953,VS003169,0.971,74,610.0,2423.0,-1668.0,-1270.0,9.8
AD002953,VS003824,0.978,80,634.0,2083.0,-2066.0,-1190.0,7.3
AD002953,VS005408,0.977,70,458.0,783.0,-1622.0,1538.0,7.8
AD002955,VS003596,0.965,55,-716.0,1961.0,-3421.0,-1668.0,11.6
AD002966,VS003900,0.326,8,1859.0,1885.0,-2082.0,-2064.0,11.4
AD002967,VS003518,0.948,38,-1654.0,-1191.0,226.0,1430.0,15.3
AD002968,VS000507,0.977,37,3572.0,3923.0,253.0,546.0,4.6
AD002968,VS002557,0.857,19,3508.0,3761.0,145.0,458.0,8.6
AD002973,VS000029,0.974,38,1479.0,1753.0,-2046.0,-1062.0,6.7
AD002973,VS001270,0.978,59,1660.0,2248.0,-1574.0,-1229.0,7.5
AD002973,VS002521,0.972,48,1321.0,1783.0,-2354.0,-1003.0,9.2
AD002973,VS003816,0.93,57,1572.0,1878.0,-2073.0,-944.0,23.4
AD002979,VS000952,0.983,42,-83.0,472.0,-253.0,50.0,5.6
AD002979,VS002272,0.987,51,89.0,1034.0,-179.0,228.0,4.5
AD002979,VS003078,0.979,67,-51.0,427.0,-346.0,62.0,7.0
AD002981,VS000718,0.967,38,2461.0,3832.0,-641.0,690.0,8.9
AD002983,VS001260,0.871,37,-2393.0,-1612.0,772.0,1474.0,43.1
AD002988,VS000630,0.963,36,3162.0,3452.0,-1993.0,-1726.0,8.3
AD002988,VS001230,0.938,26,3011.0,3245.0,-2333.0,-1575.0,6.2
AD002988,VS002250,0.979,41,3042.0,3390.0,-2247.0,-1649.0,7.1
AD002988,VS003865,0.971,36,3058.0,3259.0,-2308.0,-1639.0,5.4
AD002988,VS005283,0.958,43,3138.0,3336.0,-1875.0,-1585.0,14.0
AD002991,VS004732,0.885,26,2733.0,2920.0,-2089.0,-1924.0,9.6
AD002993,VS003303,0.955,35,463.0,666.0,-3448.0,-3156.0,9.8
AD002995,VS004047,0.917,38,915.0,1063.0,-336.0,-141.0,10.1
AD002997,VS000351,0.946,37,3097.0,3407.0,-2190.0,-2002.0,14.8
AD002997,VS002335,0.811,25,3268.0,3331.0,-2160.0,-1999.0,12.0
AD002997,VS003282,0.353,7,1273.0,1293.0,676.0,689.0,10.0
AD002997,VS005281,0.944,43,1383.0,3436.0,-2076.0,539.0,18.5
AD003004,VS000080,0.861,18,2658.0,2906.0,-2431.0,-2173.0,7.6
AD003005,VS002708,0.985,53,-1427.0,2760.0,-2613.0,-2244.0,5.0
AD003006,VS001761,0.944,32,230.0,512.0,-3325.0,-3160.0,10.2
AD003007,VS000044,0.951,31,587.0,992.0,2498.0,2732.0,7.0
AD003007,VS000757,0.844,21,712.0,812.0,2396.0,2611.0,9.0
AD003007,VS002081,0.94,36,715.0,955.0,2579.0,2709.0,8.3
AD003008,VS003616,0.94,33,533.0,1142.0,-62.0,1499.0,12.8
AD003010,VS002937,0.889,23,-1124.0,-899.0,-3065.0,-2968.0,4.0
AD003015,VS000043,0.977,54,978.0,1531.0,-20.0,2957.0,7.7
AD003015,VS002075,0.921,27,551.0,1176.0,1823.0,2894.0,12.8
AD003020,VS000597,0.973,80,-636.0,-180.0,-1566.0,52.0,9.1
AD003020,VS001557,0.94,80,-1516.0,-102.0,-1530.0,329.0,19.9
AD003020,VS005237,0.978,76,-1006.0,-188.0,-1577.0,762.0,7.3
AD003022,VS000576,0.947,51,1023.0,3189.0,-981.0,1210.0,17.7
AD003024,VS000977,0.943,31,813.0,1030.0,2636.0,2963.0,9.7
AD003026,VS000382,0.953,36,2452.0,2694.0,-2326.0,-2076.0,11.5
AD003026,VS001027,0.987,48,-1502.0,2744.0,-2438.0,1464.0,4.4
AD003035,VS004372,0.873,22,2233.0,2597.0,872.0,1144.0,23.5
AD003040,VS000553,0.749,16,-1809.0,-1662.0,-2778.0,-2570.0,16.9
AD003040,VS004765,0.936,34,-1865.0,-1666.0,-2926.0,-2745.0,6.6
AD003042,VS000310,0.976,80,745.0,1149.0,-125.0,187.0,8.1
AD003042,VS003236,0.966,80,941.0,1415.0,-196.0,100.0,11.2
AD003045,VS001209,0.888,23,2595.0,2841.0,-1368.0,-1252.0,12.0
AD003050,VS000972,0.963,42,834.0,1163.0,375.0,2802.0,12.2
AD003050,VS003097,0.931,30,866.0,1248.0,1328.0,2956.0,12.6
AD003050,VS004959,0.909,31,957.0,1161.0,2708.0,2873.0,10.6
AD003051,VS000676,0.964,36,2589.0,2903.0,-2636.0,-2046.0,7.9
AD003055,VS003570,0.951,30,2457.0,3843.0,-689.0,550.0,5.9
AD003065,VS000112,0.892,35,868.0,1068.0,2509.0,2682.0,21.1
AD003067,VS002068,0.935,26,1372.0,1752.0,-2226.0,-1939.0,7.1
AD003073,VS000149,0.975,80,896.0,2481.0,-2269.0,-1030.0,8.3
AD003073,VS000820,0.943,80,952.0,2765.0,-2096.0,-785.0,19.1
AD003073,VS001466,0.951,73,719.0,2659.0,-2330.0,-1036.0,16.4
AD003074,VS001269,0.981,41,1581.0,2386.0,-2143.0,-1424.0,6.3
AD003077,VS001864,0.873,36,2561.0,2693.0,-1410.0,-1268.0,8.6
AD003083,VS002936,0.963,39,-2013.0,-1045.0,-3171.0,-2405.0,11.3
AD003083,VS004375,0.93,34,-1793.0,-988.0,-3373.0,-2428.0,17.0
AD003088,VS001815,0.41,10,2332.0,2345.0,-766.0,-752.0,4.3
AD003088,VS002467,0.923,80,3211.0,3955.0,-2176.0,-84.0,25.5
AD003088,VS003942,0.951,80,2427.0,3397.0,-2238.0,-937.0,16.4
AD003088,VS004572,0.964,74,3168.0,3561.0,-2171.0,-443.0,11.8
AD003088,VS005352,0.893,80,2733.0,3655.0,-2406.0,-1579.0,35.6
