visit_id,address_id,town_id,extracted_landmark,matched_poi_id,matched_poi_name,poi_x,poi_y,spatial_preposition,offset_x,offset_y,corrected_x,corrected_y,visual_doorstep_cue,raw_remark
VS000003,AD001899,T1,Milk Dairy,LM0026,Milk Dairy,1255.7,47.7,BEHIND,0.0,45.0,1255.7,92.7,,"yaaru illa, beega haakide; nija mane Milk Dairy hinde ide, 2 cross munde"
VS000006,AD000761,T1,Masidi,LM0005,Masjid,-3425.3,1304.2,BEHIND,0.0,45.0,-3425.3,1349.2,,"customer maneli sikkidru; nija mane Masidi hinde ide, 2 cross munde"
VS000017,AD000314,T1,Park,LM0053,Park,2135.9,-908.4,BEHIND,0.0,-25.0,2135.9,-933.4,,"premises locked, nobody home; actual house behind Park, 2 lanes ahead"
VS000028,AD001752,T2,Medical Store,LM0113,Medical Store,647.5,-2633.2,NEAR,0.0,0.0,647.5,-2633.2,,"neighbour bola 2 mahine pehle ghar khali kar diya; address galat likha hai, ghar Medical Store ke paas hai"
VS000041,AD001381,T2,Park,LM0126,Park,1063.8,-332.3,BESIDE,15.0,0.0,1078.8,-332.3,Blue gate house,"shift ho gaye, naya address pata nahi; blue gate wala ghar, Park se right side"
VS000063,AD000913,T3,Bus Stop,LM0230,Bus Stop,-800.4,3450.6,BEHIND,0.0,-25.0,-800.4,3425.6,,"met customer at shop; actual house behind Bus Stop, 2 lanes ahead"
VS000074,AD000667,T1,Masidi,LM0005,Masjid,-3425.3,1304.2,NEAR,0.0,0.0,-3425.3,1304.2,,"avara hendathi sikkidru, kelsakke hogidaare antharu; address tappu, mane Masidi hattira ide"
VS000097,AD001355,T1,Govt School,LM0017,Govt School,-1114.9,-3404.5,BEHIND,0.0,-25.0,-1114.9,-3429.5,,"met father, will pass message; actual house behind Govt School, 2 lanes ahead"
VS000119,AD000290,T2,Community Hall,LM0109,Community Hall,815.5,-2841.7,BESIDE,15.0,0.0,830.5,-2841.7,Blue gate house,"padosi ne bola shift ho gaye; blue gate wala ghar, Community Hall se right side"
VS000136,AD002230,T3,Masidi,LM0226,Masjid,-107.4,3568.5,BEHIND,0.0,45.0,-107.4,3613.5,,"mane lock agide; nija mane Masidi hinde ide, 2 cross munde"
VS000150,AD000658,T1,Masidi,LM0005,Masjid,-3425.3,1304.2,BEHIND,0.0,45.0,-3425.3,1349.2,,"customer angadi nalli sikkidru; nija mane Masidi hinde ide, 2 cross munde"
VS000180,AD000267,T2,Post Office,LM0125,Post Office,933.9,299.4,NEAR,0.0,0.0,933.9,299.4,,"wife mili, bola kaam pe gaye hain; address galat likha hai, ghar Post Office ke paas hai"
VS000183,AD000560,T2,Jama Masjid,LM0143,Masjid,1922.2,1715.5,BESIDE,15.0,0.0,1937.2,1715.5,Blue gate house,"customer ghar pe mila; blue gate wala ghar, Jama Masjid se right side"
VS000256,AD000069,T2,Bus Stop,LM0110,Bus Stop,708.4,-3319.2,NEAR,0.0,0.0,708.4,-3319.2,,"ghar band tha; address galat likha hai, ghar Bus Stop ke paas hai"
VS000266,AD000223,T2,Medical Store,LM0113,Medical Store,647.5,-2633.2,NEAR,0.0,0.0,647.5,-2633.2,,"customer mila, bola 11/04 tak karega; address galat likha hai, ghar Medical Store ke paas hai"
VS000294,AD002558,T1,Masidi,LM0005,Masjid,-3425.3,1304.2,BEHIND,0.0,45.0,-3425.3,1349.2,,"yaaru illa, beega haakide; nija mane Masidi hinde ide, 2 cross munde"
VS000304,AD000809,T1,Bus Stop,LM0007,Bus Stop,-2672.6,1243.4,NEAR,0.0,0.0,-2672.6,1243.4,,"customer angadi nalli sikkidru; address tappu, mane Bus Stop hattira ide"
VS000312,AD001973,T1,Church,LM0013,Church,-834.6,-2978.5,BEHIND,0.0,45.0,-834.6,-2933.5,,"avara hendathi sikkidru, kelsakke hogidaare antharu; nija mane Church hinde ide, 2 cross munde"
VS000323,AD002131,T2,Jama Masjid,LM0143,Masjid,1922.2,1715.5,BEHIND,0.0,45.0,1922.2,1760.5,,"ghar pe beta tha, customer bahar; asli ghar Jama Masjid ke peeche hai, 2 gali aage"
VS000375,AD000062,T1,Bus Stop,LM0007,Bus Stop,-2672.6,1243.4,NEAR,0.0,0.0,-2672.6,1243.4,,"customer sikkidru, maataadide; address tappu, mane Bus Stop hattira ide"
VS000404,AD001465,T2,Masjid,LM0143,Masjid,1922.2,1715.5,NEAR,0.0,0.0,1922.2,1715.5,,"customer dukaan pe mila; address galat likha hai, ghar Masjid ke paas hai"
VS000405,AD002027,T2,Church,LM0115,Church,513.3,-3082.8,BEHIND,0.0,45.0,513.3,-3037.8,,"wife mili, bola kaam pe gaye hain; asli ghar Church ke peeche hai, 2 gali aage"
VS000431,AD000948,T3,Masidi,LM0226,Masjid,-107.4,3568.5,BEHIND,0.0,45.0,-107.4,3613.5,,"cash collect maadide, receipt kottide; nija mane Masidi hinde ide, 2 cross munde"
VS000476,AD001505,T2,Bus Stop,LM0110,Bus Stop,708.4,-3319.2,NEAR,0.0,0.0,708.4,-3319.2,,"ghar pe beta tha, customer bahar; address galat likha hai, ghar Bus Stop ke paas hai"
VS000516,AD002841,T1,Petrol Bunk,LM0040,Petrol Bunk,-1390.5,326.1,BEHIND,0.0,45.0,-1390.5,371.1,,"mane lock agide; nija mane Petrol Bunk hinde ide, 2 cross munde"
VS000522,AD002260,T1,Masidi,LM0005,Masjid,-3425.3,1304.2,NEAR,0.0,0.0,-3425.3,1304.2,,"yaaru illa, beega haakide; address tappu, mane Masidi hattira ide"
VS000575,AD002617,T3,Community Hall,LM0220,Community Hall,-3921.2,-577.0,BEHIND,0.0,45.0,-3921.2,-532.0,,"lock laga hai; asli ghar Community Hall ke peeche hai, 2 gali aage"
VS000585,AD000743,T1,Church,LM0013,Church,-834.6,-2978.5,NEAR,0.0,0.0,-834.6,-2978.5,,"ee hesarina yaaru illa illi; address tappu, mane Church hattira ide"
VS000586,AD003083,T1,Masidi,LM0005,Masjid,-3425.3,1304.2,NEAR,0.0,0.0,-3425.3,1304.2,,"mane lock agide; address tappu, mane Masidi hattira ide"
VS000595,AD001490,T1,Church,LM0013,Church,-834.6,-2978.5,BEHIND,0.0,-25.0,-834.6,-3003.5,,"premises locked, nobody home; actual house behind Church, 2 lanes ahead"
VS000611,AD002671,T2,Jama Masjid,LM0143,Masjid,1922.2,1715.5,NEAR,0.0,0.0,1922.2,1715.5,,"customer se mila, baat hui; address galat likha hai, ghar Jama Masjid ke paas hai"
VS000648,AD002685,T3,Bus Stop,LM0230,Bus Stop,-800.4,3450.6,BEHIND,0.0,45.0,-800.4,3495.6,,"customer sikkidru, maataadide; nija mane Bus Stop hinde ide, 2 cross munde"
VS000739,AD000541,T1,Hanuman Temple,LM0023,Hanuman Temple,1092.3,-419.8,BEHIND,0.0,-25.0,1092.3,-444.8,,"collected cash, receipt issued; actual house behind Hanuman Temple, 2 lanes ahead"
VS000755,AD002794,T2,Medical Store,LM0113,Medical Store,647.5,-2633.2,NEAR,0.0,0.0,647.5,-2633.2,,"wife mili, bola kaam pe gaye hain; address galat likha hai, ghar Medical Store ke paas hai"
VS000782,AD001290,T3,School,LM0235,Govt School,-1031.2,-536.6,BEHIND,0.0,-25.0,-1031.2,-561.6,,"house locked; actual house behind Government School, 2 lanes ahead"
VS000815,AD001048,T1,Masidi,LM0005,Masjid,-3425.3,1304.2,NEAR,0.0,0.0,-3425.3,1304.2,,"yaaru illa, beega haakide; address tappu, mane Masidi hattira ide"
VS000834,AD001743,T2,Bus Stop,LM0110,Bus Stop,708.4,-3319.2,NEAR,0.0,0.0,708.4,-3319.2,,"lock laga hai; address galat likha hai, ghar Bus Stop ke paas hai"
VS000904,AD002045,T2,Jama Masjid,LM0143,Masjid,1922.2,1715.5,NEAR,0.0,0.0,1922.2,1715.5,,"ghar band tha; address galat likha hai, ghar Jama Masjid ke paas hai"
VS000983,AD001857,T2,Medical Store,LM0113,Medical Store,647.5,-2633.2,NEAR,0.0,0.0,647.5,-2633.2,,"wife mili, bola kaam pe gaye hain; address galat likha hai, ghar Medical Store ke paas hai"
VS001026,AD001200,T1,Post Office,LM0008,Post Office,-2799.4,893.5,BEHIND,0.0,-25.0,-2799.4,868.5,,"met customer; actual house behind Post Office, 2 lanes ahead"
VS001142,AD002483,T2,Community Hall,LM0109,Community Hall,815.5,-2841.7,BEHIND,0.0,45.0,815.5,-2796.7,,"padosi ne bola shift ho gaye; asli ghar Community Hall ke peeche hai, 2 gali aage"
VS001186,AD002367,T1,Park,LM0053,Park,2135.9,-908.4,BEHIND,0.0,45.0,2135.9,-863.4,,"yaaru illa, beega haakide; nija mane Park hinde ide, 2 cross munde"
VS001190,AD001096,T1,Masidi,LM0005,Masjid,-3425.3,1304.2,NEAR,0.0,0.0,-3425.3,1304.2,,"avara appa jothe maataadide; address tappu, mane Masidi hattira ide"
VS001233,AD001524,T3,Church,LM0232,Church,-720.2,2971.9,BEHIND,0.0,-25.0,-720.2,2946.9,,"house vacated 2 months ago; actual house behind Church, 2 lanes ahead"
VS001285,AD000039,T2,Medical Store,LM0113,Medical Store,647.5,-2633.2,BESIDE,15.0,0.0,662.5,-2633.2,Blue gate house,"koi nahi mila, taala laga tha; blue gate wala ghar, Medical Store se right side"
VS001338,AD000586,T1,Church,LM0013,Church,-834.6,-2978.5,BEHIND,0.0,45.0,-834.6,-2933.5,,"4,000 cash collect; nija mane Church hinde ide, 2 cross munde"
VS001352,AD002261,T2,Bus Stop,LM0110,Bus Stop,708.4,-3319.2,NEAR,0.0,0.0,708.4,-3319.2,,"shift ho gaye, naya address pata nahi; address galat likha hai, ghar Bus Stop ke paas hai"
VS001368,AD001036,T3,Petrol Bunk,LM0262,Petrol Bunk,-2772.6,-349.4,BEHIND,0.0,45.0,-2772.6,-304.4,,"pakkadavaru shift aagidaare antharu; nija mane Petrol Bunk hinde ide, 2 cross munde"
VS001385,AD000177,T3,Church,LM0232,Church,-720.2,2971.9,BEHIND,0.0,-25.0,-720.2,2946.9,,"met customer at home; actual house behind Church, 2 lanes ahead"
VS001395,AD003004,T1,Milk Dairy,LM0026,Milk Dairy,1255.7,47.7,BEHIND,0.0,45.0,1255.7,92.7,,"customer maneli sikkidru; nija mane Milk Dairy hinde ide, 2 cross munde"
VS001431,AD000173,T2,Jama Masjid,LM0143,Masjid,1922.2,1715.5,NEAR,0.0,0.0,1922.2,1715.5,,"lock laga hai; address galat likha hai, ghar Jama Masjid ke paas hai"
VS001442,AD000397,T3,Post Office,LM0243,Post Office,-764.5,-471.1,BEHIND,0.0,-25.0,-764.5,-496.1,,"met customer at home; actual house behind Post Office, 2 lanes ahead"
VS001448,AD000079,T3,Church,LM0232,Church,-720.2,2971.9,BEHIND,0.0,45.0,-720.2,3016.9,,"ghar pe beta tha, customer bahar; asli ghar Church ke peeche hai, 2 gali aage"
VS001458,AD002509,T3,Masidi,LM0226,Masjid,-107.4,3568.5,NEAR,0.0,0.0,-107.4,3568.5,,"avara hendathi sikkidru, kelsakke hogidaare antharu; address tappu, mane Masidi hattira ide"
VS001460,AD001433,T1,Hanuman Temple,LM0023,Hanuman Temple,1092.3,-419.8,BEHIND,0.0,-25.0,1092.3,-444.8,,"premises locked, nobody home; actual house behind Hanuman Temple, 2 lanes ahead"
VS001461,AD001509,T1,Milk Dairy,LM0026,Milk Dairy,1255.7,47.7,BEHIND,0.0,-25.0,1255.7,22.7,,"met father, will pass message; actual house behind Milk Dairy, 2 lanes ahead"
VS001465,AD002808,T1,Masjid,LM0005,Masjid,-3425.3,1304.2,BEHIND,0.0,-25.0,-3425.3,1279.2,,"met customer; actual house behind Masjid, 2 lanes ahead"
VS001498,AD000600,T2,Medical Store,LM0113,Medical Store,647.5,-2633.2,BESIDE,15.0,0.0,662.5,-2633.2,Blue gate house,"ghar band tha; blue gate wala ghar, Medical Store se right side"
VS001506,AD000365,T2,Medical Store,LM0113,Medical Store,647.5,-2633.2,BESIDE,15.0,0.0,662.5,-2633.2,Blue gate house,"father se baat hui, message de denge; blue gate wala ghar, Medical Store se right side"
VS001560,AD002762,T1,Medical Store,LM0011,Medical Store,-1249.4,-3317.3,BEHIND,0.0,-25.0,-1249.4,-3342.3,,"met customer; actual house behind Medical Store, 2 lanes ahead"
VS001681,AD001078,T3,Hanuman Temple,LM0219,Hanuman Temple,-3990.5,-1086.5,BEHIND,0.0,-25.0,-3990.5,-1111.5,,"met customer, promised by ; actual house behind Hanuman Temple, 2 lanes ahead"
VS001692,AD000200,T1,Park,LM0053,Park,2135.9,-908.4,NEAR,0.0,0.0,2135.9,-908.4,,"customer sikkidru, maataadide; address tappu, mane Park hattira ide"
VS001703,AD000602,T1,Bus Stop,LM0007,Bus Stop,-2672.6,1243.4,BEHIND,0.0,-25.0,-2672.6,1218.4,,"met spouse, customer at work; actual house behind Bus Stop, 2 lanes ahead"
VS001709,AD001200,T1,Post Office,LM0008,Post Office,-2799.4,893.5,BEHIND,0.0,45.0,-2799.4,938.5,,"yaaru illa, beega haakide; nija mane Post Office hinde ide, 2 cross munde"
VS001786,AD002401,T2,Bus Stop,LM0110,Bus Stop,708.4,-3319.2,NEAR,0.0,0.0,708.4,-3319.2,,"father se baat hui, message de denge; address galat likha hai, ghar Bus Stop ke paas hai"
VS001835,AD002367,T1,Park,LM0053,Park,2135.9,-908.4,NEAR,0.0,0.0,2135.9,-908.4,,"avara appa jothe maataadide; address tappu, mane Park hattira ide"
VS001838,AD001096,T1,Masidi,LM0005,Masjid,-3425.3,1304.2,BEHIND,0.0,45.0,-3425.3,1349.2,,"avara hendathi sikkidru, kelsakke hogidaare antharu; nija mane Masidi hinde ide, 2 cross munde"
VS001850,AD002882,T1,Church,LM0013,Church,-834.6,-2978.5,BEHIND,0.0,45.0,-834.6,-2933.5,,"customer maneli sikkidru; nija mane Church hinde ide, 2 cross munde"
VS001851,AD002606,T1,Church,LM0013,Church,-834.6,-2978.5,NEAR,0.0,0.0,-834.6,-2978.5,,"avara appa jothe maataadide; address tappu, mane Church hattira ide"
VS001892,AD002636,T3,Bus Stop,LM0230,Bus Stop,-800.4,3450.6,BEHIND,0.0,45.0,-800.4,3495.6,,"lock laga hai; asli ghar Bus Stop ke peeche hai, 2 gali aage"
VS001910,AD000904,T1,Ganesh Temple,LM0004,Ganesh Temple,-3155.2,823.8,BEHIND,0.0,-25.0,-3155.2,798.8,,"met customer at home; actual house behind Ganesh Temple, 2 lanes ahead"
VS002071,AD001833,T2,Medical Store,LM0113,Medical Store,647.5,-2633.2,BESIDE,15.0,0.0,662.5,-2633.2,Blue gate house,"padosi ne bola shift ho gaye; blue gate wala ghar, Medical Store se right side"
VS002124,AD000129,T1,Bus Stop,LM0007,Bus Stop,-2672.6,1243.4,BEHIND,0.0,45.0,-2672.6,1288.4,,"avara appa jothe maataadide; nija mane Bus Stop hinde ide, 2 cross munde"
VS002214,AD000430,T2,Church,LM0115,Church,513.3,-3082.8,BESIDE,15.0,0.0,528.3,-3082.8,Blue gate house,"customer se mila, baat hui; blue gate wala ghar, Church se right side"
VS002326,AD000154,T3,Park,LM0233,Park,-768.2,3483.0,BEHIND,0.0,-25.0,-768.2,3458.0,,"met customer at home; actual house behind Park, 2 lanes ahead"
VS002348,AD001154,T1,Petrol Bunk,LM0040,Petrol Bunk,-1390.5,326.1,NEAR,0.0,0.0,-1390.5,326.1,,"avara appa jothe maataadide; address tappu, mane Petrol Bunk hattira ide"
VS002497,AD002367,T1,Park,LM0053,Park,2135.9,-908.4,BEHIND,0.0,-25.0,2135.9,-933.4,,"premises locked, nobody home; actual house behind Park, 2 lanes ahead"
VS002500,AD000517,T1,Ganesh Temple,LM0004,Ganesh Temple,-3155.2,823.8,BEHIND,0.0,-25.0,-3155.2,798.8,,"met customer at home; actual house behind Ganesh Temple, 2 lanes ahead"
VS002640,AD001991,T1,Church,LM0013,Church,-834.6,-2978.5,NEAR,0.0,0.0,-834.6,-2978.5,,"yaaru illa, beega haakide; address tappu, mane Church hattira ide"
VS002673,AD002609,T3,Jama Masjid,LM0226,Masjid,-107.4,3568.5,NEAR,0.0,0.0,-107.4,3568.5,,"koi nahi mila, taala laga tha; address galat likha hai, ghar Jama Masjid ke paas hai"
VS002675,AD000451,T3,Jama Masjid,LM0226,Masjid,-107.4,3568.5,BESIDE,15.0,0.0,-92.4,3568.5,Blue gate house,"customer ghar pe mila; blue gate wala ghar, Jama Masjid se right side"
VS002697,AD001469,T3,Masidi,LM0226,Masjid,-107.4,3568.5,NEAR,0.0,0.0,-107.4,3568.5,,"yaaru illa, beega haakide; address tappu, mane Masidi hattira ide"
VS002707,AD001236,T1,Milk Dairy,LM0026,Milk Dairy,1255.7,47.7,BEHIND,0.0,45.0,1255.7,92.7,,"mane lock agide; nija mane Milk Dairy hinde ide, 2 cross munde"
VS002718,AD000740,T1,Park,LM0053,Park,2135.9,-908.4,BEHIND,0.0,45.0,2135.9,-863.4,,"yaaru illa, beega haakide; nija mane Park hinde ide, 2 cross munde"
VS002750,AD002034,T2,Post Office,LM0125,Post Office,933.9,299.4,BESIDE,15.0,0.0,948.9,299.4,Blue gate house,"father se baat hui, message de denge; blue gate wala ghar, Post Office se right side"
VS002779,AD001630,T1,Church,LM0013,Church,-834.6,-2978.5,NEAR,0.0,0.0,-834.6,-2978.5,,"yaaru illa, beega haakide; address tappu, mane Church hattira ide"
VS002836,AD001756,T3,Church,LM0232,Church,-720.2,2971.9,BEHIND,0.0,45.0,-720.2,3016.9,,"shift ho gaye, naya address pata nahi; asli ghar Church ke peeche hai, 2 gali aage"
VS002871,AD003035,T1,Bus Stop,LM0007,Bus Stop,-2672.6,1243.4,BEHIND,0.0,-25.0,-2672.6,1218.4,,"met spouse, customer at work; actual house behind Bus Stop, 2 lanes ahead"
VS002938,AD002217,T1,Water Tank,LM0031,Water Tank,340.1,-3069.3,BEHIND,0.0,-25.0,340.1,-3094.3,,"met customer; actual house behind Water Tank, 2 lanes ahead"
VS002966,AD003008,T2,Medical Store,LM0113,Medical Store,647.5,-2633.2,NEAR,0.0,0.0,647.5,-2633.2,,"ghar band tha; address galat likha hai, ghar Medical Store ke paas hai"
VS002974,AD000154,T3,Park,LM0233,Park,-768.2,3483.0,NEAR,0.0,0.0,-768.2,3483.0,,"mane lock agide; address tappu, mane Park hattira ide"
VS002975,AD001458,T3,Bus Stop,LM0230,Bus Stop,-800.4,3450.6,NEAR,0.0,0.0,-800.4,3450.6,,"customer maneli sikkidru; address tappu, mane Bus Stop hattira ide"
VS002978,AD002333,T3,Post Office,LM0243,Post Office,-764.5,-471.1,BEHIND,0.0,45.0,-764.5,-426.1,,"customer sikkidru,  olage kodtini andru; nija mane Post Office hinde ide, 2 cross munde"
VS003001,AD000062,T1,Bus Stop,LM0007,Bus Stop,-2672.6,1243.4,BEHIND,0.0,45.0,-2672.6,1288.4,,"customer angadi nalli sikkidru; nija mane Bus Stop hinde ide, 2 cross munde"
VS003083,AD002606,T1,Church,LM0013,Church,-834.6,-2978.5,BEHIND,0.0,-25.0,-834.6,-3003.5,,"met customer, promised by 26/05; actual house behind Church, 2 lanes ahead"
VS003085,AD001677,T1,Church,LM0013,Church,-834.6,-2978.5,BEHIND,0.0,45.0,-834.6,-2933.5,,"customer maneli sikkidru; nija mane Church hinde ide, 2 cross munde"
VS003118,AD002252,T3,Bus Stop,LM0230,Bus Stop,-800.4,3450.6,NEAR,0.0,0.0,-800.4,3450.6,,"avara appa jothe maataadide; address tappu, mane Bus Stop hattira ide"
VS003158,AD002124,T1,Masidi,LM0005,Masjid,-3425.3,1304.2,NEAR,0.0,0.0,-3425.3,1304.2,,"avara appa jothe maataadide; address tappu, mane Masidi hattira ide"
VS003165,AD002576,T2,Jama Masjid,LM0143,Masjid,1922.2,1715.5,NEAR,0.0,0.0,1922.2,1715.5,,"lock laga hai; address galat likha hai, ghar Jama Masjid ke paas hai"
VS003348,AD000943,T3,Church,LM0232,Church,-720.2,2971.9,NEAR,0.0,0.0,-720.2,2971.9,,"avara hendathi sikkidru, kelsakke hogidaare antharu; address tappu, mane Church hattira ide"
VS003352,AD002229,T3,Masjid,LM0226,Masjid,-107.4,3568.5,BESIDE,15.0,0.0,-92.4,3568.5,Blue gate house,"lock laga hai; blue gate wala ghar, Masjid se right side"
VS003446,AD001087,T1,Govt School,LM0017,Govt School,-1114.9,-3404.5,BEHIND,0.0,-25.0,-1114.9,-3429.5,,"house locked; actual house behind Govt School, 2 lanes ahead"
VS003599,AD001651,T1,Church,LM0013,Church,-834.6,-2978.5,BEHIND,0.0,-25.0,-834.6,-3003.5,,"premises locked, nobody home; actual house behind Church, 2 lanes ahead"
VS003665,AD000971,T1,Ganesh Temple,LM0004,Ganesh Temple,-3155.2,823.8,BEHIND,0.0,-25.0,-3155.2,798.8,,"met father, will pass message; actual house behind Ganesh Temple, 2 lanes ahead"
VS003668,AD002189,T1,Bus Stop,LM0007,Bus Stop,-2672.6,1243.4,BEHIND,0.0,-25.0,-2672.6,1218.4,,"met customer; actual house behind Bus Stop, 2 lanes ahead"
VS003756,AD002123,T2,Church,LM0115,Church,513.3,-3082.8,BESIDE,15.0,0.0,528.3,-3082.8,Blue gate house,"customer ghar pe mila; blue gate wala ghar, Church se right side"
VS003765,AD000178,T2,Church,LM0115,Church,513.3,-3082.8,NEAR,0.0,0.0,513.3,-3082.8,,"ghar band tha; address galat likha hai, ghar Church ke paas hai"
VS003769,AD000587,T3,Masidi,LM0226,Masjid,-107.4,3568.5,NEAR,0.0,0.0,-107.4,3568.5,,"mane lock agide; address tappu, mane Masidi hattira ide"
VS003820,AD002574,T2,Medical Store,LM0113,Medical Store,647.5,-2633.2,BEHIND,0.0,45.0,647.5,-2588.2,,"padosi ne bola shift ho gaye; asli ghar Medical Store ke peeche hai, 2 gali aage"
VS003853,AD000239,T3,Jama Masjid,LM0226,Masjid,-107.4,3568.5,BEHIND,0.0,45.0,-107.4,3613.5,,"shift ho gaye, naya address pata nahi; asli ghar Jama Masjid ke peeche hai, 2 gali aage"
VS003873,AD000286,T1,Church,LM0013,Church,-834.6,-2978.5,BEHIND,0.0,-25.0,-834.6,-3003.5,,"met customer; actual house behind Church, 2 lanes ahead"
VS003996,AD001430,T2,Bus Stop,LM0110,Bus Stop,708.4,-3319.2,NEAR,0.0,0.0,708.4,-3319.2,,"father se baat hui, message de denge; address galat likha hai, ghar Bus Stop ke paas hai"
VS004012,AD002546,T3,Post Office,LM0243,Post Office,-764.5,-471.1,BEHIND,0.0,-25.0,-764.5,-496.1,,"house locked; actual house behind Post Office, 2 lanes ahead"
VS004035,AD000919,T1,Milk Dairy,LM0026,Milk Dairy,1255.7,47.7,NEAR,0.0,0.0,1255.7,47.7,,"customer maneli sikkidru; address tappu, mane Milk Dairy hattira ide"
VS004070,AD001254,T2,Bus Stop,LM0110,Bus Stop,708.4,-3319.2,BEHIND,0.0,45.0,708.4,-3274.2,,"ghar band tha; asli ghar Bus Stop ke peeche hai, 2 gali aage"
VS004202,AD002912,T2,Bus Stop,LM0110,Bus Stop,708.4,-3319.2,BESIDE,15.0,0.0,723.4,-3319.2,Blue gate house,"customer se mila, baat hui; blue gate wala ghar, Bus Stop se right side"
VS004239,AD000253,T1,Bus Stop,LM0007,Bus Stop,-2672.6,1243.4,NEAR,0.0,0.0,-2672.6,1243.4,,"cash collect maadide, receipt kottide; address tappu, mane Bus Stop hattira ide"
VS004325,AD002357,T2,Post Office,LM0125,Post Office,933.9,299.4,BESIDE,15.0,0.0,948.9,299.4,Blue gate house,"customer mila, bola  tak karega; blue gate wala ghar, Post Office se right side"
VS004359,AD001330,T3,Post Office,LM0243,Post Office,-764.5,-471.1,BESIDE,15.0,0.0,-749.5,-471.1,Blue gate house,"neighbour bola 2 mahine pehle ghar khali kar diya; blue gate wala ghar, Post Office se right side"
VS004405,AD002788,T2,Community Hall,LM0109,Community Hall,815.5,-2841.7,NEAR,0.0,0.0,815.5,-2841.7,,"shift ho gaye, naya address pata nahi; address galat likha hai, ghar Community Hall ke paas hai"
VS004410,AD001689,T2,Church,LM0115,Church,513.3,-3082.8,BESIDE,15.0,0.0,528.3,-3082.8,Blue gate house,"customer mila, bola 11/06 tak karega; blue gate wala ghar, Church se right side"
VS004498,AD001466,T3,Bus Stop,LM0230,Bus Stop,-800.4,3450.6,BEHIND,0.0,45.0,-800.4,3495.6,,"avara hendathi sikkidru, kelsakke hogidaare antharu; nija mane Bus Stop hinde ide, 2 cross munde"
VS004564,AD000868,T2,Post Office,LM0125,Post Office,933.9,299.4,NEAR,0.0,0.0,933.9,299.4,,"wife mili, bola kaam pe gaye hain; address galat likha hai, ghar Post Office ke paas hai"
VS004605,AD001239,T1,Church,LM0013,Church,-834.6,-2978.5,BEHIND,0.0,45.0,-834.6,-2933.5,,"yaaru illa, beega haakide; nija mane Church hinde ide, 2 cross munde"
VS004645,AD002635,T3,Water Tank,LM0224,Water Tank,-4072.0,-1017.3,BEHIND,0.0,-25.0,-4072.0,-1042.3,,"house locked; actual house behind Water Tank, 2 lanes ahead"
VS004675,AD001479,T1,Milk Dairy,LM0026,Milk Dairy,1255.7,47.7,BEHIND,0.0,45.0,1255.7,92.7,,"avara hendathi sikkidru, kelsakke hogidaare antharu; nija mane Milk Dairy hinde ide, 2 cross munde"
VS004700,AD000897,T2,Medical Store,LM0113,Medical Store,647.5,-2633.2,BESIDE,15.0,0.0,662.5,-2633.2,Blue gate house,"customer ghar pe mila; blue gate wala ghar, Medical Store se right side"
VS004802,AD003099,T1,Children Park,LM0053,Park,2135.9,-908.4,BEHIND,0.0,-25.0,2135.9,-933.4,,"met customer at shop; actual house behind Children Park, 2 lanes ahead"
VS004815,AD001160,T1,Petrol Bunk,LM0040,Petrol Bunk,-1390.5,326.1,BEHIND,0.0,45.0,-1390.5,371.1,,"avara appa jothe maataadide; nija mane Petrol Bunk hinde ide, 2 cross munde"
VS004827,AD002459,T2,Medical Store,LM0113,Medical Store,647.5,-2633.2,NEAR,0.0,0.0,647.5,-2633.2,,"ghar pe beta tha, customer bahar; address galat likha hai, ghar Medical Store ke paas hai"
VS004843,AD000662,T3,Park,LM0233,Park,-768.2,3483.0,NEAR,0.0,0.0,-768.2,3483.0,,"yaaru illa, beega haakide; address tappu, mane Park hattira ide"
VS004857,AD002150,T3,Hanuman Temple,LM0219,Hanuman Temple,-3990.5,-1086.5,BEHIND,0.0,-25.0,-3990.5,-1111.5,,"met father, will pass message; actual house behind Hanuman Temple, 2 lanes ahead"
VS004869,AD002171,T1,Church,LM0013,Church,-834.6,-2978.5,NEAR,0.0,0.0,-834.6,-2978.5,,"avara appa jothe maataadide; address tappu, mane Church hattira ide"
VS004885,AD001021,T1,School,LM0017,Govt School,-1114.9,-3404.5,BEHIND,0.0,-25.0,-1114.9,-3429.5,,"met customer at shop; actual house behind Government School, 2 lanes ahead"
VS004955,AD000199,T1,Hanuman Temple,LM0023,Hanuman Temple,1092.3,-419.8,BEHIND,0.0,-25.0,1092.3,-444.8,,"met customer; actual house behind Hanuman Temple, 2 lanes ahead"
VS005038,AD001136,T2,Park,LM0126,Park,1063.8,-332.3,BEHIND,0.0,45.0,1063.8,-287.3,,"ghar band tha; asli ghar Park ke peeche hai, 2 gali aage"
VS005050,AD000915,T3,Milk Dairy,LM0234,Milk Dairy,-386.8,3422.8,BEHIND,0.0,45.0,-386.8,3467.8,,"pakkadavaru shift aagidaare antharu; nija mane Milk Dairy hinde ide, 2 cross munde"
VS005083,AD002461,T1,Masidi,LM0005,Masjid,-3425.3,1304.2,NEAR,0.0,0.0,-3425.3,1304.2,,"avara appa jothe maataadide; address tappu, mane Masidi hattira ide"
VS005229,AD001546,T1,Bus Stop,LM0007,Bus Stop,-2672.6,1243.4,NEAR,0.0,0.0,-2672.6,1243.4,,"avara hendathi sikkidru, kelsakke hogidaare antharu; address tappu, mane Bus Stop hattira ide"
VS005268,AD000031,T3,Milk Dairy,LM0234,Milk Dairy,-386.8,3422.8,BEHIND,0.0,-25.0,-386.8,3397.8,,"met spouse, customer at work; actual house behind Milk Dairy, 2 lanes ahead"
VS005391,AD000247,T1,Hanuman Temple,LM0023,Hanuman Temple,1092.3,-419.8,BEHIND,0.0,-25.0,1092.3,-444.8,,"house vacated 2 months ago; actual house behind Hanuman Temple, 2 lanes ahead"
VS005449,AD000253,T1,Bus Stop,LM0007,Bus Stop,-2672.6,1243.4,NEAR,0.0,0.0,-2672.6,1243.4,,"customer maneli sikkidru; address tappu, mane Bus Stop hattira ide"
VS005458,AD001034,T1,Bus Stop,LM0007,Bus Stop,-2672.6,1243.4,BESIDE,15.0,0.0,-2657.6,1243.4,,"pakkadavaru shift aagidaare antharu; address tappu, mane Bus Stop hattira ide"
VS005520,AD002641,T1,Post Office,LM0008,Post Office,-2799.4,893.5,BEHIND,0.0,45.0,-2799.4,938.5,,"mane lock agide; nija mane Post Office hinde ide, 2 cross munde"
