address_id,visit_px,visit_py,n_good_visits,visit_tier,remark_confidence,visit_spread_m
AD000001,1210.3,-180.3,3,visits_agree,0.2,42.3
AD000002,-2449.8,-2068.9,1,visit_1,0.819,0.0
AD000009,3055.6,-2277.8,1,visit_1,0.3,0.0
AD000012,-656.8,-545.4,6,visits_agree,0.83,19.2
AD000015,1208.0,-178.9,1,visit_1,0.2,0.0
AD000016,754.5,2396.6,9,visits_disagree,0.85,247.9
AD000017,-1022.1,3006.8,2,visits_agree,0.2,43.0
AD000018,643.2,2392.9,4,visits_agree,0.85,8.0
AD000019,-3064.3,177.9,1,visit_1,0.2,0.0
AD000023,-2953.6,-18.5,6,visits_disagree,0.832,270.6
AD000027,910.0,2918.2,7,visits_disagree,0.2,294.0
AD000030,2944.0,-1697.5,2,visits_disagree,0.425,192.0
AD000031,2970.1,-2451.2,3,visits_agree,0.83,34.7
AD000032,1771.6,-1801.9,7,visits_disagree,0.85,212.1
AD000037,551.3,-3238.9,3,visits_disagree,0.2,303.2
AD000039,-580.8,2531.2,2,visits_agree,0.832,29.7
AD000040,829.8,-2924.8,1,visit_1,0.2,0.0
AD000041,-608.9,-1093.3,1,visit_1,0.2,0.0
AD000043,3933.3,713.6,5,visits_agree,0.3,30.3
AD000047,-2453.3,1198.7,8,visits_agree,0.83,43.3
AD000049,762.1,2394.1,8,visits_agree,0.2,83.7
AD000060,3796.8,101.1,4,visits_agree,0.2,82.2
AD000062,598.9,-3085.9,6,visits_disagree,0.83,273.1
AD000066,1156.7,-195.0,4,visits_agree,0.819,27.2
AD000068,3350.2,460.6,2,visits_agree,0.425,6.8
AD000069,721.6,-3436.7,8,visits_disagree,0.85,388.2
AD000075,2769.5,-2331.1,5,visits_disagree,0.819,5188.4
AD000076,986.0,1450.3,1,visit_1,0.2,0.0
AD000078,-2525.2,-129.5,5,visits_disagree,0.3,175.4
AD000079,989.0,-1188.0,2,visits_agree,0.83,4.0
AD000081,-734.7,-874.5,2,visits_agree,0.2,8.2
AD000082,4024.7,318.4,1,visit_1,0.2,0.0
AD000085,345.3,-3110.2,1,visit_1,0.2,0.0
AD000086,2544.5,-1379.4,3,visits_agree,0.2,17.5
AD000088,-475.7,3169.9,6,visits_disagree,0.2,105.8
AD000094,-2657.2,-180.7,5,visits_agree,0.2,18.2
AD000096,3366.7,542.5,7,visits_disagree,0.85,215.0
AD000098,-2494.9,1358.7,3,visits_agree,0.2,5.0
AD000099,-351.8,-422.6,5,visits_disagree,0.85,1966.9
AD000100,2831.7,-2084.1,7,visits_agree,0.85,44.5
AD000105,-681.9,-60.5,4,visits_agree,0.807,4.2
AD000106,-3093.9,953.8,1,visit_1,0.83,0.0
AD000111,2702.3,1144.4,2,visits_disagree,0.2,218.2
AD000114,2684.1,-1873.7,5,visits_agree,0.2,32.9
AD000126,909.3,-3205.0,2,visits_agree,0.2,9.5
AD000129,3227.5,-1945.3,8,visits_disagree,0.398,227.1
AD000130,1829.1,-1073.1,1,visit_1,0.2,0.0
AD000133,-3966.5,-1155.9,1,visit_1,0.819,0.0
AD000135,808.6,-2608.7,4,visits_disagree,0.85,125.0
AD000137,-2368.4,-530.6,2,visits_agree,0.832,16.3
AD000138,621.5,-3082.5,8,visits_disagree,0.2,254.4
AD000142,3981.7,774.2,6,visits_disagree,0.85,189.2
AD000146,644.2,2394.9,2,visits_agree,0.2,75.1
AD000147,1003.0,2866.1,2,visits_agree,0.2,6.4
AD000150,2462.0,-1135.2,6,visits_disagree,0.85,273.3
AD000151,-749.2,3343.4,2,visits_agree,0.85,26.7
AD000152,2674.5,-1106.6,2,visits_agree,0.85,16.6
AD000153,-2348.8,-131.6,5,visits_disagree,0.2,123.5
AD000154,3569.6,-2276.7,3,visits_agree,0.83,8.1
AD000155,1168.2,-598.5,6,visits_agree,0.2,31.5
AD000159,-2837.8,-104.2,3,visits_agree,0.85,4.0
AD000163,-717.4,2785.1,1,visit_1,0.2,0.0
AD000165,3311.0,698.1,1,visit_1,0.2,0.0
AD000166,2801.0,950.0,1,visit_1,0.85,0.0
AD000169,3294.1,-2167.3,3,visits_disagree,0.2,153.1
AD000170,-2226.4,0.2,1,visit_1,0.2,0.0
AD000172,-2203.5,-2691.8,4,visits_agree,0.85,33.9
AD000173,1442.4,-2344.8,8,visits_agree,0.819,2.1
AD000175,1774.9,-2196.7,1,visit_1,0.819,0.0
AD000176,847.8,-2714.1,2,visits_agree,0.832,12.8
AD000177,-487.5,2891.6,1,visit_1,0.83,0.0
AD000178,1097.1,190.2,2,visits_agree,0.795,26.3
AD000180,-2231.4,-2703.7,1,visit_1,0.2,0.0
AD000181,2949.1,651.6,1,visit_1,0.2,0.0
AD000187,1003.6,1283.9,2,visits_agree,0.85,6.4
AD000189,3604.5,69.5,1,visit_1,0.2,0.0
AD000191,-3526.6,-916.3,1,visit_1,0.2,0.0
AD000192,1551.7,-183.9,1,visit_1,0.2,0.0
AD000194,-1238.4,-2813.1,1,visit_1,0.2,0.0
AD000195,2071.7,1355.9,1,visit_1,0.2,0.0
AD000197,-2679.3,-139.7,7,visits_disagree,0.2,293.8
AD000198,-487.0,3169.1,5,visits_agree,0.2,37.7
AD000199,1115.4,-558.6,1,visit_1,0.83,0.0
AD000200,374.5,-2878.9,1,visit_1,0.795,0.0
AD000201,1541.4,1225.3,1,visit_1,0.2,0.0
AD000202,3562.0,-1789.0,1,visit_1,0.85,0.0
AD000203,2597.5,-2481.0,3,visits_disagree,0.2,124.1
AD000204,992.9,2516.3,5,visits_agree,0.85,11.5
AD000216,-4412.7,-834.9,2,visits_disagree,0.2,382.6
AD000220,1448.9,-467.5,5,visits_agree,0.2,79.0
AD000221,769.9,-602.6,2,visits_disagree,0.2,131.1
AD000223,1938.0,-2134.9,8,visits_disagree,0.832,256.4
AD000227,1158.8,-1192.6,5,visits_disagree,0.2,144.2
AD000228,3808.8,-113.1,4,visits_disagree,0.2,369.1
AD000231,211.8,2554.7,2,visits_agree,0.819,29.7
AD000233,890.5,-778.8,2,visits_agree,0.85,0.7
AD000235,-3557.8,-771.9,1,visit_1,0.2,0.0
AD000236,2638.8,-1993.3,1,visit_1,0.2,0.0
AD000237,-3259.5,1123.9,1,visit_1,0.2,0.0
AD000238,-2861.5,994.8,8,visits_agree,0.2,46.3
AD000239,1075.4,-666.9,5,visits_disagree,0.85,181.6
AD000247,817.6,-579.6,3,visits_agree,0.83,14.8
AD000251,-1284.4,703.7,2,visits_disagree,0.2,252.6
AD000253,540.2,-2857.1,4,visits_agree,0.819,76.9
AD000255,2370.0,922.7,3,visits_agree,0.2,36.1
AD000257,3054.1,-2283.8,2,visits_disagree,0.2,131.1
AD000258,-672.1,-3401.8,2,visits_agree,0.819,40.2
AD000259,2834.8,-2357.2,1,visit_1,0.2,0.0
AD000260,1032.4,-447.8,3,visits_disagree,0.2,160.3
AD000267,2464.8,-1135.8,1,visit_1,0.819,0.0
AD000268,986.3,3042.7,2,visits_agree,0.2,34.2
AD000272,-2367.0,-524.9,1,visit_1,0.85,0.0
AD000275,1713.0,-2106.1,1,visit_1,0.85,0.0
AD000279,-4108.9,-675.7,1,visit_1,0.2,0.0
AD000280,1261.2,-1087.1,1,visit_1,0.2,0.0
AD000281,991.1,-2735.6,1,visit_1,0.819,0.0
AD000284,-443.3,3063.9,4,visits_disagree,0.2,217.4
AD000285,381.0,2789.5,2,visits_agree,0.85,18.5
AD000286,408.0,-3326.4,5,visits_agree,0.83,93.5
AD000287,2773.6,-2407.4,7,visits_disagree,0.819,161.7
AD000288,-3043.0,-595.3,2,visits_agree,0.819,24.2
AD000290,2820.9,142.7,4,visits_agree,0.832,43.0
AD000292,433.6,2325.6,1,visit_1,0.819,0.0
AD000293,2581.4,624.1,1,visit_1,0.2,0.0
AD000303,3577.4,607.2,4,visits_disagree,0.819,192.7
AD000307,-2834.0,997.2,1,visit_1,0.2,0.0
AD000309,2775.7,-1821.1,5,visits_disagree,0.425,197.1
AD000314,2498.7,-2131.9,3,visits_agree,0.83,38.7
AD000316,2397.2,-2148.9,6,visits_disagree,0.2,292.8
AD000320,2022.3,-917.1,1,visit_1,0.2,0.0
AD000322,3013.6,-2444.7,2,visits_disagree,0.425,304.2
AD000323,-2567.3,1819.5,5,visits_agree,0.2,63.2
AD000324,-2643.8,1717.4,8,visits_disagree,0.807,100.8
AD000328,304.3,-2877.1,4,visits_agree,0.3,11.5
AD000330,2659.9,-1165.9,1,visit_1,0.83,0.0
AD000336,1155.6,-2034.6,3,visits_agree,0.2,10.5
AD000337,1487.5,-2029.7,3,visits_agree,0.2,65.2
AD000338,1214.1,-2013.8,3,visits_agree,0.2,9.4
AD000342,3555.7,-35.7,2,visits_agree,0.83,3.5
AD000348,-834.7,-870.0,1,visit_1,0.819,0.0
AD000354,965.5,-1038.4,3,visits_disagree,0.83,353.0
AD000355,692.6,-3291.6,8,visits_disagree,0.832,276.4
AD000358,655.6,95.2,2,visits_disagree,0.85,238.8
AD000359,-2457.3,-2639.7,3,visits_agree,0.2,23.1
AD000360,3067.5,-2377.9,6,visits_disagree,0.85,247.5
AD000363,2713.8,-2619.2,4,visits_agree,0.2,3.8
AD000364,877.3,-3391.8,1,visit_1,0.2,0.0
AD000365,3084.0,541.1,2,visits_agree,0.807,4.6
AD000369,718.5,-3219.0,7,visits_disagree,0.85,3092.1
AD000379,-1949.9,-2521.8,7,visits_disagree,0.85,282.3
AD000385,2660.2,-1167.0,2,visits_agree,0.85,21.6
AD000386,1345.3,156.2,2,visits_agree,0.83,0.6
AD000387,-405.0,1732.2,4,visits_disagree,0.807,167.1
AD000389,2833.5,-1777.0,3,visits_agree,0.2,38.9
AD000397,3101.8,-1958.1,5,visits_agree,0.83,61.5
AD000398,-2287.0,1348.6,1,visit_1,0.2,0.0
AD000400,-1956.8,-2726.4,1,visit_1,0.2,0.0
AD000404,2990.9,983.9,2,visits_agree,0.2,8.7
AD000407,2430.3,-767.2,1,visit_1,0.2,0.0
AD000412,1339.6,-2136.4,7,visits_disagree,0.85,120.5
AD000419,1923.8,-2314.7,2,visits_agree,0.2,32.8
AD000420,3074.8,-1258.3,4,visits_agree,0.2,35.8
AD000424,2904.3,331.2,9,visits_disagree,0.85,210.4
AD000426,836.8,-1185.4,2,visits_agree,0.83,1.8
AD000427,-1126.2,-332.0,1,visit_1,0.2,0.0
AD000428,2891.6,-2724.9,2,visits_agree,0.2,27.0
AD000430,1708.0,-1992.9,3,visits_disagree,0.832,284.9
AD000433,4116.0,116.3,3,visits_disagree,0.2,281.8
AD000441,2564.7,924.2,1,visit_1,0.2,0.0
AD000443,1768.7,-1818.9,3,visits_agree,0.2,30.0
AD000444,2629.1,-1674.2,1,visit_1,0.2,0.0
AD000446,-619.4,-3778.5,1,visit_1,0.2,0.0
AD000451,999.0,-490.9,5,visits_agree,0.85,37.7
AD000456,-217.8,-371.9,1,visit_1,0.819,0.0
AD000460,2834.6,-1282.4,6,visits_agree,0.807,13.6
AD000465,-2655.6,-56.4,2,visits_agree,0.85,13.5
AD000467,-881.1,-3312.0,1,visit_1,0.85,0.0
AD000469,767.4,-2763.0,1,visit_1,0.83,0.0
AD000471,-3828.4,-1132.5,1,visit_1,0.2,0.0
AD000472,-315.9,-105.8,6,visits_disagree,0.85,221.4
AD000473,1416.8,-1898.8,2,visits_agree,0.2,5.9
AD000475,2587.7,-2244.3,7,visits_disagree,0.83,328.3
AD000477,-2071.2,-2036.9,2,visits_agree,0.795,12.3
AD000484,-2042.8,1690.4,3,visits_agree,0.795,45.7
AD000488,1238.0,219.5,6,visits_agree,0.819,31.2
AD000495,2897.1,-1407.9,2,visits_agree,0.807,64.0
AD000497,-2756.4,1494.8,2,visits_disagree,0.2,263.8
AD000498,970.8,-341.6,1,visit_1,0.2,0.0
AD000504,2932.3,-2068.3,2,visits_disagree,0.83,215.0
AD000508,-2119.1,1720.4,1,visit_1,0.2,0.0
AD000513,-2715.1,1278.0,1,visit_1,0.2,0.0
AD000517,2104.3,615.8,3,visits_agree,0.83,23.4
AD000521,-852.8,-3859.5,1,visit_1,0.795,0.0
AD000524,2605.9,-1661.5,8,visits_agree,0.795,30.3
AD000526,1154.4,-557.3,4,visits_agree,0.2,59.3
AD000529,2820.1,-2101.1,5,visits_agree,0.85,19.6
AD000530,-1146.6,-3085.8,3,visits_agree,0.85,74.7
AD000531,1290.7,-2464.4,3,visits_agree,0.2,36.3
AD000532,1366.7,-774.0,2,visits_agree,0.3,39.1
AD000533,-2581.0,-176.7,1,visit_1,0.83,0.0
AD000534,3959.6,718.4,3,visits_agree,0.2,14.7
AD000535,3704.3,109.3,2,visits_agree,0.2,9.2
AD000538,1283.2,-1764.8,4,visits_agree,0.2,5.3
AD000539,2682.0,-941.8,2,visits_disagree,0.819,132.4
AD000541,2649.9,-2478.3,7,visits_agree,0.85,67.1
AD000550,864.6,-3087.8,1,visit_1,0.2,0.0
AD000553,1664.2,-1600.1,1,visit_1,0.795,0.0
AD000556,3816.8,200.9,1,visit_1,0.2,0.0
AD000560,1291.6,-2463.5,5,visits_agree,0.85,15.2
AD000561,-637.1,-3108.0,1,visit_1,0.2,0.0
AD000562,-746.4,-3254.8,1,visit_1,0.2,0.0
AD000563,3004.2,-2521.5,1,visit_1,0.2,0.0
AD000565,1413.7,219.7,1,visit_1,0.2,0.0
AD000569,2868.1,-2126.5,6,visits_agree,0.83,48.7
AD000573,1653.2,-1695.8,2,visits_agree,0.795,8.7
AD000574,-67.0,-3856.9,1,visit_1,0.2,0.0
AD000575,883.9,-3762.9,1,visit_1,0.2,0.0
AD000576,-481.5,-3675.9,5,visits_agree,0.85,58.6
AD000579,-412.4,-626.0,4,visits_agree,0.2,18.4
AD000581,727.7,-3431.1,1,visit_1,0.83,0.0
AD000586,359.6,2708.1,1,visit_1,0.83,0.0
AD000587,1261.5,-470.9,1,visit_1,0.819,0.0
AD000589,2677.7,-1848.1,8,visits_disagree,0.2,3259.4
AD000596,698.9,-706.4,3,visits_disagree,0.2,162.8
AD000598,1620.6,-2321.2,2,visits_agree,0.2,15.6
AD000600,1764.9,-2434.9,6,visits_agree,0.832,75.5
AD000602,2968.4,-1911.2,8,visits_disagree,0.398,256.0
AD000605,-2596.7,-457.9,1,visit_1,0.2,0.0
AD000606,-570.2,3293.1,1,visit_1,0.2,0.0
AD000607,-819.1,-3897.8,6,visits_agree,0.2,58.3
AD000608,914.5,-3347.4,9,visits_agree,0.2,26.4
AD000613,2779.5,368.4,4,visits_agree,0.85,9.7
AD000614,-2452.2,1354.7,1,visit_1,0.2,0.0
AD000617,-2997.9,-21.3,5,visits_agree,0.83,32.9
AD000622,2475.8,-2517.5,6,visits_disagree,0.2,199.3
AD000623,2240.0,1221.3,3,visits_agree,0.83,28.8
AD000624,-118.6,-474.5,2,visits_disagree,0.2,255.7
AD000627,-637.2,-3804.2,1,visit_1,0.2,0.0
AD000630,2754.9,-1938.4,2,visits_agree,0.2,87.9
AD000631,-2854.1,-145.1,7,visits_disagree,0.85,308.0
AD000632,-882.0,-3850.0,4,visits_agree,0.3,0.9
AD000634,1812.8,-1570.2,4,visits_agree,0.2,89.4
AD000635,1481.3,-684.1,1,visit_1,0.2,0.0
AD000638,2401.9,-1290.9,1,visit_1,0.2,0.0
AD000639,1063.8,-955.0,6,visits_disagree,0.83,365.3
AD000641,3146.3,-2165.3,2,visits_disagree,0.2,204.8
AD000642,682.6,-315.5,2,visits_agree,0.2,14.6
AD000645,3546.7,-92.3,4,visits_agree,0.2,62.7
AD000646,2440.0,-2255.2,1,visit_1,0.2,0.0
AD000647,-173.7,-3339.8,1,visit_1,0.2,0.0
AD000652,2855.7,-2273.2,9,visits_agree,0.819,59.1
AD000654,-219.8,3205.5,1,visit_1,0.83,0.0
AD000658,2375.7,-2254.7,7,visits_disagree,0.83,265.0
AD000660,-1552.6,-2579.9,3,visits_disagree,0.819,148.0
AD000662,-584.8,3419.8,4,visits_disagree,0.819,224.2
AD000666,-2647.3,-495.6,5,visits_agree,0.85,26.7
AD000667,2276.3,-2345.7,5,visits_disagree,0.819,212.3
AD000668,2324.3,914.3,7,visits_agree,0.795,72.1
AD000669,2256.9,619.6,6,visits_agree,0.2,59.4
AD000671,1285.9,-833.5,2,visits_agree,0.85,2.7
AD000672,943.0,2633.4,7,visits_disagree,0.819,167.0
AD000674,935.4,-2908.1,1,visit_1,0.83,0.0
AD000675,2721.8,-1396.9,2,visits_disagree,0.398,373.4
AD000678,865.9,-758.4,1,visit_1,0.819,0.0
AD000680,-681.7,2823.9,2,visits_agree,0.819,50.9
AD000685,775.5,-3290.8,1,visit_1,0.83,0.0
AD000686,2802.6,834.3,2,visits_agree,0.83,1.1
AD000696,2355.8,1088.0,1,visit_1,0.2,0.0
AD000699,3204.7,-2025.5,1,visit_1,0.2,0.0
AD000703,1277.3,150.4,1,visit_1,0.2,0.0
AD000705,3295.5,-2213.7,1,visit_1,0.2,0.0
AD000710,1207.1,1048.3,2,visits_agree,0.832,1.6
AD000711,772.0,2467.1,6,visits_disagree,0.832,309.8
AD000719,2759.7,-1818.2,5,visits_agree,0.398,17.0
AD000721,-3038.6,-116.9,3,visits_disagree,0.795,180.9
AD000722,4028.6,313.2,7,visits_disagree,0.425,205.1
AD000727,-2689.5,-487.8,8,visits_agree,0.2,88.0
AD000733,2852.5,-2271.8,8,visits_disagree,0.83,180.1
AD000735,2676.6,-2366.2,6,visits_agree,0.85,9.8
AD000737,-659.2,-2947.9,1,visit_1,0.2,0.0
AD000738,-361.8,-944.9,3,visits_agree,0.2,17.2
AD000739,709.2,-3292.8,2,visits_agree,0.85,35.9
AD000740,1975.6,-911.1,1,visit_1,0.83,0.0
AD000741,-796.7,2856.9,6,visits_disagree,0.3,237.3
AD000744,1325.8,-1116.6,1,visit_1,0.2,0.0
AD000749,-175.2,-3417.9,3,visits_agree,0.2,75.6
AD000750,-52.2,3155.0,1,visit_1,0.2,0.0
AD000753,2792.7,-2571.0,5,visits_disagree,0.2,127.3
AD000756,1449.7,-2221.9,6,visits_disagree,0.832,220.1
AD000759,3138.7,562.4,2,visits_agree,0.807,6.0
AD000761,2695.1,1080.9,1,visit_1,0.83,0.0
AD000768,2644.5,-1595.8,7,visits_agree,0.832,60.0
AD000771,832.8,-703.9,2,visits_agree,0.2,12.9
AD000774,-2653.3,1729.2,5,visits_agree,0.2,78.6
AD000775,-635.7,-339.6,1,visit_1,0.2,0.0
AD000779,2200.5,851.0,7,visits_disagree,0.85,2332.8
AD000781,3748.2,504.7,5,visits_agree,0.85,20.7
AD000782,652.9,-2631.4,2,visits_agree,0.795,12.2
AD000783,772.4,-2604.8,1,visit_1,0.795,0.0
AD000785,2440.5,-2251.4,4,visits_agree,0.2,10.3
AD000787,1095.9,-1174.1,4,visits_agree,0.2,22.2
AD000792,931.1,2479.3,4,visits_agree,0.2,76.3
AD000795,-2885.9,186.5,1,visit_1,0.832,0.0
AD000797,2502.3,-1148.9,6,visits_agree,0.819,71.1
AD000799,1253.6,-276.9,2,visits_agree,0.2,52.6
AD000801,1204.9,-530.1,1,visit_1,0.2,0.0
AD000802,1576.0,-242.5,2,visits_agree,0.2,34.5
AD000803,-354.0,-1397.5,1,visit_1,0.2,0.0
AD000808,-712.0,3387.9,4,visits_agree,0.2,8.9
AD000809,669.8,83.7,5,visits_agree,0.819,17.3
AD000810,1147.2,-3177.1,3,visits_agree,0.2,3.3
AD000812,-1240.4,-2714.3,4,visits_agree,0.85,45.1
AD000813,3057.6,-2283.1,3,visits_agree,0.85,38.6
AD000815,3042.4,-2480.5,4,visits_disagree,0.2,193.7
AD000817,1300.4,-1925.1,5,visits_disagree,0.2,184.1
AD000822,437.2,-2877.7,4,visits_agree,0.83,88.3
AD000825,-2212.5,1138.5,3,visits_agree,0.2,7.1
AD000827,3161.3,-2444.6,1,visit_1,0.2,0.0
AD000830,2504.0,625.2,2,visits_agree,0.2,2.5
AD000832,3288.8,-2147.0,1,visit_1,0.2,0.0
AD000836,817.6,-588.2,5,visits_agree,0.83,35.9
AD000840,3083.5,-2463.5,2,visits_agree,0.2,2.1
AD000841,1818.5,-2350.1,2,visits_agree,0.832,23.8
AD000842,848.6,1316.9,1,visit_1,0.2,0.0
AD000843,2732.8,-2595.5,1,visit_1,0.2,0.0
AD000846,-1863.0,-3266.1,6,visits_agree,0.425,41.9
AD000850,3753.0,228.6,5,visits_agree,0.2,46.7
AD000852,-2726.9,-8.1,1,visit_1,0.819,0.0
AD000854,1290.3,-2463.5,5,visits_agree,0.2,44.2
AD000856,-574.7,-866.8,2,visits_agree,0.85,2.9
AD000860,1341.5,-1838.8,6,visits_agree,0.2,7.9
AD000866,1701.6,-2122.9,3,visits_disagree,0.832,206.5
AD000867,2908.6,-2554.9,4,visits_agree,0.2,42.4
AD000868,846.6,411.3,2,visits_agree,0.819,66.4
AD000869,-2051.9,1562.1,7,visits_disagree,0.85,146.6
AD000870,3328.4,-2390.0,4,visits_agree,0.85,61.3
AD000874,-3865.5,-578.8,2,visits_agree,0.85,6.4
AD000884,935.3,2747.0,1,visit_1,0.2,0.0
AD000885,3200.4,-2340.5,1,visit_1,0.2,0.0
AD000886,748.2,117.3,1,visit_1,0.2,0.0
AD000895,480.5,2354.6,2,visits_agree,0.3,72.6
AD000897,1653.3,-2604.4,2,visits_agree,0.832,82.5
AD000898,1171.9,-3321.3,1,visit_1,0.795,0.0
AD000901,1882.3,-2148.6,1,visit_1,0.85,0.0
AD000902,770.8,2982.7,1,visit_1,0.2,0.0
AD000903,2975.4,-2747.6,5,visits_disagree,0.795,264.0
AD000904,904.5,-2898.8,3,visits_agree,0.795,46.9
AD000912,1443.0,-1665.7,1,visit_1,0.2,0.0
AD000913,629.3,-841.6,1,visit_1,0.83,0.0
AD000915,-740.9,-771.4,2,visits_agree,0.83,52.9
AD000917,1038.6,2380.4,3,visits_disagree,0.832,130.2
AD000918,2134.0,1709.0,2,visits_agree,0.85,2.7
AD000919,3001.6,-2421.9,4,visits_agree,0.795,96.9
AD000920,-1288.7,474.2,2,visits_disagree,0.2,168.7
AD000921,1712.0,-2294.5,1,visit_1,0.2,0.0
AD000923,546.2,-3403.4,2,visits_agree,0.2,6.1
AD000924,505.1,-2716.2,8,visits_disagree,0.2,234.3
AD000930,-2604.8,1544.8,1,visit_1,0.2,0.0
AD000936,1009.2,-2966.7,7,visits_disagree,0.2,220.2
AD000940,320.8,-3029.4,2,visits_disagree,0.2,152.7
AD000942,792.9,3231.9,2,visits_agree,0.2,4.5
AD000943,-2594.8,-473.2,1,visit_1,0.819,0.0
AD000944,-2341.8,1310.3,2,visits_agree,0.2,32.0
AD000948,1014.4,-691.1,3,visits_disagree,0.83,362.0
AD000950,-3018.4,-239.4,5,visits_agree,0.85,30.8
AD000953,202.8,-3160.6,4,visits_disagree,0.83,456.1
AD000954,-2396.8,1340.5,2,visits_disagree,0.2,184.2
AD000955,3145.2,-1919.2,6,visits_agree,0.398,29.9
AD000957,2783.3,134.2,1,visit_1,0.2,0.0
AD000959,2925.5,-2722.3,1,visit_1,0.2,0.0
AD000962,2673.8,241.3,2,visits_agree,0.2,37.4
AD000964,1075.8,-1905.7,2,visits_agree,0.2,80.6
AD000969,2160.8,994.7,5,visits_agree,0.3,59.6
AD000970,2694.5,1454.5,3,visits_agree,0.2,24.3
AD000971,849.3,-2994.4,3,visits_disagree,0.795,101.9
AD000978,-1195.3,-613.5,4,visits_agree,0.2,75.6
AD000980,1396.3,-2.1,4,visits_agree,0.807,54.5
AD000981,-2669.8,-141.3,1,visit_1,0.2,0.0
AD000982,4006.6,787.7,2,visits_agree,0.2,1.7
AD000984,-2364.3,-2259.0,1,visit_1,0.2,0.0
AD000986,1190.0,2510.1,4,visits_agree,0.2,26.8
AD000987,2915.0,1169.5,1,visit_1,0.2,0.0
AD000991,-437.7,3260.2,2,visits_disagree,0.807,231.8
AD000992,2588.6,-1304.9,1,visit_1,0.819,0.0
AD000999,-33.6,-3535.7,1,visit_1,0.2,0.0
AD001000,2249.6,-1284.1,1,visit_1,0.2,0.0
AD001001,3615.9,595.1,1,visit_1,0.819,0.0
AD001003,-594.6,-248.9,2,visits_disagree,0.85,2015.9
AD001006,1203.0,-1158.9,1,visit_1,0.2,0.0
AD001009,1639.0,-2308.5,1,visit_1,0.2,0.0
AD001012,819.2,-3287.1,5,visits_agree,0.85,51.0
AD001013,1336.7,-2068.8,5,visits_agree,0.83,21.2
AD001017,-934.6,-724.5,1,visit_1,0.2,0.0
AD001021,-280.8,-1189.1,1,visit_1,0.83,0.0
AD001026,770.7,2302.7,3,visits_agree,0.2,10.5
AD001031,1438.0,-2133.4,7,visits_disagree,0.2,257.3
AD001034,3161.5,-1984.8,4,visits_agree,0.425,70.4
AD001035,929.4,-431.7,7,visits_disagree,0.2,146.8
AD001036,-2334.9,1811.3,2,visits_disagree,0.795,177.1
AD001039,2977.4,-2372.7,1,visit_1,0.2,0.0
AD001040,854.5,-1117.3,6,visits_agree,0.2,68.4
AD001042,-2985.3,803.4,6,visits_agree,0.3,24.0
AD001043,-2569.1,1094.6,2,visits_agree,0.2,0.8
AD001045,2624.4,1459.5,4,visits_agree,0.2,25.9
AD001048,2672.5,-2098.5,1,visit_1,0.819,0.0
AD001053,898.7,-720.3,7,visits_agree,0.2,21.1
AD001054,-99.3,2792.3,1,visit_1,0.2,0.0
AD001055,346.1,-3219.9,5,visits_agree,0.85,47.9
AD001057,1082.0,-2874.8,2,visits_agree,0.795,7.2
AD001060,1002.8,-1657.7,1,visit_1,0.819,0.0
AD001063,3127.2,-1908.1,1,visit_1,0.2,0.0
AD001064,-2976.8,-23.6,6,visits_agree,0.85,36.3
AD001067,1100.6,-2782.6,1,visit_1,0.2,0.0
AD001071,-844.2,-706.6,3,visits_disagree,0.819,252.2
AD001074,2543.4,-1879.0,1,visit_1,0.795,0.0
AD001078,2947.4,-2040.6,7,visits_disagree,0.425,216.3
AD001079,-2456.8,-94.9,3,visits_agree,0.2,11.7
AD001080,-2348.7,-175.3,3,visits_agree,0.2,66.9
AD001083,802.2,-3288.4,6,visits_agree,0.3,45.9
AD001087,981.0,-2666.0,3,visits_agree,0.795,61.1
AD001088,1334.9,-214.8,3,visits_agree,0.2,9.2
AD001091,-3696.5,-718.3,2,visits_agree,0.2,4.9
AD001094,-2466.7,1761.1,3,visits_agree,0.3,5.2
AD001096,2708.1,939.1,4,visits_agree,0.85,2.5
AD001100,2902.8,-2551.2,4,visits_agree,0.795,41.5
AD001105,2832.0,-2276.8,6,visits_disagree,0.819,275.2
AD001108,487.5,2350.1,2,visits_disagree,0.2,257.0
AD001110,-393.8,-1191.4,1,visit_1,0.819,0.0
AD001116,3117.3,-1946.3,4,visits_disagree,0.2,111.8
AD001121,3735.4,657.4,3,visits_agree,0.2,16.7
AD001122,3388.5,510.1,5,visits_agree,0.2,12.2
AD001124,1209.5,-1669.2,1,visit_1,0.2,0.0
AD001127,619.4,-3373.0,6,visits_disagree,0.2,325.2
AD001128,847.1,-1370.4,3,visits_agree,0.2,68.7
AD001130,-768.3,-3323.7,6,visits_disagree,0.2,129.7
AD001131,1122.4,-1730.6,2,visits_agree,0.2,25.3
AD001133,2388.1,-1263.2,4,visits_agree,0.2,22.3
AD001135,-884.7,2965.7,7,visits_disagree,0.85,163.6
AD001136,812.2,-240.4,4,visits_agree,0.83,66.1
AD001138,-364.6,-3305.7,2,visits_agree,0.795,47.8
AD001145,594.6,2301.8,4,visits_disagree,0.2,276.5
AD001149,1638.1,-1612.1,4,visits_disagree,0.85,287.9
AD001151,666.4,-2918.3,6,visits_disagree,0.85,273.4
AD001152,1490.5,366.4,6,visits_agree,0.819,74.2
AD001154,-2607.3,1709.9,5,visits_agree,0.819,19.5
AD001156,656.1,-312.6,4,visits_disagree,0.2,243.2
AD001157,-1887.3,-2910.8,1,visit_1,0.2,0.0
AD001158,915.9,2557.8,1,visit_1,0.2,0.0
AD001160,-2714.8,1734.5,1,visit_1,0.83,0.0
AD001162,-145.9,-3531.5,1,visit_1,0.2,0.0
AD001165,-186.5,2836.7,1,visit_1,0.2,0.0
AD001170,3551.3,-1814.1,5,visits_disagree,0.2,148.1
AD001171,-2680.8,-627.4,1,visit_1,0.2,0.0
AD001174,2600.7,-1912.3,3,visits_agree,0.2,53.9
AD001176,3572.0,-37.2,4,visits_disagree,0.2,196.3
AD001178,1801.9,-2197.2,2,visits_agree,0.85,7.3
AD001186,2858.0,-2032.1,7,visits_disagree,0.819,315.9
AD001187,1378.5,-297.9,2,visits_agree,0.85,8.8
AD001191,374.6,2792.3,1,visit_1,0.2,0.0
AD001197,814.2,-1252.3,1,visit_1,0.2,0.0
AD001198,566.9,-2780.6,1,visit_1,0.2,0.0
AD001200,-2824.0,845.6,4,visits_agree,0.83,19.7
AD001201,659.7,-2621.2,1,visit_1,0.2,0.0
AD001207,2482.7,922.5,5,visits_agree,0.3,42.9
AD001208,1596.3,-1026.8,1,visit_1,0.819,0.0
AD001212,-2965.8,1347.0,4,visits_agree,0.2,23.1
AD001214,2804.4,-1616.0,1,visit_1,0.2,0.0
AD001216,978.3,-984.2,1,visit_1,0.2,0.0
AD001219,-526.6,-3728.1,1,visit_1,0.2,0.0
AD001220,-2234.5,1741.2,2,visits_agree,0.2,32.0
AD001223,712.6,-3001.2,2,visits_agree,0.2,8.7
AD001231,2993.0,-2164.6,2,visits_agree,0.819,5.6
AD001232,386.7,-2971.3,7,visits_disagree,0.83,135.6
AD001233,2518.5,-2363.0,5,visits_agree,0.819,21.7
AD001236,2932.6,-2643.6,6,visits_disagree,0.795,226.9
AD001237,2574.3,761.5,2,visits_disagree,0.2,267.1
AD001239,-724.9,-3068.0,3,visits_agree,0.83,36.0
AD001240,1335.8,-218.2,5,visits_agree,0.2,43.4
AD001242,1521.1,-1885.2,5,visits_disagree,0.832,191.4
AD001245,1514.8,-1952.7,1,visit_1,0.2,0.0
AD001247,-842.2,-391.4,1,visit_1,0.2,0.0
AD001248,1401.2,-805.6,1,visit_1,0.2,0.0
AD001254,2729.0,262.9,6,visits_agree,0.85,47.5
AD001256,3308.5,-1992.2,6,visits_agree,0.398,64.9
AD001257,2320.1,1443.2,2,visits_agree,0.2,2.0
AD001258,163.7,1878.3,1,visit_1,0.83,0.0
AD001262,-978.6,-432.0,1,visit_1,0.2,0.0
AD001267,-2373.1,-2103.5,1,visit_1,0.2,0.0
AD001268,-539.2,-778.2,5,visits_disagree,0.85,384.5
AD001269,-2970.7,-210.4,1,visit_1,0.2,0.0
AD001271,2951.4,-1848.8,1,visit_1,0.425,0.0
AD001272,3115.8,-2331.6,6,visits_disagree,0.2,172.8
AD001273,2339.8,-2201.1,4,visits_disagree,0.2,145.8
AD001274,680.6,-916.9,1,visit_1,0.2,0.0
AD001276,2383.6,-2211.8,1,visit_1,0.2,0.0
AD001279,1014.3,-72.9,1,visit_1,0.2,0.0
AD001281,1555.6,-2329.4,1,visit_1,0.2,0.0
AD001290,978.5,-1033.2,2,visits_agree,0.83,3.0
AD001291,903.3,-779.3,4,visits_disagree,0.2,179.0
AD001293,-938.9,-200.5,1,visit_1,0.2,0.0
AD001294,2712.3,-2461.4,3,visits_agree,0.85,7.4
AD001298,-846.0,-3041.6,1,visit_1,0.2,0.0
AD001306,2697.9,-2220.5,1,visit_1,0.85,0.0
AD001307,370.2,-3110.4,2,visits_agree,0.819,1.4
AD001314,-2444.8,1281.0,9,visits_disagree,0.83,261.8
AD001322,67.7,1994.8,1,visit_1,0.2,0.0
AD001323,681.3,-2735.2,1,visit_1,0.2,0.0
AD001324,2629.8,-1926.4,7,visits_agree,0.2,30.8
AD001330,-2352.8,-530.8,4,visits_agree,0.832,61.1
AD001331,-2937.9,-64.3,1,visit_1,0.2,0.0
AD001335,868.7,-2937.9,1,visit_1,0.2,0.0
AD001336,2697.4,-1801.6,8,visits_agree,0.795,87.3
AD001337,1357.0,-2513.1,1,visit_1,0.2,0.0
AD001338,2848.0,623.8,2,visits_agree,0.819,5.8
AD001339,723.5,2831.9,4,visits_disagree,0.2,234.1
AD001343,-1269.1,-501.1,1,visit_1,0.2,0.0
AD001346,-797.5,-721.5,1,visit_1,0.2,0.0
AD001351,1493.2,396.7,1,visit_1,0.832,0.0
AD001352,3945.7,337.7,7,visits_disagree,0.832,314.3
AD001354,2955.5,-2079.1,3,visits_disagree,0.85,132.4
AD001355,637.8,-2621.0,1,visit_1,0.795,0.0
AD001357,-505.0,3422.1,2,visits_agree,0.83,80.0
AD001360,-2310.1,1215.9,2,visits_agree,0.2,11.2
AD001361,-442.6,-2771.0,1,visit_1,0.2,0.0
AD001362,-3051.2,1458.2,1,visit_1,0.85,0.0
AD001363,2919.5,-1805.5,3,visits_agree,0.2,8.2
AD001364,2955.9,-2508.6,2,visits_agree,0.2,0.6
AD001371,-2819.1,-681.4,3,visits_disagree,0.2,272.5
AD001372,2994.5,-2501.9,5,visits_agree,0.2,47.1
AD001380,1398.1,-1893.3,8,visits_agree,0.2,5.2
AD001381,1034.5,-437.6,1,visit_1,0.832,0.0
AD001382,-447.3,-3356.9,1,visit_1,0.807,0.0
AD001383,2832.2,-2339.2,1,visit_1,0.2,0.0
AD001384,-2724.5,-471.0,2,visits_agree,0.2,27.9
AD001386,-403.6,-3397.2,8,visits_agree,0.807,18.5
AD001387,3330.8,-2001.4,2,visits_agree,0.2,10.8
AD001389,598.5,2374.0,1,visit_1,0.2,0.0
AD001391,-2628.4,-49.8,3,visits_agree,0.832,10.8
AD001393,-1365.3,538.5,1,visit_1,0.2,0.0
AD001395,1353.7,-1076.6,6,visits_agree,0.85,92.0
AD001396,-651.7,-3390.5,1,visit_1,0.2,0.0
AD001397,1694.8,-1675.7,4,visits_agree,0.807,27.7
AD001408,2627.5,931.7,6,visits_agree,0.819,7.0
AD001414,551.2,-2632.6,1,visit_1,0.2,0.0
AD001416,2605.5,-1655.0,4,visits_agree,0.2,8.5
AD001417,1203.8,-447.1,5,visits_disagree,0.2,1726.8
AD001420,-2042.0,-2085.1,1,visit_1,0.2,0.0
AD001422,3979.6,674.5,7,visits_disagree,0.2,962.3
AD001424,562.2,2345.4,2,visits_disagree,0.2,155.6
AD001425,859.9,-3302.3,1,visit_1,0.2,0.0
AD001430,1290.0,2874.0,2,visits_agree,0.819,3.2
AD001432,-520.4,-3364.0,1,visit_1,0.2,0.0
AD001433,2732.4,-2471.7,8,visits_agree,0.83,75.9
AD001434,710.9,-876.2,1,visit_1,0.2,0.0
AD001436,-2310.7,1225.5,6,visits_agree,0.83,70.8
AD001437,-2423.1,-618.2,3,visits_agree,0.83,28.4
AD001441,3638.9,93.0,1,visit_1,0.2,0.0
AD001443,-681.4,-3259.3,6,visits_agree,0.2,59.6
AD001444,755.2,-283.6,2,visits_agree,0.2,29.5
AD001447,-1332.8,-2867.1,8,visits_disagree,0.807,155.8
AD001450,2484.7,-1042.6,5,visits_disagree,0.2,125.8
AD001457,1030.4,2568.0,2,visits_agree,0.832,15.6
AD001458,-2854.8,-389.6,6,visits_agree,0.819,80.4
AD001462,962.6,-3347.2,5,visits_agree,0.2,89.3
AD001465,-783.5,-749.8,3,visits_agree,0.819,3.8
AD001466,3633.3,-19.3,4,visits_agree,0.85,23.0
AD001469,-2621.2,1441.8,5,visits_agree,0.819,22.0
AD001472,-422.5,-3926.4,5,visits_disagree,0.83,108.6
AD001473,678.0,1291.3,1,visit_1,0.2,0.0
AD001479,2985.5,-2495.4,8,visits_disagree,0.85,179.4
AD001480,3628.2,-2240.7,2,visits_agree,0.85,86.2
AD001481,2874.3,-1833.5,6,visits_agree,0.85,22.4
AD001488,-1507.4,-2857.9,2,visits_agree,0.832,11.4
AD001489,1275.0,-1769.7,2,visits_agree,0.2,6.2
AD001490,-1544.9,451.9,2,visits_agree,0.83,75.4
AD001493,659.9,-2908.5,3,visits_agree,0.85,16.0
AD001494,726.5,-3044.8,1,visit_1,0.2,0.0
AD001495,1255.1,-1854.8,9,visits_agree,0.85,88.0
AD001496,1816.3,-1306.1,1,visit_1,0.2,0.0
AD001499,3518.4,-5.2,8,visits_disagree,0.85,204.4
AD001503,2895.7,-1488.6,7,visits_disagree,0.795,250.6
AD001505,1066.7,2652.1,7,visits_agree,0.85,22.7
AD001509,3106.5,-2561.4,7,visits_disagree,0.795,101.5
AD001516,666.2,-2631.2,6,visits_agree,0.3,20.3
AD001520,-628.3,-3706.5,8,visits_disagree,0.85,282.1
AD001521,-734.5,3285.9,6,visits_agree,0.85,41.0
AD001523,2947.3,261.8,4,visits_agree,0.2,28.9
AD001524,4268.6,163.7,5,visits_agree,0.398,47.1
AD001526,1007.8,-2813.1,1,visit_1,0.2,0.0
AD001528,1235.1,-2536.6,3,visits_disagree,0.2,121.5
AD001530,1158.1,-342.6,1,visit_1,0.795,0.0
AD001534,-2578.0,-186.0,6,visits_agree,0.2,35.5
AD001539,248.4,1990.5,3,visits_agree,0.85,10.9
AD001540,-2369.7,1821.9,3,visits_agree,0.85,1.4
AD001546,-1282.3,-3534.8,1,visit_1,0.819,0.0
AD001549,2299.6,-1310.4,2,visits_agree,0.2,3.9
AD001551,1742.2,-2550.3,3,visits_disagree,0.2,231.6
AD001554,2635.4,-2175.8,4,visits_agree,0.819,75.5
AD001555,-2585.9,1797.4,6,visits_agree,0.2,23.2
AD001556,1034.0,2592.9,7,visits_agree,0.2,72.5
AD001563,-705.2,-746.0,4,visits_agree,0.85,27.9
AD001567,2860.6,-2181.8,4,visits_disagree,0.3,186.5
AD001569,3388.0,-1378.0,1,visit_1,0.2,0.0
AD001570,2622.4,1233.6,1,visit_1,0.2,0.0
AD001574,3958.9,64.4,3,visits_disagree,0.2,103.3
AD001575,923.9,-2681.1,1,visit_1,0.819,0.0
AD001577,926.6,404.9,6,visits_disagree,0.2,157.2
AD001578,-2264.9,1710.3,8,visits_disagree,0.85,108.9
AD001581,2732.0,-1812.4,5,visits_agree,0.85,41.3
AD001584,1279.5,-2001.0,6,visits_disagree,0.85,253.9
AD001586,1566.4,-1864.2,6,visits_disagree,0.2,193.0
AD001587,-810.1,2989.8,3,visits_agree,0.832,57.8
AD001589,677.5,3091.6,2,visits_agree,0.2,28.6
AD001591,-1702.1,-2948.3,2,visits_disagree,0.819,196.9
AD001592,1548.0,-2454.2,2,visits_agree,0.2,72.7
AD001596,745.6,-3231.7,4,visits_agree,0.85,12.8
AD001605,3651.2,553.1,4,visits_agree,0.83,72.3
AD001616,2454.3,1376.4,4,visits_disagree,0.3,2226.9
AD001617,112.7,1974.3,1,visit_1,0.2,0.0
AD001618,1161.8,-386.0,1,visit_1,0.2,0.0
AD001619,2655.2,-1086.0,4,visits_agree,0.83,14.1
AD001620,-19.2,-3368.5,5,visits_agree,0.425,19.5
AD001621,-60.0,3221.6,1,visit_1,0.2,0.0
AD001622,965.5,-1048.4,1,visit_1,0.85,0.0
AD001625,-2806.4,1241.3,1,visit_1,0.2,0.0
AD001626,-738.6,-3032.5,1,visit_1,0.2,0.0
AD001627,1320.9,-2072.6,4,visits_agree,0.2,19.4
AD001628,682.6,2936.6,1,visit_1,0.2,0.0
AD001629,525.4,-2991.2,2,visits_disagree,0.2,294.4
AD001630,575.7,2843.6,5,visits_disagree,0.819,281.1
AD001631,2713.3,501.5,4,visits_agree,0.2,30.6
AD001633,1605.9,-543.8,1,visit_1,0.2,0.0
AD001638,900.0,-2896.9,6,visits_disagree,0.795,5207.9
AD001647,-1642.2,-2904.2,8,visits_disagree,0.85,280.8
AD001649,2322.5,-2438.3,4,visits_disagree,0.2,221.2
AD001651,-853.4,-2869.0,2,visits_disagree,0.85,255.9
AD001652,1214.2,-2491.6,1,visit_1,0.2,0.0
AD001653,946.8,227.5,1,visit_1,0.85,0.0
AD001654,1065.2,2407.9,5,visits_disagree,0.83,316.3
AD001660,557.6,2682.4,1,visit_1,0.2,0.0
AD001662,-473.6,3167.7,6,visits_agree,0.832,40.5
AD001664,1646.4,-1843.6,1,visit_1,0.2,0.0
AD001673,1074.8,-1735.7,5,visits_agree,0.2,72.7
AD001676,1125.6,-3443.4,4,visits_disagree,0.795,146.1
AD001677,-819.4,-2720.9,1,visit_1,0.83,0.0
AD001680,1431.7,-2393.6,1,visit_1,0.2,0.0
AD001682,-638.0,-314.5,5,visits_agree,0.795,13.7
AD001683,2705.8,-1381.9,5,visits_agree,0.832,13.0
AD001687,-2741.5,1290.4,3,visits_agree,0.2,74.1
AD001689,-318.3,-735.4,4,visits_agree,0.807,56.6
AD001692,-2906.7,1414.1,2,visits_agree,0.2,1.7
AD001693,-610.5,3417.2,1,visit_1,0.83,0.0
AD001694,1744.0,-2201.6,3,visits_agree,0.83,10.5
AD001695,2370.8,-2118.6,2,visits_agree,0.2,10.2
AD001697,847.4,3202.0,9,visits_disagree,0.832,245.2
AD001700,2973.5,426.5,3,visits_disagree,0.2,281.4
AD001702,2457.8,-2259.4,4,visits_agree,0.2,23.9
AD001706,3387.3,-2273.6,4,visits_agree,0.3,40.3
AD001712,3001.7,775.8,4,visits_agree,0.85,20.9
AD001713,1731.3,-2056.6,7,visits_agree,0.2,10.7
AD001714,2389.3,2156.4,1,visit_1,0.2,0.0
AD001715,-305.7,-3403.0,5,visits_agree,0.85,29.4
AD001720,792.6,337.6,1,visit_1,0.85,0.0
AD001722,-2241.1,1295.4,5,visits_disagree,0.2,246.0
AD001725,2966.5,-2159.9,1,visit_1,0.85,0.0
AD001726,2921.0,881.2,6,visits_disagree,0.2,314.7
AD001731,1258.9,-1940.5,5,visits_disagree,0.2,352.0
AD001732,-2001.8,-2747.9,1,visit_1,0.83,0.0
AD001734,-2903.4,1420.2,3,visits_agree,0.2,8.1
AD001738,-841.0,-1404.7,5,visits_agree,0.85,62.1
AD001741,1572.7,-1864.7,6,visits_agree,0.2,56.5
AD001742,-1437.7,-3081.1,2,visits_agree,0.85,2.4
AD001743,1264.6,2806.2,3,visits_agree,0.819,5.0
AD001746,3024.4,-2192.3,8,visits_disagree,0.85,2891.9
AD001748,3899.6,136.2,3,visits_agree,0.398,61.2
AD001752,1464.2,-2267.4,5,visits_agree,0.819,10.2
AD001753,924.4,-2892.2,8,visits_agree,0.795,18.5
AD001754,-2378.3,-89.9,5,visits_disagree,0.3,5886.1
AD001755,593.7,-865.1,2,visits_agree,0.2,8.7
AD001756,-1436.3,-2121.2,1,visit_1,0.83,0.0
AD001760,3173.5,-2424.2,3,visits_agree,0.83,1.7
AD001761,-1919.0,-2665.5,2,visits_disagree,0.2,160.8
AD001765,2256.8,-1092.8,6,visits_agree,0.85,73.5
AD001767,804.1,2298.8,2,visits_disagree,0.2,215.0
AD001768,778.3,2297.6,1,visit_1,0.819,0.0
AD001770,2505.8,-2358.1,7,visits_agree,0.85,13.5
AD001775,2904.3,-2380.1,6,visits_disagree,0.819,255.2
AD001776,-2533.0,-18.3,2,visits_agree,0.85,27.9
AD001779,3069.2,-1821.4,3,visits_agree,0.2,8.2
AD001788,-1235.0,760.3,4,visits_disagree,0.819,178.1
AD001789,-842.8,-3180.2,1,visit_1,0.2,0.0
AD001790,-3117.0,1537.7,3,visits_agree,0.83,38.0
AD001792,-2782.7,-502.0,6,visits_disagree,0.2,278.1
AD001794,932.0,-2909.7,5,visits_agree,0.832,44.0
AD001798,-3966.5,-1075.6,1,visit_1,0.2,0.0
AD001799,3204.5,-2176.6,3,visits_agree,0.83,92.1
AD001800,2563.1,-2311.6,2,visits_disagree,0.2,102.6
AD001802,3259.5,-1718.5,3,visits_agree,0.83,6.1
AD001805,2377.0,-769.6,1,visit_1,0.832,0.0
AD001807,1016.5,3112.2,2,visits_agree,0.2,23.5
AD001808,979.8,-3196.5,5,visits_disagree,0.2,257.6
AD001811,890.1,3093.9,5,visits_agree,0.2,92.3
AD001812,3848.0,592.8,4,visits_disagree,0.819,264.5
AD001815,-2478.3,1023.4,8,visits_disagree,0.2,149.2
AD001821,2482.3,-2430.9,5,visits_agree,0.2,24.5
AD001822,-2666.0,-646.3,3,visits_disagree,0.2,160.8
AD001830,1063.5,2913.5,9,visits_agree,0.795,24.3
AD001832,4121.1,97.2,6,visits_agree,0.2,96.4
AD001833,1534.0,-2409.2,7,visits_disagree,0.832,124.9
AD001836,-2691.2,1426.5,1,visit_1,0.2,0.0
AD001837,-1529.8,2321.4,2,visits_agree,0.85,21.2
AD001842,-3668.1,-725.5,1,visit_1,0.832,0.0
AD001844,-587.7,-11.0,4,visits_disagree,0.832,175.8
AD001845,3599.0,26.5,3,visits_agree,0.2,3.0
AD001847,-2409.2,1149.0,1,visit_1,0.2,0.0
AD001849,437.4,2774.0,1,visit_1,0.2,0.0
AD001851,905.2,-2844.8,1,visit_1,0.2,0.0
AD001852,690.4,-3292.4,2,visits_agree,0.2,2.5
AD001854,891.6,-783.5,2,visits_agree,0.2,26.3
AD001855,2431.8,-1204.8,8,visits_agree,0.85,39.9
AD001856,-1015.7,-302.2,1,visit_1,0.2,0.0
AD001857,1647.4,-2232.2,4,visits_agree,0.819,3.9
AD001862,-3277.6,1266.3,5,visits_disagree,0.795,339.6
AD001864,-182.5,-3914.0,5,visits_disagree,0.2,138.0
AD001865,433.8,1321.1,3,visits_agree,0.85,41.1
AD001866,549.2,-3467.8,1,visit_1,0.2,0.0
AD001868,-2212.6,-204.9,6,visits_disagree,0.2,108.4
AD001873,-760.1,-2174.0,2,visits_disagree,0.2,280.0
AD001879,551.2,-2850.2,3,visits_agree,0.2,24.1
AD001880,3490.8,125.2,1,visit_1,0.2,0.0
AD001881,688.0,23.7,1,visit_1,0.2,0.0
AD001882,710.9,-3012.1,2,visits_agree,0.2,7.9
AD001886,3542.8,-2135.0,3,visits_agree,0.819,60.8
AD001890,1110.4,-484.4,4,visits_agree,0.2,30.3
AD001891,-3127.5,-165.2,3,visits_disagree,0.832,230.3
AD001896,-2608.2,-114.5,1,visit_1,0.2,0.0
AD001899,3016.5,-2614.8,1,visit_1,0.795,0.0
AD001900,700.6,-2701.4,7,visits_agree,0.795,67.1
AD001901,-3663.2,-784.7,2,visits_agree,0.832,5.2
AD001914,868.1,983.7,2,visits_agree,0.2,1.9
AD001920,3583.6,624.9,3,visits_disagree,0.83,147.9
AD001922,-827.8,-3726.7,1,visit_1,0.2,0.0
AD001923,966.0,2935.6,3,visits_disagree,0.2,288.7
AD001927,1067.2,2404.0,5,visits_agree,0.2,12.6
AD001929,3091.4,236.2,1,visit_1,0.2,0.0
AD001933,3531.8,-2221.6,1,visit_1,0.85,0.0
AD001934,-3024.6,-693.6,2,visits_agree,0.2,4.9
AD001937,743.3,3086.7,8,visits_agree,0.2,26.6
AD001944,2488.4,-707.2,4,visits_agree,0.2,19.3
AD001945,-3008.2,711.5,4,visits_disagree,0.2,221.7
AD001952,958.5,2633.9,1,visit_1,0.2,0.0
AD001954,1114.6,-1883.1,8,visits_disagree,0.85,195.5
AD001960,2650.5,-2041.7,1,visit_1,0.2,0.0
AD001962,1395.2,-1976.3,4,visits_agree,0.2,15.3
AD001963,-311.7,-731.2,5,visits_disagree,0.2,138.9
AD001969,-1282.8,-3078.7,1,visit_1,0.2,0.0
AD001971,2814.3,-1269.6,3,visits_disagree,0.807,121.3
AD001972,698.6,-2849.0,6,visits_agree,0.2,83.4
AD001973,884.2,-405.3,7,visits_disagree,0.795,266.8
AD001976,3437.0,-1759.5,1,visit_1,0.2,0.0
AD001977,3714.2,480.5,2,visits_agree,0.2,8.7
AD001978,3061.4,-2539.0,2,visits_agree,0.3,20.8
AD001982,-2517.5,-485.5,4,visits_agree,0.3,20.0
AD001990,-2911.8,1541.5,1,visit_1,0.2,0.0
AD001991,352.2,-3253.1,5,visits_agree,0.819,54.0
AD001993,1210.4,-3329.8,1,visit_1,0.85,0.0
AD001995,1016.0,-691.2,2,visits_disagree,0.2,380.1
AD001996,1641.8,-1767.4,4,visits_disagree,0.795,256.3
AD002005,-102.4,3207.0,1,visit_1,0.2,0.0
AD002007,1176.2,-2114.2,5,visits_agree,0.2,72.0
AD002009,-1173.3,-749.3,2,visits_agree,0.2,45.9
AD002015,-1418.4,-2700.3,1,visit_1,0.2,0.0
AD002016,2768.2,-2327.0,3,visits_agree,0.83,7.8
AD002019,1144.7,-1961.5,1,visit_1,0.2,0.0
AD002021,3148.6,-2466.4,1,visit_1,0.2,0.0
AD002023,-2775.4,1750.1,5,visits_agree,0.2,36.8
AD002027,-379.4,-634.1,8,visits_agree,0.795,77.3
AD002029,2696.7,1476.3,2,visits_agree,0.2,20.9
AD002033,-2897.4,-529.4,1,visit_1,0.2,0.0
AD002034,2324.5,-1041.8,3,visits_disagree,0.832,141.6
AD002038,3038.9,-2449.2,3,visits_agree,0.85,3.5
AD002039,2780.6,-2484.4,1,visit_1,0.2,0.0
AD002043,2973.5,91.8,2,visits_agree,0.2,54.1
AD002044,3234.5,-2186.9,4,visits_agree,0.2,36.2
AD002045,-944.8,-686.1,5,visits_disagree,0.819,104.9
AD002046,-1012.0,-3546.4,2,visits_agree,0.2,31.3
AD002049,4015.9,82.8,1,visit_1,0.2,0.0
AD002051,-278.4,-3857.6,1,visit_1,0.2,0.0
AD002057,1020.1,2902.7,3,visits_disagree,0.85,343.1
AD002059,1220.6,-2024.6,6,visits_disagree,0.832,174.6
AD002060,760.4,-353.0,4,visits_agree,0.85,77.0
AD002061,784.6,-2989.1,7,visits_disagree,0.2,359.2
AD002062,904.3,-90.6,2,visits_agree,0.85,3.5
AD002064,227.1,-3244.1,2,visits_agree,0.2,4.8
AD002066,1418.9,-2283.6,3,visits_agree,0.2,2.8
AD002067,1012.6,-389.7,6,visits_disagree,0.2,339.5
AD002068,-2059.0,1513.4,5,visits_agree,0.2,22.4
AD002069,3835.3,530.0,4,visits_agree,0.2,76.9
AD002070,-278.3,-3847.5,1,visit_1,0.2,0.0
AD002074,1759.2,-1657.1,6,visits_agree,0.2,12.3
AD002081,914.7,-1261.8,1,visit_1,0.2,0.0
AD002083,-414.0,-3924.6,3,visits_agree,0.2,55.4
AD002089,1027.1,244.4,3,visits_agree,0.2,67.7
AD002090,1210.5,-3079.6,3,visits_disagree,0.85,441.8
AD002091,1770.5,-2196.9,3,visits_agree,0.2,55.8
AD002096,3583.0,622.7,7,visits_agree,0.85,12.2
AD002102,2954.4,-1811.8,5,visits_agree,0.2,14.8
AD002103,300.7,-2743.6,7,visits_disagree,0.2,139.4
AD002108,2269.6,-2415.7,2,visits_agree,0.2,51.6
AD002110,1998.4,-1381.6,2,visits_agree,0.2,9.5
AD002111,3078.2,-1255.0,2,visits_agree,0.2,3.0
AD002112,-362.4,3281.8,7,visits_disagree,0.2,255.5
AD002116,834.0,-3139.7,3,visits_agree,0.795,11.2
AD002118,1902.4,-2236.7,1,visit_1,0.2,0.0
AD002120,721.1,2768.6,1,visit_1,0.2,0.0
AD002123,1130.4,212.5,6,visits_disagree,0.807,340.1
AD002124,2369.6,-2293.4,2,visits_agree,0.819,19.8
AD002125,1234.4,-247.1,1,visit_1,0.85,0.0
AD002126,2238.4,-1539.3,3,visits_agree,0.85,6.9
AD002129,1020.8,-299.1,1,visit_1,0.795,0.0
AD002131,-1526.2,-2454.1,4,visits_agree,0.83,11.4
AD002134,3128.4,-1901.4,5,visits_agree,0.2,15.8
AD002136,1703.2,-2365.9,2,visits_disagree,0.2,210.5
AD002138,3874.5,591.6,4,visits_disagree,0.2,136.9
AD002139,-3788.8,-727.0,3,visits_disagree,0.2,5011.7
AD002140,947.8,-124.7,2,visits_agree,0.85,4.3
AD002141,-1788.7,-2733.6,1,visit_1,0.83,0.0
AD002142,-816.1,-3138.7,2,visits_agree,0.85,46.4
AD002143,-2613.9,1348.4,7,visits_agree,0.2,82.5
AD002150,4006.5,546.0,5,visits_agree,0.398,35.4
AD002151,1169.7,-3104.3,1,visit_1,0.85,0.0
AD002153,3444.7,-1750.8,5,visits_disagree,0.85,309.2
AD002154,755.8,-2683.7,8,visits_agree,0.85,63.7
AD002157,745.2,-767.7,5,visits_disagree,0.2,164.1
AD002161,2099.7,-777.9,1,visit_1,0.2,0.0
AD002164,-210.7,-3918.0,1,visit_1,0.2,0.0
AD002166,-978.0,3027.4,4,visits_agree,0.85,28.5
AD002171,432.8,-3472.2,4,visits_disagree,0.819,237.2
AD002176,772.0,2472.5,2,visits_agree,0.2,1.6
AD002178,2965.5,-2420.3,1,visit_1,0.2,0.0
AD002180,792.6,-2762.4,1,visit_1,0.2,0.0
AD002181,-2460.2,-0.5,4,visits_disagree,0.2,308.4
AD002184,-2068.5,-2466.1,1,visit_1,0.819,0.0
AD002188,-185.4,-3272.1,3,visits_disagree,0.2,220.1
AD002189,378.0,-3003.1,1,visit_1,0.83,0.0
AD002194,1720.8,-1749.8,5,visits_agree,0.85,48.1
AD002196,209.9,2274.6,2,visits_disagree,0.85,305.0
AD002197,888.9,-268.9,5,visits_agree,0.2,58.6
AD002206,1039.4,2919.2,4,visits_agree,0.2,24.5
AD002209,-63.2,-3841.6,2,visits_agree,0.85,13.6
AD002210,1646.9,-1603.8,5,visits_agree,0.795,9.5
AD002213,2843.6,624.5,3,visits_agree,0.2,94.3
AD002217,-872.7,-3090.2,6,visits_agree,0.83,32.9
AD002218,1032.5,2575.2,1,visit_1,0.2,0.0
AD002220,-718.2,2965.1,1,visit_1,0.2,0.0
AD002224,1643.9,-1857.5,1,visit_1,0.2,0.0
AD002225,-929.6,-626.3,2,visits_agree,0.2,10.3
AD002229,-2353.5,1311.1,2,visits_agree,0.832,10.4
AD002230,3395.3,-1818.7,7,visits_agree,0.85,55.4
AD002231,2630.5,1450.1,1,visit_1,0.85,0.0
AD002233,-2559.4,-528.6,6,visits_agree,0.2,72.0
AD002234,-388.5,-3434.6,6,visits_disagree,0.807,241.2
AD002237,1631.4,-2384.3,1,visit_1,0.2,0.0
AD002240,1147.2,-3038.0,1,visit_1,0.2,0.0
AD002244,1237.6,-1849.9,6,visits_disagree,0.2,102.6
AD002245,2774.2,-1915.2,2,visits_agree,0.398,18.4
AD002246,2449.9,-2337.2,7,visits_agree,0.2,36.3
AD002247,2667.2,-1768.6,2,visits_agree,0.795,3.1
AD002251,-4183.5,-1102.7,2,visits_agree,0.425,36.8
AD002252,-2911.4,-602.0,3,visits_agree,0.819,38.7
AD002253,-2319.5,-429.3,7,visits_agree,0.832,65.8
AD002254,-506.6,-324.2,4,visits_agree,0.2,85.4
AD002257,191.8,2753.6,1,visit_1,0.819,0.0
AD002260,1604.3,-1239.8,1,visit_1,0.819,0.0
AD002261,2678.3,243.8,5,visits_agree,0.83,16.6
AD002262,2612.9,-1668.2,7,visits_disagree,0.2,138.8
AD002263,1686.4,-2440.2,1,visit_1,0.2,0.0
AD002264,892.1,2386.0,3,visits_disagree,0.2,231.9
AD002265,356.0,-3098.1,1,visit_1,0.2,0.0
AD002270,607.5,-2939.5,5,visits_disagree,0.83,127.2
AD002277,1924.7,-2094.1,2,visits_agree,0.2,12.4
AD002281,-2604.7,1001.3,3,visits_agree,0.2,14.3
AD002284,679.6,-22.7,1,visit_1,0.2,0.0
AD002287,1656.5,-1998.2,2,visits_agree,0.2,59.1
AD002293,-786.4,-991.7,1,visit_1,0.2,0.0
AD002294,1166.9,-1877.6,2,visits_agree,0.2,9.8
AD002298,2956.0,-2053.0,1,visit_1,0.2,0.0
AD002299,941.2,2294.9,8,visits_agree,0.819,87.0
AD002302,1119.9,2528.2,1,visit_1,0.2,0.0
AD002305,2198.1,936.3,1,visit_1,0.2,0.0
AD002306,2792.7,-2003.4,3,visits_agree,0.2,7.2
AD002307,2479.7,-2359.1,4,visits_disagree,0.2,246.1
AD002308,2931.5,-2465.2,3,visits_disagree,0.85,230.0
AD002317,-2386.5,-2021.8,4,visits_agree,0.85,4.4
AD002321,3512.3,-1868.6,3,visits_disagree,0.2,222.8
AD002332,3121.3,-2076.5,6,visits_agree,0.398,61.3
AD002333,-2266.2,-521.5,5,visits_agree,0.85,14.0
AD002334,-2757.4,1697.9,1,visit_1,0.85,0.0
AD002336,3926.9,760.4,1,visit_1,0.2,0.0
AD002339,1096.1,2984.7,4,visits_agree,0.85,11.0
AD002341,-754.8,2718.5,6,visits_disagree,0.832,267.3
AD002352,-46.1,2664.5,1,visit_1,0.83,0.0
AD002353,-643.8,224.2,2,visits_agree,0.2,17.6
AD002357,1024.7,314.0,8,visits_agree,0.85,42.6
AD002359,1651.5,-1603.5,6,visits_disagree,0.807,215.5
AD002362,2521.8,-2128.1,7,visits_agree,0.2,28.4
AD002367,2107.0,762.7,6,visits_agree,0.83,50.7
AD002372,2890.7,-1617.2,1,visit_1,0.2,0.0
AD002378,-2839.6,995.5,1,visit_1,0.2,0.0
AD002380,3069.2,-2430.3,3,visits_agree,0.819,13.1
AD002387,-1646.6,-2357.3,1,visit_1,0.2,0.0
AD002393,363.2,-3069.7,2,visits_disagree,0.2,231.8
AD002398,669.1,-915.2,1,visit_1,0.83,0.0
AD002401,612.3,-3464.9,3,visits_agree,0.819,26.9
AD002402,-282.8,-3860.3,2,visits_agree,0.2,10.5
AD002403,2332.5,921.3,1,visit_1,0.2,0.0
AD002404,3066.9,-1958.7,7,visits_disagree,0.3,179.0
AD002411,1196.7,-1234.8,1,visit_1,0.2,0.0
AD002412,-2682.2,-108.5,6,visits_disagree,0.85,188.5
AD002413,2968.0,-1912.6,5,visits_agree,0.425,13.1
AD002414,2907.8,-1791.1,7,visits_agree,0.2,68.1
AD002415,-2689.6,-53.1,3,visits_agree,0.2,46.6
AD002416,-151.1,-3827.1,1,visit_1,0.2,0.0
AD002419,2769.9,-2321.9,3,visits_agree,0.2,21.7
AD002423,-2769.4,1380.4,1,visit_1,0.2,0.0
AD002424,-513.7,-3305.8,2,visits_agree,0.2,17.0
AD002431,2853.8,-1207.7,1,visit_1,0.2,0.0
AD002440,1114.2,-1819.0,3,visits_agree,0.83,23.9
AD002441,-465.0,-534.0,1,visit_1,0.2,0.0
AD002453,1373.7,-1855.5,1,visit_1,0.2,0.0
AD002457,2446.7,-1824.5,3,visits_disagree,0.85,4592.8
AD002458,1029.8,-3120.0,3,visits_disagree,0.2,1348.6
AD002459,1662.0,-2149.6,3,visits_agree,0.85,10.0
AD002461,2481.5,-2348.5,1,visit_1,0.819,0.0
AD002462,2463.1,-2441.7,1,visit_1,0.2,0.0
AD002466,1858.4,-2104.5,9,visits_disagree,0.85,126.7
AD002467,2972.7,-2040.1,1,visit_1,0.2,0.0
AD002468,-3071.2,1473.5,4,visits_disagree,0.85,155.0
AD002471,3421.4,-2357.5,3,visits_agree,0.819,22.5
AD002474,2801.5,837.3,1,visit_1,0.832,0.0
AD002479,2845.6,-2186.0,1,visit_1,0.2,0.0
AD002480,1658.7,-2070.5,1,visit_1,0.819,0.0
AD002483,797.0,-2787.3,4,visits_disagree,0.83,3955.2
AD002485,-2681.7,-136.4,3,visits_agree,0.2,7.5
AD002487,1170.8,2770.1,1,visit_1,0.2,0.0
AD002488,1002.2,-354.3,2,visits_agree,0.832,1.9
AD002489,-379.5,-385.0,3,visits_disagree,0.2,256.9
AD002490,-839.9,-1408.2,4,visits_agree,0.2,31.4
AD002492,-1041.1,-304.5,1,visit_1,0.795,0.0
AD002494,-721.6,-1133.3,4,visits_agree,0.2,57.0
AD002499,852.2,2777.1,5,visits_agree,0.832,80.3
AD002501,632.7,3037.8,1,visit_1,0.2,0.0
AD002502,923.1,-3421.1,1,visit_1,0.2,0.0
AD002504,-2284.9,1299.7,4,visits_agree,0.2,16.1
AD002505,2946.1,-2643.5,2,visits_agree,0.2,12.7
AD002506,868.1,-869.3,1,visit_1,0.2,0.0
AD002509,-2426.2,-620.5,7,visits_agree,0.819,56.2
AD002510,-2781.5,1580.8,1,visit_1,0.2,0.0
AD002513,-762.6,-387.1,2,visits_agree,0.832,35.1
AD002514,747.6,-3290.5,3,visits_disagree,0.2,121.3
AD002515,1805.0,-710.3,2,visits_agree,0.2,5.9
AD002519,-245.6,2878.9,1,visit_1,0.2,0.0
AD002520,622.9,-860.8,2,visits_agree,0.2,13.6
AD002521,1578.8,-2387.7,5,visits_agree,0.2,36.0
AD002522,-2323.0,-92.2,1,visit_1,0.819,0.0
AD002525,1084.4,3001.3,1,visit_1,0.2,0.0
AD002526,1401.7,-2117.6,2,visits_agree,0.2,2.5
AD002528,-3004.8,-622.0,1,visit_1,0.2,0.0
AD002530,2877.4,-2277.0,3,visits_agree,0.2,59.3
AD002531,1110.1,99.1,5,visits_disagree,0.807,253.7
AD002532,-2393.3,1634.0,2,visits_disagree,0.83,227.7
AD002535,2992.5,986.7,5,visits_agree,0.819,55.2
AD002537,2748.0,-2394.4,3,visits_disagree,0.85,149.9
AD002539,-2488.6,1258.9,1,visit_1,0.2,0.0
AD002540,2478.4,-1583.8,6,visits_disagree,0.83,127.1
AD002541,1284.7,155.3,7,visits_disagree,0.2,158.3
AD002544,662.7,-2761.4,4,visits_disagree,0.83,176.5
AD002545,-2557.1,1436.8,1,visit_1,0.819,0.0
AD002546,-2310.3,-425.1,2,visits_agree,0.83,3.8
AD002547,325.7,1309.9,1,visit_1,0.2,0.0
AD002548,731.2,-2922.2,1,visit_1,0.85,0.0
AD002550,2896.8,563.3,1,visit_1,0.2,0.0
AD002551,3448.2,531.6,3,visits_disagree,0.2,100.0
AD002552,-2215.6,1334.3,2,visits_agree,0.2,4.1
AD002555,2271.6,-1202.3,3,visits_agree,0.795,11.1
AD002558,2403.9,-2167.4,2,visits_disagree,0.83,187.5
AD002560,3212.9,712.1,1,visit_1,0.2,0.0
AD002562,1266.2,-1062.2,3,visits_disagree,0.2,150.5
AD002564,-463.2,2813.9,3,visits_disagree,0.85,322.5
AD002566,-2628.9,-96.3,8,visits_agree,0.2,79.1
AD002568,3143.8,328.0,2,visits_agree,0.2,36.8
AD002569,562.7,2959.4,1,visit_1,0.819,0.0
AD002571,-2132.8,-2396.2,1,visit_1,0.2,0.0
AD002574,1795.3,-2201.6,5,visits_agree,0.832,58.7
AD002576,1446.4,-2346.3,6,visits_agree,0.819,37.7
AD002579,-2003.6,-2588.5,3,visits_agree,0.2,5.8
AD002582,-2364.7,1690.3,1,visit_1,0.819,0.0
AD002583,3403.4,552.1,5,visits_agree,0.425,39.2
AD002588,650.8,-3295.9,1,visit_1,0.85,0.0
AD002593,2344.3,1228.2,2,visits_agree,0.2,4.4
AD002596,-789.3,2806.9,1,visit_1,0.85,0.0
AD002603,3724.9,116.9,3,visits_agree,0.2,32.0
AD002606,1217.2,-181.9,4,visits_disagree,0.795,391.2
AD002609,1011.0,-483.3,2,visits_agree,0.819,90.0
AD002613,727.8,-3428.2,1,visit_1,0.2,0.0
AD002614,665.2,-819.1,4,visits_agree,0.819,4.9
AD002617,-2497.4,1038.2,2,visits_disagree,0.83,349.1
AD002618,2906.2,-1243.7,1,visit_1,0.795,0.0
AD002621,825.9,-3138.9,7,visits_disagree,0.2,237.1
AD002623,2907.9,-1794.7,3,visits_agree,0.425,47.0
AD002624,527.5,-3473.8,5,visits_disagree,0.2,130.9
AD002626,3134.8,462.2,7,visits_agree,0.2,55.5
AD002632,715.5,-1198.5,2,visits_agree,0.83,15.4
AD002633,3177.8,730.1,5,visits_agree,0.2,7.3
AD002634,285.3,-3383.3,1,visit_1,0.2,0.0
AD002635,3246.3,-2177.9,6,visits_disagree,0.83,3492.8
AD002636,-2397.3,1687.6,1,visit_1,0.83,0.0
AD002637,-1092.5,-3245.4,3,visits_disagree,0.2,286.9
AD002641,-2819.7,847.0,3,visits_disagree,0.83,149.3
AD002645,2832.3,1019.1,2,visits_agree,0.2,6.7
AD002650,1751.2,-1671.5,3,visits_agree,0.2,68.6
AD002652,-998.8,-802.5,2,visits_agree,0.2,5.9
AD002654,3818.0,198.6,1,visit_1,0.2,0.0
AD002655,-2986.9,22.9,3,visits_agree,0.2,59.9
AD002656,-2309.7,2065.2,1,visit_1,0.795,0.0
AD002661,1759.4,-1738.4,9,visits_agree,0.807,47.3
AD002663,1582.3,-1942.8,4,visits_disagree,0.2,262.9
AD002664,1222.4,-2398.7,5,visits_disagree,0.2,138.5
AD002665,-141.3,1123.1,1,visit_1,0.2,0.0
AD002667,-1144.5,-628.9,2,visits_disagree,0.85,303.5
AD002669,684.3,2611.5,2,visits_agree,0.85,5.0
AD002670,3162.8,172.4,1,visit_1,0.2,0.0
AD002671,-223.6,1237.8,1,visit_1,0.819,0.0
AD002673,2609.7,-2319.6,7,visits_agree,0.2,59.8
AD002675,-665.5,3194.3,4,visits_agree,0.2,11.7
AD002676,3673.4,466.7,6,visits_agree,0.2,13.5
AD002681,2713.9,-1714.3,1,visit_1,0.2,0.0
AD002685,4160.3,484.2,2,visits_disagree,0.83,307.5
AD002687,80.2,2638.4,1,visit_1,0.2,0.0
AD002688,1659.2,-2307.9,2,visits_agree,0.2,22.6
AD002690,1582.0,-2083.1,3,visits_agree,0.2,10.3
AD002691,3176.1,-2094.6,6,visits_disagree,0.2,255.0
AD002696,-2554.6,1225.6,7,visits_disagree,0.85,557.8
AD002697,812.7,2152.5,1,visit_1,0.2,0.0
AD002701,808.6,2956.5,1,visit_1,0.2,0.0
AD002702,304.9,-3232.0,1,visit_1,0.2,0.0
AD002704,911.4,119.6,1,visit_1,0.2,0.0
AD002706,1212.1,201.9,1,visit_1,0.2,0.0
AD002707,2476.1,-2350.5,5,visits_agree,0.2,60.5
AD002708,-1177.9,-608.1,3,visits_agree,0.83,88.1
AD002709,2436.2,-2363.7,1,visit_1,0.2,0.0
AD002711,1196.3,-3168.2,5,visits_disagree,0.85,273.6
AD002712,-751.2,-3729.1,5,visits_agree,0.83,70.9
AD002720,-731.0,-3662.0,2,visits_agree,0.2,16.3
AD002722,-895.9,-3796.2,2,visits_disagree,0.2,168.1
AD002723,-1202.7,-2722.8,2,visits_disagree,0.819,254.0
AD002724,-1900.6,-3183.8,1,visit_1,0.2,0.0
AD002727,823.7,159.2,1,visit_1,0.2,0.0
AD002728,774.3,3008.7,5,visits_agree,0.2,65.7
AD002730,1286.5,688.5,1,visit_1,0.2,0.0
AD002731,852.9,1611.3,4,visits_agree,0.85,11.9
AD002735,3702.1,-33.7,3,visits_disagree,0.2,220.1
AD002737,3600.0,168.8,5,visits_agree,0.2,53.9
AD002741,743.8,-130.6,1,visit_1,0.2,0.0
AD002744,2131.3,831.8,2,visits_agree,0.2,29.0
AD002748,1159.0,-1876.5,6,visits_agree,0.819,30.4
AD002749,-1000.9,-804.8,1,visit_1,0.2,0.0
AD002750,606.7,2900.4,1,visit_1,0.795,0.0
AD002751,3107.9,460.5,6,visits_disagree,0.832,237.6
AD002755,-3815.9,-1048.1,1,visit_1,0.83,0.0
AD002756,-2549.1,1414.7,3,visits_agree,0.2,51.1
AD002757,2394.5,-2148.5,5,visits_agree,0.3,26.8
AD002762,-1259.3,67.6,1,visit_1,0.83,0.0
AD002763,1799.6,-2199.7,3,visits_agree,0.2,5.2
AD002764,739.8,-3457.8,2,visits_disagree,0.2,294.6
AD002765,895.5,-469.7,1,visit_1,0.2,0.0
AD002766,2782.0,-1914.5,2,visits_agree,0.398,8.3
AD002771,2392.1,-2224.9,5,visits_disagree,0.85,232.1
AD002772,2531.6,-918.7,5,visits_agree,0.83,15.3
AD002778,-542.4,2993.3,1,visit_1,0.2,0.0
AD002788,578.8,2597.4,1,visit_1,0.819,0.0
AD002791,2960.1,-2046.7,1,visit_1,0.2,0.0
AD002792,-1053.9,932.7,1,visit_1,0.2,0.0
AD002793,-836.7,-126.2,1,visit_1,0.819,0.0
AD002794,1610.0,-2315.5,7,visits_agree,0.819,67.6
AD002796,843.2,3110.5,2,visits_agree,0.2,92.8
AD002798,1353.4,2759.7,2,visits_agree,0.2,7.1
AD002799,3472.9,-28.0,4,visits_agree,0.2,22.6
AD002801,-751.8,-1700.8,2,visits_agree,0.85,7.0
AD002802,690.4,-2777.7,4,visits_agree,0.819,51.4
AD002806,2848.2,-1769.1,3,visits_agree,0.425,53.5
AD002807,1594.5,-1005.6,1,visit_1,0.2,0.0
AD002808,2797.3,-2267.7,5,visits_disagree,0.83,349.5
AD002809,2177.2,-922.9,2,visits_agree,0.2,0.4
AD002811,-754.5,2722.1,1,visit_1,0.2,0.0
AD002812,-1040.4,-1003.3,4,visits_agree,0.2,7.1
AD002813,-1067.8,173.3,1,visit_1,0.83,0.0
AD002814,-881.0,-3546.5,5,visits_agree,0.3,80.3
AD002818,689.1,2363.1,1,visit_1,0.2,0.0
AD002819,1330.2,-911.7,5,visits_disagree,0.819,3021.0
AD002820,1882.3,-1869.5,4,visits_agree,0.2,16.3
AD002821,1311.1,-2228.4,8,visits_disagree,0.2,485.0
AD002825,708.4,-3098.0,2,visits_agree,0.83,56.8
AD002828,-2987.9,726.1,1,visit_1,0.85,0.0
AD002829,-2377.0,-121.6,1,visit_1,0.85,0.0
AD002832,2693.1,-1016.8,3,visits_agree,0.819,17.7
AD002833,-191.9,1344.9,1,visit_1,0.2,0.0
AD002841,2381.2,-617.5,2,visits_agree,0.398,4.5
AD002842,-864.0,-2.0,1,visit_1,0.2,0.0
AD002848,971.1,-774.9,4,visits_disagree,0.3,182.2
AD002849,1677.7,-2379.9,5,visits_disagree,0.85,104.8
AD002852,-286.4,2831.5,1,visit_1,0.85,0.0
AD002858,1162.8,-2869.7,9,visits_agree,0.2,19.0
AD002861,128.2,2571.4,1,visit_1,0.2,0.0
AD002862,3382.4,-1869.9,1,visit_1,0.2,0.0
AD002864,-697.9,-3257.0,1,visit_1,0.2,0.0
AD002865,-3035.9,-246.8,1,visit_1,0.2,0.0
AD002866,4012.4,652.7,1,visit_1,0.403,0.0
AD002867,-2340.7,1723.6,5,visits_agree,0.3,21.9
AD002870,1498.2,-2260.0,7,visits_agree,0.85,8.2
AD002872,3288.8,290.9,4,visits_disagree,0.425,141.6
AD002875,1374.0,256.2,3,visits_disagree,0.2,131.5
AD002877,-630.2,-485.3,1,visit_1,0.2,0.0
AD002878,2465.6,-710.3,3,visits_agree,0.85,2.9
AD002880,-452.0,2927.4,4,visits_agree,0.85,47.3
AD002882,1201.6,-328.1,6,visits_agree,0.795,51.1
AD002884,-379.8,-3305.2,1,visit_1,0.2,0.0
AD002889,4090.5,104.5,5,visits_disagree,0.2,121.1
AD002890,-2362.1,1239.0,1,visit_1,0.2,0.0
AD002891,511.5,-978.0,2,visits_agree,0.2,43.4
AD002896,1061.1,-451.9,4,visits_agree,0.2,28.7
AD002901,910.2,-1234.0,2,visits_disagree,0.83,121.2
AD002903,-2246.4,1649.8,6,visits_agree,0.2,22.2
AD002906,-341.5,-653.2,1,visit_1,0.2,0.0
AD002911,2904.4,-2208.0,8,visits_disagree,0.85,256.2
AD002912,2340.3,423.9,2,visits_disagree,0.832,284.8
AD002913,-491.4,1504.2,1,visit_1,0.2,0.0
AD002914,-590.4,-1779.8,1,visit_1,0.2,0.0
AD002916,-345.6,-3806.0,2,visits_agree,0.85,3.5
AD002920,2742.7,-2555.4,2,visits_agree,0.2,4.6
AD002922,779.9,-2691.0,3,visits_disagree,0.85,386.7
AD002925,2584.0,-1986.4,5,visits_agree,0.85,80.6
AD002928,1166.8,-3175.7,7,visits_agree,0.85,39.3
AD002932,-625.4,-3460.1,4,visits_disagree,0.85,225.7
AD002933,913.8,-717.6,5,visits_agree,0.85,21.0
AD002936,1127.5,2974.6,6,visits_agree,0.795,57.8
AD002938,2129.0,991.8,3,visits_agree,0.2,6.5
AD002943,-2344.3,-89.0,1,visit_1,0.85,0.0
AD002953,2412.2,-1777.4,2,visits_disagree,0.2,177.5
AD002956,-3034.2,-201.5,2,visits_agree,0.2,76.5
AD002959,-2450.1,-530.8,5,visits_disagree,0.2,107.7
AD002962,976.6,3136.1,6,visits_agree,0.832,25.3
AD002964,-2713.8,1918.1,2,visits_agree,0.2,2.4
AD002966,418.0,2576.3,5,visits_agree,0.2,33.5
AD002967,-1246.7,-3.8,3,visits_agree,0.85,5.1
AD002968,3929.9,720.8,2,visits_agree,0.2,11.2
AD002973,1156.6,-2177.6,5,visits_disagree,0.83,288.6
AD002976,1385.4,-1659.8,1,visit_1,0.819,0.0
AD002977,-2666.3,-491.8,6,visits_agree,0.2,30.4
AD002979,1354.2,172.4,2,visits_agree,0.85,11.4
AD002981,3925.0,539.3,2,visits_agree,0.2,8.1
AD002982,3065.0,-2330.8,3,visits_agree,0.83,7.5
AD002983,-2822.2,850.7,4,visits_disagree,0.2,323.0
AD002986,3789.2,102.4,1,visit_1,0.819,0.0
AD002987,730.4,-3301.6,1,visit_1,0.83,0.0
AD002988,3028.2,-2030.2,2,visits_disagree,0.85,389.0
AD002989,-2628.9,1730.9,1,visit_1,0.2,0.0
AD002990,-963.6,-311.3,1,visit_1,0.832,0.0
AD002991,2537.5,-2211.9,2,visits_agree,0.2,21.4
AD002993,293.9,-2746.9,2,visits_agree,0.819,42.5
AD002995,976.4,233.6,1,visit_1,0.3,0.0
AD002996,-750.8,-1527.6,4,visits_agree,0.85,36.1
AD002997,2885.2,-2015.9,2,visits_agree,0.398,4.0
AD003002,1728.0,-1906.3,1,visit_1,0.2,0.0
AD003004,2984.7,-2513.8,6,visits_disagree,0.795,5442.9
AD003005,-2079.8,-2216.3,1,visit_1,0.2,0.0
AD003007,884.0,2753.0,1,visit_1,0.2,0.0
AD003008,1397.8,-82.2,1,visit_1,0.795,0.0
AD003010,-1113.4,-3087.4,4,visits_agree,0.85,84.5
AD003011,1737.7,-649.3,2,visits_agree,0.85,16.8
AD003012,-652.7,-3836.1,3,visits_agree,0.2,13.1
AD003013,1526.2,-2485.0,6,visits_disagree,0.2,265.6
AD003014,3211.2,640.9,2,visits_disagree,0.2,201.8
AD003015,971.9,2458.4,7,visits_agree,0.2,53.5
AD003016,2452.2,629.0,5,visits_disagree,0.85,288.2
AD003019,668.6,2784.3,4,visits_agree,0.819,57.0
AD003026,2906.2,-2465.7,5,visits_agree,0.2,68.5
AD003027,2081.2,1144.7,2,visits_agree,0.85,71.4
AD003030,2856.1,-1946.7,1,visit_1,0.2,0.0
AD003035,2331.0,1450.7,2,visits_agree,0.83,4.4
AD003038,3316.0,761.7,1,visit_1,0.819,0.0
AD003041,735.8,-220.2,4,visits_agree,0.85,48.0
AD003044,1215.1,-2557.3,7,visits_disagree,0.2,232.7
AD003045,2945.4,-1265.5,5,visits_agree,0.85,6.6
AD003050,794.1,2623.1,6,visits_agree,0.83,35.9
AD003053,3256.0,-2207.1,1,visit_1,0.2,0.0
AD003055,3890.6,687.3,2,visits_agree,0.3,42.7
AD003060,855.0,2780.8,9,visits_agree,0.819,71.8
AD003065,697.7,2861.6,5,visits_agree,0.2,65.7
AD003066,2375.2,-1178.1,3,visits_agree,0.832,65.7
AD003067,1402.7,-1818.7,7,visits_agree,0.819,45.7
AD003072,-804.9,-831.0,1,visit_1,0.2,0.0
AD003074,1498.3,-2117.0,4,visits_agree,0.819,18.9
AD003077,2933.1,-1523.8,7,visits_disagree,0.2,286.1
AD003083,-1380.1,-2720.5,3,visits_agree,0.819,17.3
AD003085,3335.1,-2077.1,4,visits_agree,0.2,34.0
AD003086,703.2,-867.4,1,visit_1,0.2,0.0
AD003087,2670.5,-1356.2,4,visits_agree,0.2,16.0
AD003090,960.4,-2976.6,2,visits_agree,0.85,2.4
AD003094,899.9,-169.9,2,visits_disagree,0.83,279.8
AD003098,760.9,3083.5,4,visits_disagree,0.832,5252.5
AD003099,2689.7,-2191.4,3,visits_disagree,0.83,114.1
AD003100,1014.9,243.1,2,visits_agree,0.2,6.6
AD003102,1004.9,-3064.4,3,visits_disagree,0.85,115.8
AD003105,-117.3,3050.8,2,visits_disagree,0.85,138.7
AD003106,1370.9,220.7,2,visits_agree,0.2,50.7
