week,cutoff,n_visits,median_m,p90_m,coverage_90,n_visit_pins,DIRECT_VISIT,VISIT_WITH_HINT,VERIFY_FIRST,CANNOT_GEOCODE
0,2026-04-01,0,207,589,0.83,0,0,1801,1079,237
1,2026-04-08,436,167,551,0.85,290,292,1905,683,237
2,2026-04-15,868,143,551,0.86,475,469,1858,553,237
3,2026-04-22,1313,119,514,0.84,634,611,1759,510,237
4,2026-04-29,1757,118,514,0.85,748,712,1708,460,237
5,2026-05-06,2185,105,437,0.86,822,783,1663,434,237
6,2026-05-13,2629,105,437,0.85,911,868,1602,410,237
7,2026-05-20,3065,103,437,0.86,978,940,1549,391,237
8,2026-05-27,3508,95,425,0.86,1034,998,1504,378,237
9,2026-06-03,3944,79,396,0.87,1083,1046,1464,370,237
10,2026-06-10,4365,74,387,0.87,1131,1095,1424,361,237
11,2026-06-17,4792,75,387,0.87,1174,1130,1409,341,237
12,2026-06-24,5212,70,365,0.89,1215,1173,1379,328,237
13,2026-06-30,5578,68,353,0.89,1255,1211,1352,317,237
